static const uint16_t logo[] PROGMEM  = {
  0x0000, 0x0000, 0x0000, 0x0000, 0x0000, 0x0000, 0x0000, 0x0000,
  0x0000, 0x0000, 0x0000, 0x0000, 0x0000, 0x0000, 0x0000, 0x0000,
  0x0000, 0x0000, 0x0000, 0x0000, 0x0000, 0x0000, 0x0000, 0x0000,
  0x0000, 0x0000, 0x0000, 0x0000, 0x0000, 0x0000, 0x0000, 0x0000,
  0x0000, 0x0000, 0x0000, 0x0000, 0x0000, 0x0000, 0x0000, 0x0000,
  0x0000, 0x0000, 0x0000, 0x0000, 0x0000, 0x0000, 0x0000, 0x0000,
  0x0000, 0x0000, 0x0000, 0x0000, 0x0000, 0x0000, 0x0000, 0x0000,
  0x0000, 0x0000, 0x0000, 0x0000, 0x0000, 0x0000, 0x0000, 0x0000,
  0x0000, 0x0000, 0x0000, 0x0000, 0x0000, 0x0000, 0x0000, 0x0000,
  0x0000, 0x0000, 0x0000, 0x0000, 0x0000, 0x0000, 0x0000, 0x0000,
  0x0000, 0x0000, 0x0000, 0x0000, 0x0000, 0x0000, 0x0000, 0x0000,
  0x0000, 0x0000, 0x0000, 0x0000, 0x0000, 0x0000, 0x0000, 0x0000,
  0x0000, 0x0000, 0x0000, 0x0000, 0x0000, 0x0000, 0x0000, 0x0000,
  0x0000, 0x0000, 0x0000, 0x0000, 0x0000, 0x0000, 0x0000, 0x0000,
  0x0000, 0x0000, 0x0000, 0x0000, 0x0000, 0x0000, 0x0000, 0x0000,
  0x0000, 0x0000, 0x0000, 0x0000, 0x0000, 0x0000, 0x0000, 0x0000,
  0x0000, 0x0000, 0x0000, 0x0000, 0x0000, 0x0000, 0x0000, 0x0000,
  0x0000, 0x0000, 0x0000, 0x0000, 0x0000, 0x0000, 0x0000, 0x0000,
  0x0000, 0x0000, 0x0000, 0x0000, 0x0000, 0x0000, 0x0000, 0x0000,
  0x0000, 0x0000, 0x0000, 0x0000, 0x0000, 0x0000, 0x0000, 0x0000,
  0x0000, 0x0000, 0x0000, 0x0000, 0x0000, 0x0000, 0x0000, 0x0000,
  0x0000, 0x0000, 0x0000, 0x0000, 0x0000, 0x0000, 0x0000, 0x0000,
  0x0000, 0x0000, 0x0000, 0x0000, 0x0000, 0x0000, 0x0000, 0x0000,
  0x0000, 0x0000, 0x0000, 0x0000, 0x0000, 0x0000, 0x0000, 0x0000,
  0x0000, 0x0000, 0x0000, 0x0000, 0x0000, 0x0000, 0x0000, 0x0000,
  0x0000, 0x0000, 0x0000, 0x0000, 0x0000, 0x0000, 0x0000, 0x0000,
  0x0000, 0x0000, 0x0000, 0x0000, 0x0000, 0x0000, 0x0000, 0x0000,
  0x0000, 0x0000, 0x0000, 0x0000, 0x0000, 0x0000, 0x0000, 0x0000,
  0x0000, 0x0000, 0x0000, 0x0000, 0x0000, 0x0000, 0x0000, 0x0000,
  0x0000, 0x0000, 0x0000, 0x0000, 0x0000, 0x0000, 0x0000, 0x0000,
  0x0000, 0x0000, 0x0000, 0x0000, 0x0000, 0x0000, 0x0000, 0x0000,
  0x0000, 0x0000, 0x0000, 0x0000, 0x0000, 0x0000, 0x0000, 0x0000,
  0x0000, 0x0000, 0x0000, 0x0000, 0x0000, 0x0000, 0x0000, 0x0000,
  0x0000, 0x0000, 0x0000, 0x0000, 0x0000, 0x0000, 0x0000, 0x0000,
  0x0000, 0x0000, 0x0000, 0x0000, 0x0000, 0x0000, 0x0000, 0x0000,
  0x0000, 0x0000, 0x0000, 0x0000, 0x0000, 0x0000, 0x0000, 0x0000,
  0x0000, 0x0000, 0x0000, 0x0000, 0x0000, 0x0000, 0x0000, 0x0000,
  0x0000, 0x0000, 0x0000, 0x0000, 0x0000, 0x0000, 0x0000, 0x0000,
  0x0000, 0x0000, 0x0000, 0x0000, 0x0000, 0x0000, 0x0000, 0x0000,
  0x0000, 0x0000, 0x0000, 0x0000, 0x0000, 0x0000, 0x0000, 0x0000,
  0x0000, 0x0000, 0x0000, 0x0000, 0x0000, 0x0000, 0x0000, 0x0000,
  0x0000, 0x0000, 0x0000, 0x0000, 0x0000, 0x0000, 0x0000, 0x0000,
  0x0000, 0x0000, 0x0000, 0x0000, 0x0000, 0x0000, 0x0000, 0x0000,
  0x0000, 0x0000, 0x0000, 0x0000, 0x0000, 0x0000, 0x0000, 0x0000,
  0x0000, 0x0000, 0x0000, 0x0000, 0x0000, 0x0000, 0x0000, 0x0000,
  0x0000, 0x0000, 0x0000, 0x0000, 0x0000, 0x0000, 0x0000, 0x0000,
  0x0000, 0x0000, 0x0000, 0x0000, 0x0000, 0x0000, 0x0000, 0x0000,
  0x0000, 0x0000, 0x0000, 0x0000, 0x0000, 0x0000, 0x0000, 0x0000,
  0x0000, 0x0000, 0x0000, 0x0000, 0x0000, 0x0000, 0x0000, 0x0000,
  0x0000, 0x0000, 0x0000, 0x0000, 0x0000, 0x0000, 0x0000, 0x0000,
  0x0000, 0x0000, 0x0000, 0x0000, 0x0000, 0x0000, 0x0000, 0x0000,
  0x0000, 0x0000, 0x0000, 0x0000, 0x0000, 0x0000, 0x0000, 0x0000,
  0x0000, 0x0000, 0x0000, 0x0000, 0x0000, 0x0000, 0x0000, 0x0000,
  0x0000, 0x0000, 0x0000, 0x0000, 0x0000, 0x0000, 0x0000, 0x0000,
  0x0000, 0x0000, 0x0000, 0x0000, 0x0000, 0x0000, 0x0000, 0x0000,
  0x0000, 0x0000, 0x0000, 0x0000, 0x0000, 0x0000, 0x0000, 0x0000,
  0x0000, 0x0000, 0x0000, 0x0000, 0x0000, 0x0000, 0x0000, 0x0000,
  0x0000, 0x0000, 0x0000, 0x0000, 0x0000, 0x0000, 0x0000, 0x0000,
  0x0000, 0x0000, 0x0000, 0x0000, 0x0000, 0x0000, 0x0000, 0x0000,
  0x0000, 0x0000, 0x0000, 0x0000, 0x0000, 0x0000, 0x0000, 0x0000,
  0x0000, 0x0000, 0x0000, 0x0000, 0x0000, 0x0000, 0x0000, 0x0000,
  0x0000, 0x0000, 0x0000, 0x0000, 0x0000, 0x0000, 0x0000, 0x0000,
  0x0000, 0x0000, 0x0000, 0x0000, 0x0000, 0x0000, 0x0000, 0x0000,
  0x0000, 0x0000, 0x0000, 0x0000, 0x0000, 0x0000, 0x0000, 0x0000,
  0x0000, 0x0000, 0x0000, 0x0000, 0x0000, 0x0000, 0x0000, 0x0000,
  0x0000, 0x0000, 0x0000, 0x0000, 0x0000, 0x0000, 0x0000, 0x0000,
  0x0000, 0x0000, 0x0000, 0x0000, 0x0000, 0x0000, 0x0000, 0x0000,
  0x0000, 0x0000, 0x0000, 0x0000, 0x0000, 0x0000, 0x0000, 0x0000,
  0x0000, 0x0000, 0x0000, 0x0000, 0x0000, 0x0000, 0x0000, 0x0000,
  0x0000, 0x0000, 0x0000, 0x0000, 0x0000, 0x0000, 0x0000, 0x0000,
  0x0000, 0x0000, 0x0000, 0x0000, 0x0000, 0x0000, 0x0000, 0x0000,
  0x0000, 0x0000, 0x0000, 0x0000, 0x0000, 0x0000, 0x0000, 0x0000,
  0x0000, 0x0000, 0x0000, 0x0000, 0x0000, 0x0000, 0x0000, 0x0000,
  0x0000, 0x0000, 0x0000, 0x0000, 0x0000, 0x0000, 0x0000, 0x0000,
  0x0000, 0x0000, 0x0000, 0x0000, 0x0000, 0x0000, 0x0000, 0x0000,
  0x0000, 0x0000, 0x0000, 0x0000, 0x0000, 0x0000, 0x0000, 0x0000,
  0x0000, 0x0000, 0x0000, 0x0000, 0x0000, 0x0000, 0x0000, 0x0000,
  0x0000, 0x0000, 0x0000, 0x0000, 0x0000, 0x0000, 0x0000, 0x0000,
  0x0000, 0x0000, 0x0000, 0x0000, 0x0000, 0x0000, 0x0000, 0x0000,
  0x0000, 0x0000, 0x0000, 0x0000, 0x0000, 0x0000, 0x0000, 0x0000,
  0x0000, 0x0000, 0x0000, 0x0000, 0x0000, 0x0000, 0x0000, 0x0000,
  0x0000, 0x0000, 0x0000, 0x0000, 0x0000, 0x0000, 0x0000, 0x0000,
  0x0000, 0x0000, 0x0000, 0x0000, 0x0000, 0x0000, 0x0000, 0x0000,
  0x0000, 0x0000, 0x0000, 0x0000, 0x0000, 0x0000, 0x0000, 0x0000,
  0x0000, 0x0000, 0x0000, 0x0000, 0x0000, 0x0000, 0x0000, 0x0000,
  0x0000, 0x0000, 0x0000, 0x0000, 0x0000, 0x0000, 0x0000, 0x0000,
  0x0000, 0x0000, 0x0000, 0x0000, 0x0000, 0x0000, 0x0000, 0x0000,
  0x0000, 0x0000, 0x0000, 0x0000, 0x0000, 0x0000, 0x0000, 0x0000,
  0x0000, 0x0000, 0x0000, 0x0000, 0x0000, 0x0000, 0x0000, 0x0000,
  0x0000, 0x0000, 0x0000, 0x0000, 0x0000, 0x0000, 0x0000, 0x0000,
  0x0000, 0x0000, 0x0000, 0x0000, 0x0000, 0x0000, 0x0000, 0x0000,
  0x0000, 0x0000, 0x0000, 0x0000, 0x0000, 0x0000, 0x0000, 0x0000,
  0x0000, 0x0000, 0x0000, 0x0000, 0x0000, 0x0000, 0x0000, 0x0000,
  0x0000, 0x0000, 0x0000, 0x0000, 0x0000, 0x0000, 0x0000, 0x0000,
  0x0000, 0x0000, 0x0000, 0x0000, 0x0000, 0x0000, 0x0000, 0x0000,
  0x0000, 0x0000, 0x0000, 0x0000, 0x0000, 0x0000, 0x0000, 0x0000,
  0x0000, 0x0000, 0x0000, 0x0000, 0x0000, 0x0000, 0x0000, 0x0000,
  0x0000, 0x0000, 0x0000, 0x0000, 0x0000, 0x0000, 0x0000, 0x0000,
  0x0000, 0x0000, 0x0000, 0x0000, 0x0000, 0x0000, 0x0000, 0x0000,
  0x0000, 0x0000, 0x0000, 0x0000, 0x0000, 0x0000, 0x0000, 0x0000,
  0x0000, 0x0000, 0x0000, 0x0000, 0x0000, 0x0000, 0x0000, 0x0000,
  0x0000, 0x0000, 0x0000, 0x0000, 0x0000, 0x0000, 0x0000, 0x0000,
  0x0000, 0x0000, 0x0000, 0x0000, 0x0000, 0x0000, 0x0000, 0x0000,
  0x0000, 0x0000, 0x0000, 0x0000, 0x0000, 0x0000, 0x0000, 0x0000,
  0x0000, 0x0000, 0x0000, 0x0000, 0x0000, 0x0000, 0x0000, 0x0000,
  0x0000, 0x0000, 0x0000, 0x0000, 0x0000, 0x0000, 0x0000, 0x0000,
  0x0000, 0x0000, 0x0000, 0x0000, 0x0000, 0x0000, 0x0000, 0x0000,
  0x0000, 0x0000, 0x0000, 0x0000, 0x0000, 0x0000, 0x0000, 0x0000,
  0x0000, 0x0000, 0x0000, 0x0000, 0x0000, 0x0000, 0x0000, 0x0000,
  0x0000, 0x0000, 0x0000, 0x0000, 0x0000, 0x0000, 0x0000, 0x0000,
  0x0000, 0x0000, 0x0000, 0x0000, 0x0000, 0x0000, 0x0000, 0x0000,
  0x0000, 0x0000, 0x0000, 0x0000, 0x0000, 0x0000, 0x0000, 0x0000,
  0x0000, 0x0000, 0x0000, 0x0000, 0x0000, 0x0000, 0x0000, 0x0000,
  0x0000, 0x0000, 0x0000, 0x0000, 0x0000, 0x0000, 0x0000, 0x0000,
  0x0000, 0x0000, 0x0000, 0x0000, 0x0000, 0x0000, 0x0000, 0x0000,
  0x0000, 0x0000, 0x0000, 0x0000, 0x0000, 0x0000, 0x0000, 0x0000,
  0x0000, 0x0000, 0x0000, 0x0000, 0x0000, 0x0000, 0x0000, 0x0000,
  0x0000, 0x0000, 0x0000, 0x0000, 0x0000, 0x0000, 0x0000, 0x0000,
  0x0000, 0x0000, 0x0000, 0x0000, 0x0000, 0x0000, 0x0000, 0x0000,
  0x0000, 0x0000, 0x0000, 0x0000, 0x0000, 0x0000, 0x0000, 0x0000,
  0x0000, 0x0000, 0x0000, 0x0000, 0x0000, 0x0000, 0x0000, 0x0000,
  0x0000, 0x0000, 0x0000, 0x0000, 0x0000, 0x0000, 0x0000, 0x0000,
  0x0000, 0x0000, 0x0000, 0x0000, 0x0000, 0x0000, 0x0000, 0x0000,
  0x0000, 0x0000, 0x0000, 0x0000, 0x0000, 0x0000, 0x0000, 0x0000,
  0x0000, 0x0000, 0x0000, 0x0000, 0x0000, 0x0000, 0x0000, 0x0000,
  0x0000, 0x0000, 0x0000, 0x0000, 0x0000, 0x0000, 0x0000, 0x0000,
  0x0000, 0x0000, 0x0000, 0x0000, 0x0000, 0x0000, 0x0000, 0x0000,
  0x0000, 0x0000, 0x0000, 0x0000, 0x0000, 0x0000, 0x0000, 0x0000,
  0x0000, 0x0000, 0x0000, 0x0000, 0x0000, 0x0000, 0x0000, 0x0000,
  0x0000, 0x0000, 0x0000, 0x0000, 0x0000, 0x0000, 0x0000, 0x0000,
  0x0000, 0x0000, 0x0000, 0x0000, 0x0000, 0x0000, 0x0000, 0x0000,
  0x0000, 0x0000, 0x0000, 0x0000, 0x0000, 0x0000, 0x0000, 0x0000,
  0x0000, 0x0000, 0x0000, 0x0000, 0x0000, 0x0000, 0x0000, 0x0000,
  0x0000, 0x0000, 0x0000, 0x0000, 0x0000, 0x0000, 0x0000, 0x0000,
  0x0000, 0x0000, 0x0000, 0x0000, 0x0000, 0x0000, 0x0000, 0x0000,
  0x0000, 0x0000, 0x0000, 0x0000, 0x0000, 0x0000, 0x0000, 0x0000,
  0x0000, 0x0000, 0x0000, 0x0000, 0x0000, 0x0000, 0x0000, 0x0000,
  0x0000, 0x0000, 0x0000, 0x0000, 0x0000, 0x0000, 0x0000, 0x0000,
  0x0000, 0x0000, 0x0000, 0x0000, 0x0000, 0x0000, 0x0000, 0x0000,
  0x0000, 0x0000, 0x0000, 0x0000, 0x0000, 0x0000, 0x0000, 0x0000,
  0x0000, 0x0000, 0x0000, 0x0000, 0x0000, 0x0000, 0x0000, 0x0000,
  0x0000, 0x0000, 0x0000, 0x0000, 0x0000, 0x0000, 0x0000, 0x0000,
  0x0000, 0x0000, 0x0000, 0x0000, 0x0000, 0x0000, 0x0000, 0x0000,
  0x0000, 0x0000, 0x0000, 0x0000, 0x0000, 0x0000, 0x0000, 0x0000,
  0x0000, 0x0000, 0x0000, 0x0000, 0x0000, 0x0000, 0x0000, 0x0000,
  0x0000, 0x0000, 0x0000, 0x0000, 0x0000, 0x0000, 0x0000, 0x0000,
  0x0000, 0x0000, 0x0000, 0x0000, 0x0000, 0x0000, 0x0000, 0x0000,
  0x0000, 0x0000, 0x0000, 0x0000, 0x0000, 0x0000, 0x0000, 0x0000,
  0x0000, 0x0000, 0x0000, 0x0000, 0x0000, 0x0000, 0x0000, 0x0000,
  0x0000, 0x0000, 0x0000, 0x0000, 0x0000, 0x0000, 0x0000, 0x0000,
  0x0000, 0x0000, 0x0000, 0x0000, 0x0000, 0x0000, 0x0000, 0x0000,
  0x0000, 0x0000, 0x0000, 0x0000, 0x0000, 0x0000, 0x0000, 0x0000,
  0x0000, 0x0000, 0x0000, 0x0000, 0x0000, 0x0000, 0x0000, 0x0000,
  0x0000, 0x0000, 0x0000, 0x0000, 0x0000, 0x0000, 0x0000, 0x0000,
  0x0000, 0x0000, 0x0000, 0x0000, 0x0000, 0x0000, 0x0000, 0x0000,
  0x0000, 0x0000, 0x0000, 0x0000, 0x0000, 0x0000, 0x0000, 0x0000,
  0x0000, 0x0000, 0x0000, 0x0000, 0x0000, 0x0000, 0x0000, 0x0000,
  0x0000, 0x0000, 0x0000, 0x0000, 0x0000, 0x0000, 0x0000, 0x0000,
  0x0000, 0x0000, 0x0000, 0x0000, 0x0000, 0x0000, 0x0000, 0x0000,
  0x0000, 0x0000, 0x0000, 0x0000, 0x0000, 0x0000, 0x0000, 0x0000,
  0x0000, 0x0000, 0x0000, 0x0000, 0x0000, 0x0000, 0x0000, 0x0000,
  0x0000, 0x0000, 0x0000, 0x0000, 0x0000, 0x0000, 0x0000, 0x0000,
  0x0000, 0x0000, 0x0000, 0x0000, 0x0000, 0x0000, 0x0000, 0x0000,
  0x0000, 0x0000, 0x0000, 0x0000, 0x0000, 0x0000, 0x0000, 0x0000,
  0x0000, 0x0000, 0x0000, 0x0000, 0x0000, 0x0000, 0x0000, 0x0000,
  0x0000, 0x0000, 0x0000, 0x0000, 0x0000, 0x0000, 0x0000, 0x0000,
  0x0000, 0x0000, 0x0000, 0x0000, 0x0000, 0x0000, 0x0000, 0x0000,
  0x0000, 0x0000, 0x0000, 0x0000, 0x0000, 0x0000, 0x0000, 0x0000,
  0x0000, 0x0000, 0x0000, 0x0000, 0x0000, 0x0000, 0x0000, 0x0000,
  0x0000, 0x0000, 0x0000, 0x0000, 0x0000, 0x0000, 0x0000, 0x0000,
  0x0000, 0x0000, 0x0000, 0x0000, 0x0000, 0x0000, 0x0000, 0x0000,
  0x0000, 0x0000, 0x0000, 0x0000, 0x0000, 0x0000, 0x0000, 0x0000,
  0x0000, 0x0000, 0x0000, 0x0000, 0x0000, 0x0000, 0x0000, 0x0000,
  0x0000, 0x0000, 0x0000, 0x0000, 0x0000, 0x0000, 0x0000, 0x0000,
  0x0000, 0x0000, 0x0000, 0x0000, 0x0000, 0x0000, 0x0000, 0x0000,
  0x0000, 0x0000, 0x0000, 0x0000, 0x0000, 0x0000, 0x0000, 0x0000,
  0x0000, 0x0000, 0x0000, 0x0000, 0x0000, 0x0000, 0x0000, 0x0000,
  0x0000, 0x0000, 0x0000, 0x0000, 0x0000, 0x0000, 0x0000, 0x0000,
  0x0000, 0x0000, 0x0000, 0x0000, 0x0000, 0x0000, 0x0000, 0x0000,
  0x0000, 0x0000, 0x0000, 0x0000, 0x0000, 0x0000, 0x0000, 0x0000,
  0x0000, 0x0000, 0x0000, 0x0000, 0x0000, 0x0000, 0x0000, 0x0000,
  0x0000, 0x0000, 0x0000, 0x0000, 0x0000, 0x0000, 0x0000, 0x0000,
  0x0000, 0x0000, 0x0000, 0x0000, 0x0000, 0x0000, 0x0000, 0x0000,
  0x0000, 0x0000, 0x0000, 0x0000, 0x0000, 0x0000, 0x0000, 0x0000,
  0x0000, 0x0000, 0x0000, 0x0000, 0x0000, 0x0000, 0x0000, 0x0000,
  0x0000, 0x0000, 0x0000, 0x0000, 0x0000, 0x0000, 0x0000, 0x0000,
  0x0000, 0x0000, 0x0000, 0x0000, 0x0000, 0x0000, 0x0000, 0x0000,
  0x0000, 0x0000, 0x0000, 0x0000, 0x0000, 0x0000, 0x0000, 0x0000,
  0x0000, 0x0000, 0x0000, 0x0000, 0x0000, 0x0000, 0x0000, 0x0000,
  0x0000, 0x0000, 0x0000, 0x0000, 0x0000, 0x0000, 0x0000, 0x0000,
  0x0000, 0x0000, 0x0000, 0x0000, 0x0000, 0x0000, 0x0000, 0x0000,
  0x0000, 0x0000, 0x0000, 0x0000, 0x0000, 0x0000, 0x0000, 0x0000,
  0x0000, 0x0000, 0x0000, 0x0000, 0x0000, 0x0000, 0x0000, 0x0000,
  0x0000, 0x0000, 0x0000, 0x0000, 0x0000, 0x0000, 0x0000, 0x0000,
  0x0000, 0x0000, 0x0000, 0x0000, 0x0000, 0x0000, 0x0000, 0x0000,
  0x0000, 0x0000, 0x0000, 0x0000, 0x0000, 0x0000, 0x0000, 0x0000,
  0x0000, 0x0000, 0x0000, 0x0000, 0x0000, 0x0000, 0x0000, 0x0000,
  0x0000, 0x0000, 0x0000, 0x0000, 0x0000, 0x0000, 0x0000, 0x0000,
  0x0000, 0x0000, 0x0000, 0x0000, 0x0000, 0x0000, 0x0000, 0x0000,
  0x0000, 0x0000, 0x0000, 0x0000, 0x0000, 0x0000, 0x0000, 0x0000,
  0x0000, 0x0000, 0x0000, 0x0000, 0x0000, 0x0000, 0x0000, 0x0000,
  0x0000, 0x0000, 0x0000, 0x0000, 0x0000, 0x0000, 0x0000, 0x0000,
  0x0000, 0x0000, 0x0000, 0x0000, 0x0000, 0x0000, 0x0000, 0x0000,
  0x0000, 0x0000, 0x0000, 0x0000, 0x0000, 0x0000, 0x0000, 0x0000,
  0x0000, 0x0000, 0x0000, 0x0000, 0x0000, 0x0000, 0x0000, 0x0000,
  0x0000, 0x0000, 0x0000, 0x0000, 0x0000, 0x0000, 0x0000, 0x0000,
  0x0000, 0x0000, 0x0000, 0x0000, 0x0000, 0x0000, 0x0000, 0x0000,
  0x0000, 0x0000, 0x0000, 0x0000, 0x0000, 0x0000, 0x0000, 0x0000,
  0x0000, 0x0000, 0x0000, 0x0000, 0x0000, 0x0000, 0x0000, 0x0000,
  0x0000, 0x0000, 0x0000, 0x0000, 0x0000, 0x0000, 0x0000, 0x0000,
  0x0000, 0x0000, 0x0000, 0x0000, 0x0000, 0x0000, 0x0000, 0x0000,
  0x0000, 0x0000, 0x0000, 0x0000, 0x0000, 0x0000, 0x0000, 0x0000,
  0x0000, 0x0000, 0x0000, 0x0000, 0x0000, 0x0000, 0x0000, 0x0000,
  0x0000, 0x0000, 0x0000, 0x0000, 0x0000, 0x0000, 0x0000, 0x0000,
  0x0000, 0x0000, 0x0000, 0x0000, 0x0000, 0x0000, 0x0000, 0x0000,
  0x0000, 0x0000, 0x0000, 0x0000, 0x0000, 0x0000, 0x0000, 0x0000,
  0x0000, 0x0000, 0x0000, 0x0000, 0x0000, 0x0000, 0x0000, 0x0000,
  0x0000, 0x0000, 0x0000, 0x0000, 0x0000, 0x0000, 0x0000, 0x0000,
  0x0000, 0x0000, 0x0000, 0x0000, 0x0000, 0x0000, 0x0000, 0x0000,
  0x0000, 0x0000, 0x0000, 0x0000, 0x0000, 0x0000, 0x0000, 0x0000,
  0x0000, 0x0000, 0x0000, 0x0000, 0x0000, 0x0000, 0x0000, 0x0000,
  0x0000, 0x0000, 0x0000, 0x0000, 0x0000, 0x0000, 0x0000, 0x0000,
  0x0000, 0x0000, 0x0000, 0x0000, 0x0000, 0x0000, 0x0000, 0x0000,
  0x0000, 0x0000, 0x0000, 0x0000, 0x0000, 0x0000, 0x0000, 0x0841,
  0x18c3, 0x2965, 0x2104, 0x0000, 0x0000, 0x0000, 0x0000, 0x0000,
  0x0000, 0x0000, 0x0000, 0x0000, 0x0000, 0x0000, 0x8410, 0xd69a,
  0xad75, 0x0861, 0x0000, 0x0000, 0x0000, 0x0000, 0x0000, 0x0000,
  0x0000, 0x0000, 0x0000, 0x0000, 0x0000, 0x0000, 0x0000, 0x0000,
  0x0000, 0x0000, 0x0000, 0x0000, 0x0000, 0x0000, 0x0000, 0x0000,
  0x0000, 0x0000, 0x0000, 0x0000, 0x0000, 0x0000, 0x0000, 0x0000,
  0x0000, 0x0000, 0x0000, 0x0000, 0x0000, 0x0000, 0x0000, 0x0000,
  0x0000, 0x0000, 0x0000, 0x0000, 0x0000, 0x0000, 0x0000, 0x0000,
  0x0000, 0x0000, 0x0000, 0x0000, 0x0000, 0x0000, 0x0000, 0x0000,
  0x0000, 0x0000, 0x0000, 0x0000, 0x0000, 0x0000, 0x0000, 0x0000,
  0x0000, 0x0000, 0x0000, 0x0000, 0x0000, 0x0000, 0x0000, 0x0000,
  0x0000, 0x0000, 0x0000, 0x0000, 0x0000, 0x0000, 0x0000, 0x0000,
  0x0000, 0x0000, 0x0000, 0x0000, 0x0000, 0x0000, 0x0000, 0x0000,
  0x0000, 0x0000, 0x0000, 0x0000, 0x0000, 0x0000, 0x0000, 0x0000,
  0x0000, 0x0000, 0x0000, 0x0000, 0x0000, 0x0000, 0x0000, 0x0000,
  0x0000, 0x0000, 0x0000, 0x0000, 0x0000, 0x0000, 0x0000, 0x0000,
  0x0000, 0x0000, 0x0000, 0x0000, 0x0000, 0x0000, 0x0000, 0x0000,
  0x0000, 0x0000, 0x0000, 0x0000, 0x0000, 0x0000, 0x0000, 0x0000,
  0x0000, 0x0000, 0x0000, 0x0000, 0x0000, 0x0000, 0x0000, 0x0000,
  0x0000, 0x0000, 0x0000, 0x0000, 0x0000, 0x0000, 0x0000, 0x0000,
  0x0000, 0x0000, 0x0000, 0x0000, 0x0000, 0x0000, 0x0000, 0x0000,
  0x0000, 0x0000, 0x0000, 0x0000, 0x0000, 0x0000, 0x0000, 0x0000,
  0x0000, 0x0000, 0x0000, 0x0000, 0x0000, 0x0000, 0x0000, 0x0000,
  0x0000, 0x0000, 0x0000, 0x0000, 0x0000, 0x0000, 0x0000, 0x0000,
  0x0000, 0x0000, 0x0000, 0x0000, 0x0000, 0x0000, 0x0000, 0x0000,
  0x0000, 0x0000, 0x0000, 0x0000, 0x0000, 0x0000, 0x0000, 0x0000,
  0x0000, 0x0000, 0x0000, 0x0000, 0x0000, 0x0000, 0x0000, 0x0000,
  0x0000, 0x0000, 0x0000, 0x0000, 0x0000, 0x0000, 0x0020, 0x10a2,
  0x0000, 0x0000, 0x0000, 0x0000, 0x0000, 0x0000, 0x0000, 0x0000,
  0x0000, 0x0000, 0x0000, 0x0000, 0x3186, 0xf7be, 0xf7be, 0xf79e,
  0xf79e, 0xffdf, 0x8430, 0x0000, 0x0000, 0x0000, 0x0000, 0x0000,
  0x0000, 0x0000, 0x0000, 0x0000, 0x0000, 0xad55, 0xe71c, 0x3186,
  0xa534, 0xffdf, 0x0000, 0x0000, 0x0000, 0x0000, 0x0000, 0x0000,
  0x0000, 0x0000, 0x0000, 0x0000, 0x0000, 0x0000, 0x0841, 0x18c3,
  0x10a2, 0x0000, 0x0000, 0x0000, 0x0000, 0x0000, 0x0000, 0x0000,
  0x0000, 0x0000, 0x0000, 0x0000, 0x0000, 0x0000, 0x0000, 0x0000,
  0x0000, 0x0000, 0x0000, 0x0000, 0x0000, 0x0000, 0x0000, 0x0000,
  0x0000, 0x0000, 0x0000, 0x0000, 0x0000, 0x0000, 0x0000, 0x0000,
  0x0000, 0x0000, 0x0000, 0x0000, 0x0000, 0x0000, 0x0000, 0x0000,
  0x0000, 0x0000, 0x0000, 0x0000, 0x0000, 0x0000, 0x0000, 0x0000,
  0x0000, 0x0000, 0x0000, 0x0000, 0x0000, 0x0000, 0x0000, 0x0000,
  0x0000, 0x0000, 0x0000, 0x0000, 0x0000, 0x0000, 0x0000, 0x0000,
  0x0000, 0x0000, 0x0000, 0x0000, 0x0000, 0x0000, 0x0000, 0x0000,
  0x0000, 0x0000, 0x0000, 0x0000, 0x0000, 0x0000, 0x0000, 0x0000,
  0x0000, 0x0000, 0x0000, 0x0000, 0x0000, 0x0000, 0x0000, 0x0000,
  0x0000, 0x0000, 0x0000, 0x0000, 0x0000, 0x0000, 0x0000, 0x0000,
  0x0000, 0x0000, 0x0000, 0x0000, 0x0000, 0x0000, 0x0000, 0x0000,
  0x0000, 0x0000, 0x0000, 0x39c7, 0x94b2, 0xc618, 0x8451, 0x0020,
  0x0000, 0x0000, 0x0000, 0x0000, 0x0000, 0x0000, 0x0000, 0x0000,
  0x0000, 0x0000, 0x0000, 0x0000, 0x0000, 0x0000, 0x0000, 0x0000,
  0x0000, 0x0000, 0x0000, 0x0000, 0x0000, 0x0000, 0x0000, 0x0000,
  0x0000, 0x0000, 0x0000, 0x0000, 0x0000, 0x0000, 0x0000, 0x0000,
  0x0000, 0x0000, 0x0000, 0x0000, 0x0000, 0x0000, 0x0000, 0x0000,
  0x0000, 0x0000, 0x0000, 0x0000, 0x0000, 0x0000, 0x0000, 0x0000,
  0x0000, 0x0000, 0x0000, 0x0000, 0x0000, 0x0000, 0x0000, 0x0000,
  0x0000, 0x0000, 0x0000, 0x0000, 0x0000, 0x0000, 0x0000, 0x0000,
  0x0000, 0x0000, 0x0000, 0x0000, 0x0000, 0x0000, 0x0000, 0x0000,
  0x0000, 0x0000, 0x0000, 0x0000, 0x0000, 0x0000, 0xdefb, 0xbdd7,
  0x0000, 0x0000, 0x0000, 0x0000, 0x0000, 0x0000, 0x0000, 0x0000,
  0x0000, 0x0000, 0x0000, 0x0000, 0x0000, 0x0000, 0x0000, 0x0000,
  0x0000, 0xffdf, 0x18c3, 0x0000, 0x0000, 0x0000, 0x0000, 0x0000,
  0x0000, 0x0000, 0x0000, 0x0000, 0x0000, 0xffff, 0x4228, 0x0000,
  0x0000, 0xf7be, 0x2945, 0x0000, 0x0000, 0x0000, 0x0000, 0x0000,
  0x0000, 0x0000, 0x0000, 0x0000, 0x0000, 0x4a49, 0xffdf, 0xd69a,
  0xef7d, 0xc618, 0x0000, 0x0000, 0x0000, 0x0000, 0x0000, 0x0000,
  0x0000, 0x0000, 0x0000, 0x0000, 0x0000, 0x0000, 0x0000, 0x0000,
  0x0000, 0x0000, 0x0000, 0x0000, 0x0000, 0x0000, 0x0000, 0x0000,
  0x0000, 0x0000, 0x0000, 0x0000, 0x0000, 0x0000, 0x0000, 0x0000,
  0x0000, 0x0000, 0x0000, 0x0000, 0x0000, 0x0000, 0x0000, 0x0000,
  0x0000, 0x0000, 0x0000, 0x0000, 0x0000, 0x0000, 0x0000, 0x0000,
  0x0000, 0x0000, 0x0000, 0x0000, 0x0000, 0x0000, 0x0000, 0x0000,
  0x0000, 0x0000, 0x0000, 0x0000, 0x0000, 0x0000, 0x0000, 0x0000,
  0x0000, 0x0000, 0x0000, 0x0000, 0x0000, 0x0000, 0x0000, 0x0000,
  0x0000, 0x0000, 0x0000, 0x0000, 0x0000, 0x0000, 0x0000, 0x0000,
  0x0000, 0x0000, 0x0000, 0x0000, 0x0000, 0x0000, 0x0000, 0x0000,
  0x0000, 0x0000, 0x0000, 0x0000, 0x0000, 0x0000, 0x0000, 0x0000,
  0x0000, 0x0000, 0x0000, 0x0000, 0x0000, 0x0000, 0x0000, 0x0000,
  0x0000, 0x0000, 0x9cf3, 0xffff, 0xffff, 0xffff, 0xf7be, 0x0020,
  0x0000, 0x0000, 0x0000, 0x0000, 0x0000, 0x0000, 0x0000, 0x0000,
  0x0000, 0x0000, 0x0000, 0x0000, 0x0000, 0x0000, 0x0000, 0x0000,
  0x0000, 0x0000, 0x0000, 0x0000, 0x0000, 0x0000, 0x0000, 0x0000,
  0x0000, 0x0000, 0x0000, 0x0000, 0x0000, 0x0000, 0x0000, 0x0000,
  0x0000, 0x0000, 0x0000, 0x0000, 0x0000, 0x0000, 0x0000, 0x0000,
  0x0000, 0x0000, 0x0000, 0x0000, 0x0000, 0x0000, 0x0000, 0x0000,
  0x0000, 0x0000, 0x0000, 0x0000, 0x0000, 0x0000, 0x0000, 0x0000,
  0x0000, 0x0000, 0x0000, 0x0000, 0x0000, 0x0000, 0x0000, 0x2965,
  0x7bcf, 0x0000, 0x0000, 0x0000, 0x0000, 0x0000, 0x0000, 0x0000,
  0x0000, 0x0000, 0x0000, 0x0000, 0x0000, 0x3a08, 0xffff, 0x0000,
  0x0000, 0x0000, 0x0000, 0x0000, 0x0000, 0x0000, 0x0000, 0x0000,
  0x0000, 0x0000, 0x0000, 0x0000, 0x0000, 0x0000, 0x0000, 0x0000,
  0xa534, 0xce79, 0x0000, 0x0000, 0x0000, 0x0000, 0x0000, 0x0000,
  0x0000, 0x0000, 0x0000, 0x0000, 0x0000, 0xef5d, 0x632c, 0x0000,
  0x18c3, 0xffdf, 0x0020, 0x0000, 0x0000, 0x0000, 0x0000, 0x0000,
  0x0000, 0x0000, 0x0000, 0x0000, 0x0000, 0xef7d, 0x4a49, 0x0000,
  0x0000, 0xf7be, 0x39c7, 0x0000, 0x0000, 0x0000, 0x0000, 0x0000,
  0x0000, 0x0000, 0x0000, 0x0000, 0x0000, 0x0000, 0x0000, 0x0000,
  0x0000, 0x0000, 0x0000, 0x0000, 0x0000, 0x0000, 0x0000, 0x0000,
  0x0000, 0x0000, 0x0000, 0x0000, 0x0000, 0x0000, 0x0000, 0x0000,
  0x0000, 0x0000, 0x0000, 0x0000, 0x0000, 0x0000, 0x0000, 0x0000,
  0x0000, 0x0000, 0x0000, 0x0000, 0x0000, 0x0000, 0x0000, 0x0000,
  0x0000, 0x0000, 0x0000, 0x0000, 0x0000, 0x0000, 0x0000, 0x0000,
  0x0000, 0x0000, 0x0000, 0x0000, 0x0000, 0x0000, 0x0000, 0x0000,
  0x0000, 0x0000, 0x0000, 0x0000, 0x0000, 0x0000, 0x0000, 0x0000,
  0x0000, 0x0000, 0x0000, 0x0000, 0x0000, 0x0000, 0x0000, 0x0000,
  0x0000, 0x0000, 0x0000, 0x0000, 0x0000, 0x0000, 0x0000, 0x0000,
  0x0000, 0x0000, 0x0000, 0x0000, 0x0000, 0x0000, 0x0000, 0x0000,
  0x0000, 0x0000, 0x0000, 0x0000, 0x0000, 0x0000, 0x0000, 0x0000,
  0x0000, 0x31a6, 0xffff, 0x9d14, 0x0000, 0x0000, 0x0000, 0x0000,
  0x0000, 0x0000, 0x0000, 0x0000, 0x0000, 0x0000, 0x0000, 0x0000,
  0x0000, 0x0000, 0x0000, 0x0000, 0x0000, 0x0000, 0x0000, 0x0000,
  0x0000, 0x0000, 0x0000, 0x0000, 0x0000, 0x0000, 0x0000, 0x0000,
  0x0000, 0x0000, 0x0000, 0x0000, 0x0000, 0x0000, 0x0000, 0x0000,
  0x0000, 0x0000, 0x0000, 0x0000, 0x0000, 0x0000, 0x0000, 0x0000,
  0x0000, 0x0000, 0x0000, 0x0000, 0x0000, 0x0000, 0x0000, 0x0000,
  0x0000, 0x0000, 0x0000, 0x0000, 0x0000, 0x0000, 0x0000, 0x0000,
  0x0000, 0x0000, 0x0000, 0x0000, 0x528a, 0xffff, 0xf7be, 0xdefb,
  0x8410, 0x0000, 0x0000, 0x0000, 0x0000, 0x0000, 0x0000, 0x0000,
  0x0000, 0x0000, 0x0000, 0x0000, 0x0000, 0xef7d, 0x6b6d, 0x0000,
  0x0000, 0x0000, 0x0000, 0x0000, 0x0000, 0x0000, 0x0000, 0x0000,
  0x0000, 0x0000, 0x0000, 0x0000, 0x0000, 0x0000, 0x0000, 0x0020,
  0xffdf, 0x39c7, 0x0000, 0x0000, 0x0000, 0x0000, 0x0000, 0x0000,
  0x0000, 0x0000, 0x0000, 0x0000, 0x0000, 0x18e3, 0xf7be, 0xd6ba,
  0xf7be, 0x8430, 0x0000, 0x0000, 0x0000, 0x0000, 0x0000, 0x0000,
  0x0000, 0x0000, 0x0000, 0x0000, 0x0861, 0xffff, 0x0000, 0x0000,
  0x0000, 0xce79, 0x632c, 0x0000, 0x0000, 0x0000, 0x0000, 0x0000,
  0x0000, 0x0000, 0x0000, 0x0000, 0x0000, 0x0000, 0x0000, 0x0000,
  0x0000, 0x0000, 0x0000, 0x0000, 0x0000, 0x0000, 0x0000, 0x0000,
  0x0000, 0x0000, 0x0000, 0x0000, 0x0000, 0x0000, 0x0000, 0x0000,
  0x0000, 0x0000, 0x0000, 0x0000, 0x0000, 0x0000, 0x0000, 0x0000,
  0x0000, 0x0000, 0x0000, 0x0000, 0x0000, 0x0000, 0x0000, 0x0000,
  0x0000, 0x0000, 0x0000, 0x0000, 0x0000, 0x0000, 0x0000, 0x0000,
  0x0000, 0x0000, 0x0000, 0x0000, 0x0000, 0x0000, 0x0000, 0x0000,
  0x0000, 0x0000, 0x0000, 0x0000, 0x0000, 0x0000, 0x0000, 0x0000,
  0x0000, 0x0000, 0x0000, 0x0000, 0x0000, 0x0000, 0x0000, 0x0000,
  0x0000, 0x0000, 0x0000, 0x0000, 0x0000, 0x0000, 0x0000, 0x0000,
  0x0000, 0x0000, 0x0000, 0x0000, 0x0000, 0x0000, 0x0000, 0x0000,
  0x0000, 0x0000, 0x0000, 0x0000, 0x0000, 0x0000, 0x0000, 0x0000,
  0x0000, 0x7bef, 0xffff, 0x0000, 0x0000, 0x0000, 0x0000, 0x0000,
  0x0000, 0x0000, 0x0000, 0x0000, 0x0000, 0x0000, 0x0000, 0x0000,
  0x0000, 0x0000, 0x0000, 0x0000, 0x0000, 0x0000, 0x0000, 0x0000,
  0x0000, 0x0000, 0x0000, 0x0000, 0x0000, 0x0000, 0x0000, 0x0000,
  0x0000, 0x0000, 0x0000, 0x0000, 0x0000, 0x0000, 0x0000, 0x0000,
  0x0000, 0x0000, 0x0000, 0x0000, 0x0000, 0x0000, 0x0000, 0x0000,
  0x0000, 0x0000, 0x0000, 0x0000, 0x0000, 0x0000, 0x0000, 0x0000,
  0x0000, 0x0000, 0x0000, 0x0000, 0x0000, 0x0000, 0x0000, 0x0000,
  0x0000, 0x0000, 0x0000, 0x0000, 0x528a, 0xb5b6, 0x0020, 0x0000,
  0x0000, 0x0000, 0x0000, 0x0000, 0x0000, 0x0000, 0x0000, 0x0000,
  0x0000, 0x0000, 0x0000, 0x0000, 0x73ae, 0xf79e, 0x9cf3, 0xad75,
  0x2965, 0x0000, 0x0000, 0x0000, 0x0000, 0x0000, 0x0000, 0x0000,
  0x0000, 0x0000, 0x0000, 0x0000, 0x0000, 0x0000, 0x0000, 0x73ae,
  0xef9e, 0x0000, 0x0000, 0x0000, 0x0000, 0x0000, 0x0000, 0x0000,
  0x0000, 0x0000, 0x0000, 0x0000, 0x0000, 0xc638, 0xce79, 0x3186,
  0x738e, 0xf7be, 0x18e3, 0x0000, 0x0000, 0x0000, 0x0000, 0x0000,
  0x0000, 0x0000, 0x0000, 0x0000, 0x0000, 0xe75d, 0x9492, 0x0000,
  0x2104, 0xffdf, 0x39e7, 0x0000, 0x0000, 0x0000, 0x0000, 0x0000,
  0x0000, 0x0000, 0x0000, 0x0000, 0x0000, 0x0000, 0x0000, 0x0000,
  0x0000, 0x0000, 0x0000, 0x0000, 0x0000, 0x0000, 0x0000, 0x0000,
  0x0000, 0x0000, 0x0000, 0x0000, 0x0000, 0x0000, 0x0000, 0x0000,
  0x0000, 0x0000, 0x0000, 0x0000, 0x0000, 0x0000, 0x0000, 0x0000,
  0x0000, 0x0000, 0x0000, 0x0000, 0x0000, 0x0000, 0x0000, 0x0000,
  0x0000, 0x0000, 0x0000, 0x0000, 0x0000, 0x0000, 0x0000, 0x0000,
  0x0000, 0x0000, 0x0000, 0x0000, 0x0000, 0x0000, 0x0000, 0x0000,
  0x0000, 0x0000, 0x0000, 0x0000, 0x0000, 0x0000, 0x0000, 0x0000,
  0x0000, 0x0000, 0x0000, 0x0000, 0x0000, 0x0000, 0x0000, 0x0000,
  0x0000, 0x0000, 0x0000, 0x0000, 0x0000, 0x0000, 0x0000, 0x0000,
  0x0000, 0x0000, 0x0000, 0x0000, 0x0000, 0x0000, 0x0000, 0x0000,
  0x0000, 0x0000, 0x0000, 0x0000, 0x0000, 0x0000, 0x0000, 0x0000,
  0x0000, 0x52aa, 0xffff, 0x5acb, 0x0000, 0x0000, 0x0000, 0x0000,
  0x0000, 0x0000, 0x0000, 0x0000, 0x0000, 0x0000, 0x0000, 0x0000,
  0x0000, 0x0000, 0x0000, 0x0000, 0x0000, 0x0000, 0x0000, 0x0000,
  0x0000, 0x0000, 0x0000, 0x0000, 0x0000, 0x0000, 0x0000, 0x0000,
  0x0000, 0x0000, 0x0000, 0x0000, 0x0000, 0x0000, 0x0000, 0x0000,
  0x0000, 0x0000, 0x0000, 0x0000, 0x0000, 0x0000, 0x0000, 0x0000,
  0x0000, 0x0000, 0x0000, 0x0000, 0x0000, 0x0000, 0x18c3, 0x18c3,
  0x0000, 0x0000, 0x0000, 0x0000, 0x0000, 0x0000, 0x0000, 0x0000,
  0x0000, 0x0000, 0x0000, 0x0000, 0x528a, 0xb596, 0x0841, 0x10a2,
  0x0000, 0x0000, 0x0000, 0x0000, 0x0000, 0x0000, 0x0000, 0x0000,
  0x0000, 0x0000, 0x0000, 0x0000, 0xf79e, 0xef5d, 0x7bcf, 0xa514,
  0xffff, 0x18e3, 0x0000, 0x0000, 0x0000, 0x0000, 0x0000, 0x0000,
  0x0000, 0x0000, 0x0000, 0x0000, 0x0000, 0x0000, 0x0000, 0xef7d,
  0x4228, 0x0000, 0x0000, 0x0000, 0x0000, 0x0000, 0x0000, 0x0000,
  0x0000, 0x0000, 0x0000, 0x0000, 0x0000, 0xffff, 0x2104, 0x0000,
  0x0000, 0xe71c, 0xa514, 0x0000, 0x0000, 0x0000, 0x0000, 0x0000,
  0x0000, 0x0000, 0x0000, 0x0000, 0x0000, 0x2945, 0xe73c, 0xef7d,
  0xdefb, 0xef7d, 0x0000, 0x0000, 0x0000, 0x0000, 0x0000, 0x0000,
  0x0000, 0x0000, 0x0000, 0x0000, 0x0000, 0x0000, 0x0000, 0x0000,
  0x0000, 0x0000, 0x0000, 0x0000, 0x0000, 0x0000, 0x0000, 0x7bcf,
  0xad75, 0x0000, 0x0000, 0x0000, 0x3186, 0xf7be, 0xf79e, 0xffdf,
  0x5aeb, 0x0000, 0x0000, 0x0000, 0x0000, 0x0000, 0x0000, 0x0000,
  0x0000, 0x0000, 0x0000, 0x0000, 0x0000, 0x0000, 0x0000, 0x0000,
  0x0000, 0x0000, 0x0000, 0x0000, 0x0000, 0x0000, 0x0000, 0x0000,
  0x0000, 0x0000, 0x0000, 0x0000, 0x0000, 0x0000, 0x0000, 0x0000,
  0x0000, 0x0000, 0x0000, 0x0000, 0x0000, 0x0000, 0x0000, 0x0000,
  0x0000, 0x0000, 0x0000, 0x0000, 0x0000, 0x0000, 0x0000, 0x0000,
  0x0000, 0x0000, 0x0000, 0x0000, 0x0000, 0x0000, 0x0000, 0x0000,
  0x0000, 0x0000, 0x0000, 0x0000, 0x0000, 0x0000, 0x0000, 0x0000,
  0x0000, 0x0000, 0x0000, 0x0000, 0x0000, 0x0000, 0x0000, 0x0000,
  0x0000, 0x1082, 0xf7be, 0xffff, 0xef7d, 0xe73c, 0xe73c, 0xe71c,
  0x7bcf, 0x0000, 0x0000, 0x0000, 0x0000, 0x0000, 0x0000, 0x0000,
  0x0000, 0x0000, 0x0000, 0x0000, 0x0000, 0x0000, 0x0000, 0x0000,
  0x0000, 0x0000, 0x0000, 0x0000, 0x0000, 0x0000, 0x0000, 0x0000,
  0x0000, 0x0000, 0x0000, 0x0000, 0x0000, 0x0000, 0x0000, 0x0000,
  0x0000, 0x0000, 0x0000, 0x0000, 0x0000, 0x0000, 0x0000, 0x0000,
  0x0000, 0x0000, 0x0000, 0x0000, 0x0000, 0x0020, 0xf79e, 0xb596,
  0x0000, 0x0000, 0x0000, 0x0000, 0x0000, 0x0000, 0x0000, 0x0000,
  0x0000, 0x0000, 0x0000, 0x0000, 0x528a, 0xef7d, 0xffdf, 0xffff,
  0xe71c, 0x10a2, 0x0000, 0x0000, 0x0000, 0x0000, 0x0000, 0x0000,
  0x0000, 0x0000, 0x0000, 0x1082, 0xffdf, 0x2104, 0x0000, 0x0000,
  0xd69a, 0xad75, 0x0000, 0x0000, 0x0000, 0x0000, 0x0000, 0x0000,
  0x0000, 0x0000, 0x0000, 0x0000, 0x0000, 0x0000, 0x4208, 0xef7d,
  0x0000, 0x0000, 0x0000, 0x0000, 0x0000, 0x0000, 0x0000, 0x0000,
  0x0000, 0x0000, 0x0000, 0x0000, 0x0000, 0xffff, 0x2965, 0x0000,
  0x0000, 0xe73c, 0xa514, 0x0000, 0x0000, 0x0000, 0x0000, 0x0000,
  0x0000, 0x0000, 0x0000, 0x0000, 0x0000, 0x0000, 0x0000, 0x0861,
  0xf79e, 0x4a69, 0x0000, 0x0000, 0x0000, 0x0000, 0x0000, 0x0000,
  0x0000, 0x0000, 0x0000, 0x0000, 0x0000, 0x0000, 0x0000, 0x0000,
  0x0000, 0x0000, 0x0000, 0x0000, 0x0000, 0x0000, 0x0000, 0xce59,
  0x5acb, 0x0000, 0x0000, 0x0000, 0xf7be, 0x73ae, 0x0000, 0x4208,
  0xffdf, 0x0000, 0x0000, 0x4a49, 0xce79, 0xd69a, 0x630c, 0x0000,
  0x0000, 0x0000, 0x0000, 0x0000, 0x0000, 0x0000, 0x0000, 0x0000,
  0x0000, 0x0000, 0x0000, 0x0000, 0x0000, 0x0000, 0x0000, 0x0000,
  0x0000, 0x0000, 0x0000, 0x0000, 0x0000, 0x0000, 0x0000, 0x0000,
  0x0000, 0x0000, 0x0000, 0x0000, 0x0000, 0x0000, 0x0000, 0x0000,
  0x0000, 0x0000, 0x0000, 0x0000, 0x0000, 0x0000, 0x0000, 0x0000,
  0x0000, 0x0000, 0x0000, 0x0000, 0x0000, 0x0000, 0x0000, 0x0000,
  0x0000, 0x0000, 0x0000, 0x0000, 0x0000, 0x0000, 0x0000, 0x0000,
  0x0000, 0x0000, 0x0000, 0x0000, 0x0000, 0x0000, 0x0000, 0x0000,
  0x0000, 0x0000, 0x0861, 0xe73c, 0xffff, 0xffff, 0xffff, 0xffff,
  0xffff, 0x8410, 0x0000, 0x0000, 0x0000, 0x0000, 0x0000, 0x0000,
  0x0000, 0x0000, 0x0000, 0x0000, 0x0000, 0x0000, 0x0000, 0x0000,
  0x0000, 0x0000, 0x0000, 0x0000, 0x0000, 0x0000, 0x0000, 0x0000,
  0x0000, 0x0000, 0x0000, 0x0000, 0x0000, 0x0000, 0x0000, 0x0000,
  0x0000, 0x0000, 0x0000, 0x0000, 0x0000, 0x0000, 0x0000, 0x0000,
  0x0000, 0x0000, 0x0000, 0x0000, 0x0000, 0x4208, 0xd6ba, 0xef7d,
  0x0000, 0x0000, 0x0000, 0x0000, 0x0000, 0x0000, 0x0000, 0x0000,
  0x0000, 0x0000, 0x0000, 0x0000, 0x1082, 0x31a6, 0x2800, 0xf800,
  0xd6db, 0xc618, 0x0000, 0x0000, 0x0000, 0x0000, 0x0000, 0x0000,
  0x0000, 0x0000, 0x0000, 0x0861, 0xffdf, 0x0000, 0x0000, 0x0000,
  0xb596, 0xc618, 0x0000, 0x0000, 0x0000, 0x0000, 0x0000, 0x0000,
  0x0000, 0x0000, 0x0000, 0x0000, 0x0000, 0x0000, 0xf79e, 0x6b6d,
  0x0000, 0x0000, 0x0000, 0x0000, 0x0000, 0x0000, 0x0000, 0x0000,
  0x0000, 0x0000, 0x0000, 0x0000, 0x0000, 0xce9a, 0xf79e, 0x8430,
  0xc638, 0xffff, 0x0020, 0x0000, 0x0000, 0x0000, 0x0000, 0x0000,
  0x0000, 0x0000, 0x0000, 0x0000, 0x0000, 0x0000, 0x0000, 0xce79,
  0xc659, 0x0000, 0x0000, 0x0000, 0x0000, 0x0000, 0x0000, 0x0000,
  0x0000, 0x0000, 0x0000, 0x0000, 0x0000, 0x0000, 0x0000, 0x0000,
  0x0000, 0x0000, 0x0000, 0x0000, 0x8430, 0xffff, 0xf7be, 0xffff,
  0x5acb, 0x0000, 0x0000, 0x0000, 0x0000, 0x0000, 0x0000, 0x0000,
  0xf7be, 0x10a2, 0x4a49, 0xffff, 0x52aa, 0x1082, 0xffdf, 0x5aeb,
  0x0000, 0x0000, 0x0000, 0x0000, 0x0000, 0x0000, 0x0000, 0x0000,
  0x0000, 0x0000, 0x0000, 0x0000, 0x0000, 0x0000, 0x0000, 0x0000,
  0x0000, 0x0000, 0x0000, 0x0000, 0x0000, 0x0000, 0x0000, 0x0000,
  0x0000, 0x0000, 0x0000, 0x0000, 0x0000, 0x0000, 0x0000, 0x0000,
  0x0000, 0x0000, 0x0000, 0x0000, 0x0000, 0x0000, 0x0000, 0x0000,
  0x0000, 0x0000, 0x0000, 0x0000, 0x0000, 0x0000, 0x0000, 0x0000,
  0x0000, 0x0000, 0x0000, 0x0000, 0x0000, 0x0000, 0x0000, 0x0000,
  0x0000, 0x0000, 0x0000, 0x0000, 0x0000, 0x0000, 0x0000, 0x0000,
  0x0000, 0x0000, 0x0000, 0x0000, 0x0000, 0x0000, 0x0000, 0x0000,
  0xf79e, 0xf79e, 0x0000, 0x0000, 0x0000, 0x0000, 0x0000, 0x0000,
  0x0000, 0x0000, 0x0000, 0x0000, 0x0000, 0x0000, 0x0000, 0x0000,
  0x0000, 0x0000, 0x0000, 0x0000, 0x0000, 0x0000, 0x0000, 0x0000,
  0x0000, 0x0000, 0x0000, 0x0000, 0x0000, 0x4a49, 0xad55, 0x632c,
  0x0000, 0x0000, 0x0000, 0x0000, 0x0000, 0x0000, 0x0000, 0x0000,
  0x0000, 0x0000, 0x0000, 0x0000, 0x0000, 0xd6ba, 0x3186, 0xffdf,
  0x1082, 0x0000, 0x0000, 0x0000, 0x0000, 0x0000, 0x0000, 0x0000,
  0x0000, 0x0000, 0x0000, 0x0000, 0x0000, 0x0000, 0x1800, 0xf800,
  0x5904, 0xe73c, 0x0000, 0x0000, 0x0000, 0x0000, 0x0000, 0x0000,
  0x0000, 0x0000, 0x0000, 0x0000, 0xe73c, 0xa514, 0x0000, 0x18e3,
  0xf79e, 0x4a49, 0x0000, 0x0000, 0x0000, 0x0000, 0x0000, 0x0000,
  0x0000, 0x0000, 0x0000, 0x0000, 0x0000, 0x0841, 0x8410, 0x0020,
  0x0000, 0x0000, 0x0000, 0x0000, 0x0000, 0x0000, 0x0000, 0x0000,
  0x0000, 0x0000, 0x0000, 0x0000, 0x0000, 0x0000, 0x632c, 0x9cd3,
  0x8410, 0x0861, 0x0000, 0x0000, 0x0000, 0x0000, 0x0000, 0x0000,
  0x0000, 0x0000, 0x0000, 0x0000, 0x0000, 0x0000, 0x632c, 0xf79e,
  0x0841, 0x0000, 0x0000, 0x0000, 0x0000, 0x0000, 0x0000, 0x0000,
  0x0000, 0x0000, 0x0000, 0x0000, 0x0000, 0x0000, 0x0000, 0x0000,
  0x0000, 0x0000, 0x0000, 0x0000, 0x0000, 0x0000, 0x39e7, 0xf7be,
  0xbdf7, 0xe73c, 0xad55, 0x0000, 0x0000, 0x0000, 0x0000, 0x6b4d,
  0xf7be, 0x0000, 0xdefb, 0x9cd3, 0x0000, 0x0000, 0x4a69, 0xe71c,
  0x0000, 0x0000, 0x0000, 0x0000, 0x0000, 0x0000, 0x0000, 0x0000,
  0x0000, 0x0000, 0x0000, 0x0000, 0x0000, 0x0000, 0x0000, 0x0000,
  0x0000, 0x0000, 0x0000, 0x0000, 0x0000, 0x0000, 0x0000, 0x0000,
  0x0000, 0x0000, 0x0000, 0x0000, 0x0000, 0x0000, 0x0000, 0x0000,
  0x0000, 0x0000, 0x0000, 0x0000, 0x0000, 0x0000, 0x0000, 0x0000,
  0x0000, 0x0000, 0x0000, 0x0000, 0x0000, 0x0000, 0x0000, 0x0000,
  0x0000, 0x0000, 0x0000, 0x0000, 0x0000, 0x0000, 0x0000, 0x0000,
  0x0000, 0x0000, 0x0000, 0x0000, 0x0000, 0x0000, 0x0000, 0x0000,
  0x0000, 0x0000, 0x0000, 0x0000, 0x0000, 0x0000, 0x0000, 0x0000,
  0xad55, 0xffff, 0x0841, 0x0000, 0x0000, 0x0000, 0x0000, 0x0000,
  0x0000, 0x0000, 0x0000, 0x0000, 0x0000, 0x0000, 0x0000, 0x0000,
  0x0000, 0x0000, 0x0000, 0x0000, 0x0000, 0x0000, 0x0000, 0x0000,
  0x0000, 0x0000, 0x0000, 0x0000, 0xbdf7, 0xe73c, 0x8c51, 0xef7d,
  0xbdf7, 0x0000, 0x0000, 0x0000, 0x0000, 0x0000, 0x0000, 0x0000,
  0x0000, 0x0000, 0x0000, 0x0000, 0x0000, 0xef5d, 0x0000, 0xe71c,
  0x4a69, 0x0000, 0x0000, 0x0000, 0x0000, 0x0000, 0x0000, 0x0000,
  0x0000, 0x0000, 0x0000, 0x0000, 0x0000, 0x0000, 0x0800, 0xf800,
  0xc1a6, 0xd69a, 0x0000, 0x0000, 0x0000, 0x0000, 0x0000, 0x0000,
  0x0000, 0x0000, 0x0000, 0x0000, 0x10a2, 0xef7d, 0xf7be, 0xffdf,
  0x8430, 0x0000, 0x0000, 0x0000, 0x0000, 0x0000, 0x0000, 0x0000,
  0x0000, 0x0000, 0x0000, 0x0000, 0x0000, 0x0000, 0x0000, 0x0000,
  0x0000, 0x0000, 0x0000, 0x0000, 0x0000, 0x0000, 0x0000, 0x0000,
  0x0000, 0x0000, 0x0000, 0x0000, 0x0000, 0x0000, 0x0000, 0x0000,
  0x0000, 0x0000, 0x0000, 0x0000, 0x0000, 0x0000, 0x0000, 0x0000,
  0x0000, 0x0000, 0x0000, 0x0000, 0x0000, 0x0000, 0x630c, 0x2104,
  0x0000, 0x0000, 0x0000, 0x0000, 0x0000, 0x0000, 0x0000, 0x0000,
  0x0000, 0x0000, 0x0000, 0x0000, 0x0000, 0x0000, 0x0000, 0x0000,
  0x0000, 0x0000, 0x0000, 0x0000, 0x0000, 0x0000, 0x39e7, 0xe73c,
  0x0000, 0x0000, 0x0020, 0x0000, 0x0000, 0x0000, 0x8430, 0xf7be,
  0x2965, 0x18c3, 0xffff, 0x0000, 0x0000, 0x0000, 0x2965, 0xffff,
  0x0000, 0x0000, 0x0000, 0x0000, 0x0000, 0x0000, 0x0000, 0x0000,
  0x0000, 0x0000, 0x0000, 0x0000, 0x0000, 0x0000, 0x0000, 0x0000,
  0x0000, 0x0000, 0x0000, 0x0000, 0x0000, 0x0000, 0x0000, 0x0000,
  0x0000, 0x0000, 0x0000, 0x0000, 0x0000, 0x0000, 0x0000, 0x0000,
  0x0000, 0x0000, 0x0000, 0x0000, 0x0000, 0x0000, 0x0000, 0x0000,
  0x0000, 0x0000, 0x0000, 0x0000, 0x0000, 0x0000, 0x0000, 0x0000,
  0x0000, 0x0000, 0x0000, 0x0000, 0x0000, 0x0000, 0x0000, 0x0000,
  0x0000, 0x0000, 0x0000, 0x0000, 0x0000, 0x0000, 0x0000, 0x0000,
  0x0000, 0x0000, 0x0000, 0x0000, 0x0000, 0x0000, 0x0000, 0x0000,
  0xe71c, 0xef9e, 0x0000, 0x0000, 0x0000, 0x0000, 0x0000, 0x0000,
  0x0000, 0x0000, 0x0000, 0x0000, 0x0000, 0x0000, 0x0000, 0x0000,
  0x0000, 0x0000, 0x0000, 0x0000, 0x0000, 0x0000, 0x0000, 0x0000,
  0x0000, 0x0000, 0x0000, 0x0841, 0xffdf, 0x0841, 0x0000, 0x4208,
  0xf7be, 0x0000, 0x0000, 0x0000, 0x0000, 0x0000, 0x0000, 0x0000,
  0x0000, 0x0000, 0x0000, 0x0000, 0xb596, 0x8c71, 0x0000, 0x8c51,
  0xad75, 0x2124, 0x0000, 0x0000, 0x0000, 0x0000, 0x0000, 0x0000,
  0x0000, 0x0000, 0x0000, 0x0000, 0x0020, 0xc659, 0x738e, 0xf820,
  0xf8c2, 0x39e7, 0x0000, 0x0000, 0x0000, 0x0000, 0x0000, 0x0000,
  0x0000, 0x0000, 0x0000, 0x0000, 0x0000, 0x0000, 0x0040, 0x0080,
  0x00e0, 0x0100, 0x0140, 0x0200, 0x0300, 0x0420, 0x0520, 0x0600,
  0x0ee0, 0x1780, 0x1fc0, 0x27c0, 0x27c0, 0x2fc0, 0x37c0, 0x3fc0,
  0x47c0, 0x47c0, 0x4fc0, 0x57c0, 0x5fc0, 0x67c0, 0x6fc0, 0x6fc0,
  0x77c0, 0x7fc0, 0x87c0, 0x8fc0, 0x97c0, 0x97c0, 0x9fc0, 0xa7c0,
  0xafc0, 0xb7c0, 0xbfc0, 0xbfc0, 0xc7c0, 0xcfc0, 0xcf60, 0xb660,
  0xa580, 0x8cc0, 0x73c0, 0x5ae0, 0x4200, 0x2940, 0x2100, 0x18c0,
  0x1060, 0x0020, 0x0000, 0x0000, 0x0000, 0x0000, 0x0000, 0x0000,
  0x0000, 0x0000, 0x0000, 0x0000, 0x0000, 0x0000, 0x0000, 0x0000,
  0x0000, 0x0000, 0x0000, 0x0000, 0x0000, 0x0000, 0x8451, 0xad55,
  0x0000, 0x0000, 0x0000, 0x0000, 0x1082, 0xce79, 0xe73c, 0x10a2,
  0x0000, 0x2965, 0xf7be, 0x0000, 0x0000, 0x0000, 0x39e7, 0xf79e,
  0x0000, 0x0000, 0x0000, 0x0000, 0x0000, 0x0000, 0x0000, 0x0000,
  0x0000, 0x0000, 0x0000, 0x0000, 0x0000, 0x0000, 0x0000, 0x0000,
  0x0000, 0x0000, 0x0000, 0x0000, 0x0000, 0x0000, 0x0000, 0x0000,
  0x0000, 0x0000, 0x0000, 0x0000, 0x0000, 0x0000, 0x0000, 0x0000,
  0x0000, 0x0000, 0x0000, 0x0000, 0x0000, 0x0000, 0x0000, 0x0000,
  0x0000, 0x0000, 0x0000, 0x0000, 0x0000, 0x0000, 0x0000, 0x0000,
  0x0000, 0x0000, 0x0000, 0x0000, 0x0000, 0x0000, 0x0000, 0x0000,
  0x0000, 0x0000, 0x0000, 0x0000, 0x0000, 0x0000, 0x0000, 0x0000,
  0x0000, 0x0000, 0x0000, 0x0020, 0xc659, 0x8430, 0x7bef, 0xdefb,
  0xffff, 0x632c, 0x0000, 0x0000, 0x0000, 0x0000, 0x0000, 0x0000,
  0x0000, 0x0000, 0x0000, 0x0000, 0x0000, 0x0000, 0x0000, 0x0000,
  0x0000, 0x0000, 0x0000, 0x0000, 0x0000, 0x0000, 0x0000, 0x0000,
  0x0000, 0x0000, 0x0000, 0x0841, 0xa534, 0x0000, 0x0000, 0x630c,
  0xd6ba, 0x0000, 0x0000, 0x0000, 0x0000, 0x0000, 0x0000, 0x0000,
  0x0000, 0x0000, 0x0000, 0x0000, 0xffdf, 0x5aeb, 0x94b2, 0xdefb,
  0xffff, 0xc638, 0x0000, 0x0000, 0x0000, 0x0000, 0x0000, 0x0000,
  0x0000, 0x0000, 0x0000, 0x0000, 0x0000, 0x528a, 0xad55, 0xe8c3,
  0xf800, 0x0000, 0x0000, 0x0000, 0x0000, 0x0020, 0x0120, 0x0260,
  0x0380, 0x0480, 0x0520, 0x05c0, 0x0660, 0x0700, 0x0720, 0x0740,
  0x0740, 0x0760, 0x0780, 0x0780, 0x07a0, 0x07a0, 0x07c0, 0x07c0,
  0x0fc0, 0x17c0, 0x1fc0, 0x27c0, 0x27c0, 0x2fc0, 0x37c0, 0x3fc0,
  0x47c0, 0x47c0, 0x4fc0, 0x57c0, 0x5fc0, 0x67c0, 0x6fc0, 0x6fc0,
  0x77c0, 0x7fc0, 0x87c0, 0x8fc0, 0x97c0, 0x97c0, 0x9fc0, 0xa7c0,
  0xafc0, 0xb7c0, 0xbfc0, 0xbfc0, 0xc7c0, 0xcfc0, 0xd7c0, 0xdfc0,
  0xdfc0, 0xe7c0, 0xefc0, 0xf7c0, 0xffc0, 0xffa0, 0xffa0, 0xff80,
  0xff60, 0xff60, 0xff20, 0xe680, 0xd5e0, 0xbd20, 0xa460, 0x7b60,
  0x5220, 0x2920, 0x0000, 0x0000, 0x0000, 0x0000, 0x0000, 0x0000,
  0x0000, 0x0000, 0x0000, 0x0000, 0x0000, 0x0000, 0x0000, 0x1082,
  0x0000, 0x0000, 0x0000, 0x632c, 0xf7be, 0x8410, 0x0000, 0x0000,
  0x0000, 0x4a69, 0xdedb, 0x0000, 0x0000, 0x0000, 0xad55, 0xc659,
  0x0000, 0x0000, 0x0000, 0x0000, 0x0000, 0x0000, 0x0000, 0x0000,
  0x0000, 0x0000, 0x0000, 0x0000, 0x0000, 0x0000, 0xad75, 0x2945,
  0x0000, 0x0000, 0x0000, 0x0000, 0x0000, 0x0000, 0x0000, 0x0000,
  0x0000, 0x0000, 0x0000, 0x0000, 0x0000, 0x0000, 0x0000, 0x0000,
  0x0000, 0x0000, 0x0000, 0x0000, 0x0000, 0x0000, 0x0000, 0x0000,
  0x0000, 0x0000, 0x0000, 0x0000, 0x0000, 0x0000, 0x0000, 0x0000,
  0x0000, 0x0000, 0x0000, 0x0000, 0x0000, 0x0000, 0x0000, 0x0000,
  0x0000, 0x0000, 0x0000, 0x0000, 0x0000, 0x0000, 0x0000, 0x0000,
  0x0000, 0x0000, 0x0000, 0x10a2, 0xffdf, 0xffff, 0xffff, 0xf7be,
  0x4a69, 0x0000, 0x0000, 0x0000, 0x0000, 0x0000, 0x0000, 0x0000,
  0x0000, 0x0000, 0x0000, 0x0000, 0x0000, 0x0000, 0x7bef, 0xd69a,
  0x8430, 0x0000, 0x0000, 0x0000, 0x0000, 0x0000, 0x0000, 0x0000,
  0x0000, 0x0000, 0x0000, 0x0000, 0x0000, 0x0000, 0xb5b6, 0xffff,
  0xef7d, 0x39c7, 0x0000, 0x0000, 0x0000, 0x0000, 0x0000, 0x0000,
  0x0000, 0x0000, 0x0000, 0x2945, 0xffff, 0xef5d, 0x8c51, 0x0020,
  0xffdf, 0x0841, 0x0000, 0x0000, 0x0000, 0x0000, 0x0000, 0x0000,
  0x0000, 0x0000, 0x0000, 0x0000, 0x0000, 0x0000, 0x0000, 0xb040,
  0xf800, 0x0580, 0x0640, 0x0660, 0x0660, 0x0680, 0x0680, 0x06a0,
  0x06c0, 0x06c0, 0x06e0, 0x06e0, 0x0700, 0x0720, 0x0720, 0x0740,
  0x0740, 0x0760, 0x0780, 0x0780, 0x07a0, 0x07a0, 0x07c0, 0x07c0,
  0x0fc0, 0x17c0, 0x1fc0, 0x27c0, 0x27c0, 0x2fc0, 0x37c0, 0x3fc0,
  0x47c0, 0x47c0, 0x4fc0, 0x57c0, 0x5fc0, 0x67c0, 0x6fc0, 0x6fc0,
  0x77c0, 0x7fc0, 0x87c0, 0x8fc0, 0x97c0, 0x97c0, 0x9fc0, 0xa7c0,
  0xafc0, 0xb7c0, 0xbfc0, 0xbfc0, 0xc7c0, 0xcfc0, 0xd7c0, 0xdfc0,
  0xdfc0, 0xe7c0, 0xefc0, 0xf7c0, 0xffc0, 0xffa0, 0xffa0, 0xff80,
  0xff60, 0xff60, 0xff40, 0xff20, 0xff20, 0xff00, 0xff00, 0xfee0,
  0xfec0, 0xfec0, 0xfea0, 0xfe80, 0xfe80, 0xfe60, 0xdd80, 0x8b60,
  0x3960, 0x0000, 0x0000, 0x0000, 0x0000, 0x0000, 0x0000, 0x0000,
  0x0000, 0x0000, 0x528a, 0xffff, 0xffdf, 0xce79, 0x7bef, 0x0000,
  0x0000, 0x2945, 0xef5d, 0x0000, 0x0000, 0x0000, 0xffdf, 0x528a,
  0x0000, 0x0000, 0x0000, 0x0000, 0x0000, 0x0000, 0x0000, 0x0000,
  0x0000, 0x0000, 0x0000, 0x0000, 0x0000, 0x0841, 0xf7df, 0x0000,
  0x0000, 0x0000, 0x0000, 0x0000, 0x0000, 0x0000, 0x2124, 0x0000,
  0x0000, 0x0000, 0x0000, 0x0000, 0x0000, 0x0000, 0x0000, 0x0000,
  0x0000, 0x0000, 0x0000, 0x0000, 0x0000, 0x0000, 0x0000, 0x0000,
  0x0000, 0x0000, 0x0000, 0x0000, 0x0000, 0x0000, 0x0000, 0x0000,
  0x0000, 0x0000, 0x0000, 0x0000, 0x0000, 0x0000, 0x0000, 0x0000,
  0x0000, 0x0000, 0x0000, 0x0000, 0x0000, 0x0000, 0x0000, 0x0000,
  0x0000, 0x0000, 0x0000, 0x0000, 0x0000, 0x0020, 0x0000, 0x0000,
  0x0000, 0x0000, 0x0000, 0x0000, 0x0000, 0x0000, 0x0000, 0x0000,
  0x0000, 0x0000, 0x0000, 0x0000, 0x0000, 0xdedb, 0xc638, 0x6b6d,
  0xef5d, 0xc618, 0x0000, 0x0000, 0x0000, 0x0000, 0x0000, 0x0000,
  0x0000, 0x0000, 0x0000, 0x0000, 0x0000, 0x0000, 0x10a2, 0x0000,
  0x4a69, 0xffdf, 0x0841, 0x0000, 0x0000, 0x0000, 0x0000, 0x0000,
  0x0000, 0x0000, 0x0000, 0x0000, 0x0000, 0x0000, 0x0000, 0x0000,
  0xd69a, 0x4228, 0x0000, 0x0000, 0x0000, 0x0000, 0x0000, 0x00c0,
  0x01c0, 0x0300, 0x0440, 0x0580, 0x05c0, 0x05e0, 0x05e0, 0x8ac0,
  0xf800, 0x0620, 0x0640, 0x0660, 0x0660, 0x0680, 0x0680, 0x06a0,
  0x06c0, 0x06c0, 0x06e0, 0x06e0, 0x0700, 0x0720, 0x0720, 0x0740,
  0x0740, 0x0760, 0x0780, 0x0780, 0x07a0, 0x07a0, 0x07c0, 0x07c0,
  0x0fc0, 0x17c0, 0x1fc0, 0x27c0, 0x27c0, 0x2fc0, 0x37c0, 0x3fc0,
  0x47c0, 0x47c0, 0x4fc0, 0x57c0, 0x5fc0, 0x67c0, 0x6fc0, 0x6fc0,
  0x77c0, 0x7fc0, 0x87c0, 0x8fc0, 0x97c0, 0x97c0, 0x9fc0, 0xa7c0,
  0xafc0, 0xb7c0, 0xbfc0, 0xbfc0, 0xc7c0, 0xcfc0, 0xd7c0, 0xdfc0,
  0xdfc0, 0xe7c0, 0xefc0, 0xf7c0, 0xffc0, 0xffa0, 0xffa0, 0xff80,
  0xff60, 0xff60, 0xff40, 0xff20, 0xff20, 0xff00, 0xff00, 0xfee0,
  0xfec0, 0xfec0, 0xfea0, 0xfe80, 0xfe80, 0xfe60, 0xfe40, 0xfe40,
  0xfe20, 0xfe20, 0xfe00, 0xfde0, 0xe520, 0xabe0, 0x7aa0, 0x49a0,
  0x20c0, 0x0000, 0x0000, 0x0020, 0x4a8a, 0x7c10, 0xce59, 0xef7d,
  0x18e3, 0x0841, 0xf79e, 0x5acb, 0x10a2, 0xad96, 0xe71c, 0x0000,
  0x0000, 0x0000, 0x0000, 0x0000, 0x0000, 0x0000, 0x0000, 0x0000,
  0x0000, 0x0000, 0x0020, 0xf79e, 0xb5b6, 0x73ae, 0xd6ba, 0x0000,
  0x0000, 0x0000, 0x0000, 0x0000, 0x0841, 0xbdd7, 0xffff, 0x5aeb,
  0x0000, 0x0000, 0x0000, 0x0000, 0x0000, 0x0000, 0x0000, 0x0000,
  0x0000, 0x0000, 0x0000, 0x0000, 0x0000, 0x0000, 0x0000, 0x0000,
  0x0000, 0x0000, 0x0000, 0x0000, 0x0000, 0x0000, 0x0000, 0x0000,
  0x0000, 0x0000, 0x0000, 0x0000, 0x0000, 0x0000, 0x0000, 0x0000,
  0x0000, 0x0000, 0x0000, 0x0000, 0x0000, 0x0000, 0x0000, 0x0000,
  0x0000, 0x0000, 0x0000, 0x0000, 0x0000, 0x0000, 0x0000, 0x0000,
  0x0000, 0x0000, 0x0000, 0x0000, 0x0000, 0x0000, 0x0000, 0x0000,
  0x0000, 0x0000, 0x0000, 0x0000, 0x0000, 0xef7d, 0x0000, 0x0000,
  0x52aa, 0xffff, 0x0000, 0x0000, 0x0000, 0x0000, 0x0000, 0x0000,
  0x0000, 0x0000, 0x0000, 0x0000, 0x0000, 0x0000, 0x0000, 0x0000,
  0x0000, 0xffdf, 0x18c3, 0x0000, 0x0000, 0x0000, 0x0000, 0x0000,
  0x0000, 0x0000, 0x0000, 0x0000, 0x0000, 0x0000, 0x0000, 0x0000,
  0x10a2, 0x0020, 0x0180, 0x0360, 0x0460, 0x04e0, 0x0540, 0x0560,
  0x0580, 0x0580, 0x05a0, 0x05c0, 0x05c0, 0x05e0, 0x05e0, 0x5400,
  0xf800, 0x2d20, 0x0640, 0x0660, 0x0660, 0x0680, 0x0680, 0x06a0,
  0x06c0, 0x06c0, 0x06e0, 0x06e0, 0x0700, 0x0720, 0x0720, 0x0740,
  0x0740, 0x0760, 0x0780, 0x0780, 0x07a0, 0x07a0, 0x07c0, 0x07c0,
  0x0fc0, 0x17c0, 0x1fc0, 0x27c0, 0x27c0, 0x2fc0, 0x37c0, 0x3fc0,
  0x47c0, 0x47c0, 0x4fc0, 0x57c0, 0x5fc0, 0x67c0, 0x6fc0, 0x6fc0,
  0x77c0, 0x7fc0, 0x87c0, 0x8fc0, 0x97c0, 0x97c0, 0x9fc0, 0xa7c0,
  0xafc0, 0xb7c0, 0xbfc0, 0xbfc0, 0xc7c0, 0xcfc0, 0xd7c0, 0xdfc0,
  0xdfc0, 0xe7c0, 0xefc0, 0xf7c0, 0xffc0, 0xffa0, 0xffa0, 0xff80,
  0xff60, 0xff60, 0xff40, 0xff20, 0xff20, 0xff00, 0xff00, 0xfee0,
  0xfec0, 0xfec0, 0xfea0, 0xfe80, 0xfe80, 0xfe60, 0xfe40, 0xfe40,
  0xfe20, 0xfe20, 0xfe00, 0xfde0, 0xfde0, 0xfdc0, 0xfda0, 0xfda0,
  0xfd80, 0xfd60, 0xece0, 0xd460, 0x8ac0, 0x28e0, 0x0000, 0x0000,
  0x0000, 0x0000, 0x2124, 0xe75d, 0xffff, 0xdedb, 0x1082, 0x0000,
  0x0000, 0x0000, 0x0000, 0x0000, 0x0000, 0x0000, 0x0000, 0x0000,
  0x0000, 0x0000, 0x0000, 0x10a2, 0x5acb, 0xef9e, 0xf7be, 0xb596,
  0x3186, 0x0000, 0x0000, 0x4228, 0xf79e, 0x94b2, 0xffff, 0x0000,
  0x0000, 0x1082, 0xc618, 0xdedb, 0x632c, 0x0000, 0x0000, 0x0000,
  0x0000, 0x0000, 0x0000, 0x0000, 0x0000, 0x0000, 0x0000, 0x0000,
  0x0000, 0x0000, 0x0000, 0x0000, 0x0000, 0x0000, 0x0000, 0x0000,
  0x0000, 0x0000, 0x0000, 0x0000, 0x0000, 0x0000, 0x0000, 0x0000,
  0x0000, 0x0000, 0x0000, 0x0000, 0x0000, 0x0000, 0x0000, 0x0000,
  0x0000, 0x0000, 0x0000, 0x0000, 0x0000, 0x0000, 0x0000, 0x0000,
  0x0000, 0x0000, 0x0000, 0x0000, 0x0000, 0x0000, 0x0000, 0x0000,
  0x0000, 0x0000, 0x0000, 0x0000, 0x0841, 0x8c51, 0x0000, 0x0000,
  0x4228, 0xffff, 0x0000, 0x0000, 0x0000, 0x0000, 0x0000, 0x0000,
  0x0000, 0x0000, 0x0000, 0x0000, 0x0861, 0xef7d, 0x18c3, 0x0000,
  0x31a6, 0xffdf, 0x0861, 0x0000, 0x0000, 0x0000, 0x0000, 0x0000,
  0x0000, 0x0000, 0x0000, 0x0020, 0x0080, 0x0140, 0x0300, 0x04a0,
  0x04e0, 0x04e0, 0x0500, 0x0520, 0x0520, 0x0540, 0x0540, 0x0560,
  0x0580, 0x0580, 0x05a0, 0x05c0, 0x05c0, 0x05e0, 0x05e0, 0x1d40,
  0xf800, 0x5c00, 0x0640, 0x0660, 0x0660, 0x0680, 0x0680, 0x06a0,
  0x06c0, 0x06c0, 0x06e0, 0x06e0, 0x0700, 0x0720, 0x0720, 0x0740,
  0x0740, 0x0760, 0x0780, 0x0780, 0x07a0, 0x07a0, 0x07c0, 0x07c0,
  0x0fc0, 0x17c0, 0x1fc0, 0x27c0, 0x27c0, 0x2fc0, 0x37c0, 0x3fc0,
  0x47c0, 0x47c0, 0x4fc0, 0x57c0, 0x5fc0, 0x67c0, 0x6fc0, 0x6fc0,
  0x77c0, 0x7fc0, 0x87c0, 0x8fc0, 0x97c0, 0x97c0, 0x9fc0, 0xa7c0,
  0xafc0, 0xb7c0, 0xbfc0, 0xbfc0, 0xc7c0, 0xcfc0, 0xd7c0, 0xdfc0,
  0xdfc0, 0xe7c0, 0xefc0, 0xf7c0, 0xffc0, 0xffa0, 0xffa0, 0xff80,
  0xff60, 0xff60, 0xff40, 0xff20, 0xff20, 0xff00, 0xff00, 0xfee0,
  0xfec0, 0xfec0, 0xfea0, 0xfe80, 0xfe80, 0xfe60, 0xfe40, 0xfe40,
  0xfe20, 0xfe20, 0xfe00, 0xfde0, 0xfde0, 0xfdc0, 0xfda0, 0xfda0,
  0xfd80, 0xfd80, 0xfd60, 0xfd40, 0xfd20, 0xfd20, 0xfd00, 0xfd00,
  0xe460, 0x8aa0, 0x30e0, 0x1060, 0x0000, 0x0000, 0x0000, 0x0000,
  0x0000, 0x0000, 0x0000, 0x0000, 0x0000, 0x0000, 0x0000, 0x0000,
  0x0000, 0x0000, 0x0000, 0x0000, 0x0000, 0xffdf, 0x10a2, 0x8410,
  0xbdf7, 0x0000, 0x9cd3, 0xf79e, 0x2945, 0x6b6d, 0xce9a, 0x0000,
  0x18c3, 0xffff, 0xa514, 0x5aeb, 0xef5d, 0x73ae, 0x0000, 0x0000,
  0x0000, 0x0000, 0x0000, 0x0000, 0x0000, 0x0000, 0x0000, 0x0000,
  0x0000, 0x0000, 0x0000, 0x0000, 0x0000, 0x0000, 0x0000, 0x0000,
  0x0000, 0x0000, 0x0000, 0x0000, 0x0000, 0x0000, 0x0000, 0x0000,
  0x0000, 0x0000, 0x0000, 0x0000, 0x0000, 0x0000, 0x0000, 0x0000,
  0x0000, 0x0000, 0x0000, 0x0000, 0x0000, 0x0000, 0x0000, 0x0000,
  0x0000, 0x0000, 0x0000, 0x0000, 0x0000, 0x0000, 0x0000, 0x0000,
  0x0000, 0x0000, 0x0000, 0x0000, 0x0000, 0x0000, 0x0000, 0x0000,
  0x9cf3, 0xbdd7, 0x0000, 0x0000, 0x0000, 0x0000, 0x0000, 0x0000,
  0x0000, 0x0000, 0x0000, 0x0000, 0x0000, 0x9cf3, 0xffdf, 0xef5d,
  0xf79e, 0x39e7, 0x0000, 0x0000, 0x0000, 0x0000, 0x0000, 0x0020,
  0x0180, 0x02e0, 0x03c0, 0x0480, 0x0480, 0x04a0, 0x04c0, 0x04c0,
  0x04e0, 0x04e0, 0x0500, 0x0520, 0x0520, 0x0540, 0x0540, 0x0560,
  0x0580, 0x0580, 0x05a0, 0x05c0, 0x05c0, 0x05e0, 0x05e0, 0x0600,
  0xf800, 0x8ac0, 0x0640, 0x0660, 0x0660, 0x0680, 0x0680, 0x06a0,
  0x06c0, 0x06c0, 0x06e0, 0x06e0, 0x0700, 0x0720, 0x0720, 0x0740,
  0x0740, 0x0760, 0x0780, 0x0780, 0x07a0, 0x07a0, 0x07c0, 0x07c0,
  0x0fc0, 0x17c0, 0x1fc0, 0x27c0, 0x27c0, 0x2fc0, 0x37c0, 0x3fc0,
  0x47c0, 0x47c0, 0x4fc0, 0x57c0, 0x5fc0, 0x67c0, 0x6fc0, 0x6fc0,
  0x77c0, 0x7fc0, 0x87c0, 0x8fc0, 0x97c0, 0x97c0, 0x9fc0, 0xa7c0,
  0xafc0, 0xb7c0, 0xbfc0, 0xbfc0, 0xc7c0, 0xcfc0, 0xd7c0, 0xdfc0,
  0xdfc0, 0xe7c0, 0xefc0, 0xf7c0, 0xffc0, 0xffa0, 0xffa0, 0xff80,
  0xff60, 0xff60, 0xff40, 0xff20, 0xff20, 0xff00, 0xff00, 0xfee0,
  0xfec0, 0xfec0, 0xfea0, 0xfe80, 0xfe80, 0xfe60, 0xfe40, 0xfe40,
  0xfe20, 0xfe20, 0xfe00, 0xfde0, 0xfde0, 0xfdc0, 0xfda0, 0xfda0,
  0xfd80, 0xfd80, 0xfd60, 0xfd40, 0xfd20, 0xfd20, 0xfd00, 0xfd00,
  0xfce0, 0xfcc0, 0xfcc0, 0xfca0, 0xfc80, 0xd3c0, 0x9aa0, 0x5160,
  0x0000, 0x0000, 0x0000, 0x0000, 0x0000, 0x0000, 0x0000, 0x0000,
  0x0000, 0x0000, 0x0000, 0x0000, 0x5acb, 0xd69a, 0x0000, 0x0000,
  0x1082, 0xe73c, 0xb596, 0x0841, 0x0000, 0xdedb, 0x2986, 0x0000,
  0xdedb, 0xb5b6, 0x0000, 0x0000, 0x4208, 0xffdf, 0x0000, 0x0000,
  0x0000, 0x0000, 0x0000, 0x0000, 0x0000, 0x0000, 0x0000, 0x0000,
  0x0000, 0x0000, 0x0000, 0x0000, 0x0000, 0x0000, 0x0000, 0x0000,
  0x0000, 0x0000, 0x0000, 0x0000, 0x0000, 0x0000, 0x0000, 0x0000,
  0x0000, 0x0000, 0x0000, 0x0000, 0x0000, 0x0000, 0x0000, 0x0000,
  0x0000, 0x0000, 0x0000, 0x0000, 0x0000, 0x0000, 0x0000, 0x0000,
  0x0000, 0x0000, 0x0000, 0x0000, 0x0000, 0x0000, 0x0000, 0x0000,
  0x0000, 0x0000, 0x0000, 0x0000, 0x0000, 0x0000, 0x0000, 0x0861,
  0xffdf, 0x0000, 0x0000, 0x0000, 0x0000, 0x0000, 0x0000, 0x0000,
  0x0000, 0x0000, 0x0000, 0x0000, 0x0000, 0x0000, 0x0000, 0x0000,
  0x0000, 0x0000, 0x0000, 0x0020, 0x0200, 0x0400, 0x0420, 0x0420,
  0x0440, 0x0460, 0x0460, 0x0480, 0x0480, 0x04a0, 0x04c0, 0x04c0,
  0x04e0, 0x04e0, 0x0500, 0x0520, 0x0520, 0x0540, 0x0540, 0x0560,
  0x0580, 0x0580, 0x05a0, 0x05c0, 0x05c0, 0x05e0, 0x05e0, 0x0600,
  0xf800, 0xb1c0, 0x0640, 0x0660, 0x0660, 0x0680, 0x0680, 0x06a0,
  0x06c0, 0x06c0, 0x06e0, 0x06e0, 0x0700, 0x0720, 0x0720, 0x0740,
  0x0740, 0x0760, 0x0780, 0x0780, 0x07a0, 0x07a0, 0x07c0, 0x07c0,
  0x0fc0, 0x17c0, 0x1fc0, 0x27c0, 0x27c0, 0x2fc0, 0x37c0, 0x3fc0,
  0x47c0, 0x47c0, 0x4fc0, 0x57c0, 0x5fc0, 0x67c0, 0x6fc0, 0x6fc0,
  0x77c0, 0x7fc0, 0x87c0, 0x8fc0, 0x97c0, 0x97c0, 0x9fc0, 0xa7c0,
  0xafc0, 0xb7c0, 0xbfc0, 0xbfc0, 0xc7c0, 0xcfc0, 0xd7c0, 0xdfc0,
  0xdfc0, 0xe7c0, 0xefc0, 0xf7c0, 0xffc0, 0xffa0, 0xffa0, 0xff80,
  0xff60, 0xff60, 0xff40, 0xff20, 0xff20, 0xff00, 0xff00, 0xfee0,
  0xfec0, 0xfec0, 0xfea0, 0xfe80, 0xfe80, 0xfe60, 0xfe40, 0xfe40,
  0xfe20, 0xfe20, 0xfe00, 0xfde0, 0xfde0, 0xfdc0, 0xfda0, 0xfda0,
  0xfd80, 0xfd80, 0xfd60, 0xfd40, 0xfd20, 0xfd20, 0xfd00, 0xfd00,
  0xfce0, 0xfcc0, 0xfcc0, 0xfca0, 0xfc80, 0xfc80, 0xfc60, 0xfc40,
  0xfc40, 0xfc20, 0xdb80, 0x5140, 0x0000, 0x0000, 0x0000, 0x0000,
  0x0000, 0x0000, 0x0000, 0x0000, 0x0841, 0x528a, 0x0000, 0x0000,
  0x10a2, 0xef7d, 0xffff, 0xc638, 0x2104, 0xffff, 0x0020, 0x2965,
  0xffff, 0x0000, 0x0000, 0x0000, 0x31a6, 0xffff, 0x0000, 0x0000,
  0x0000, 0x0000, 0x0000, 0x0000, 0x0000, 0x0000, 0x0000, 0x0020,
  0x0000, 0x0000, 0x0000, 0x0000, 0x0000, 0x0000, 0x0000, 0x0000,
  0x0000, 0x0000, 0x0000, 0x0000, 0x0000, 0x0000, 0x0000, 0x0000,
  0x0000, 0x0000, 0x0000, 0x0000, 0x0000, 0x0000, 0x0000, 0x0000,
  0x0000, 0x0000, 0x0000, 0x0000, 0x0000, 0x7bcf, 0x7bef, 0x0000,
  0x0000, 0x0000, 0x0000, 0x0000, 0x0000, 0x0000, 0x0000, 0x0000,
  0x0000, 0x0000, 0x0000, 0x0000, 0x0000, 0x0000, 0x0000, 0xad55,
  0x9492, 0x0000, 0x0000, 0x0000, 0x0000, 0x0000, 0x0000, 0x0000,
  0x0000, 0x0000, 0x0000, 0x0000, 0x0000, 0x0000, 0x0000, 0x0100,
  0x0200, 0x0340, 0x03c0, 0x03e0, 0x0400, 0x0400, 0x0420, 0x0420,
  0x0440, 0x0460, 0x0460, 0x0480, 0x0480, 0x04a0, 0x04c0, 0x04c0,
  0x04e0, 0x04e0, 0x0500, 0x0520, 0x0520, 0x0540, 0x0540, 0x0560,
  0x0580, 0x0580, 0x05a0, 0x05c0, 0x05c0, 0x05e0, 0x05e0, 0x0600,
  0xf800, 0xd8e0, 0x0640, 0x0660, 0x0660, 0x0680, 0x0680, 0x06a0,
  0x06c0, 0x06c0, 0x06e0, 0x06e0, 0x0700, 0x0720, 0x0720, 0x0740,
  0x0740, 0x0760, 0x0780, 0x0780, 0x07a0, 0x07a0, 0x07c0, 0x07c0,
  0x0fc0, 0x17c0, 0x1fc0, 0x27c0, 0x27c0, 0x2fc0, 0x37c0, 0x3fc0,
  0x47c0, 0x47c0, 0x4fc0, 0x57c0, 0x5fc0, 0x67c0, 0x6fc0, 0x6fc0,
  0x77c0, 0x7fc0, 0x87c0, 0x8fc0, 0x97c0, 0x97c0, 0x9fc0, 0xa7c0,
  0xafc0, 0xb7c0, 0xbfc0, 0xbfc0, 0xc7c0, 0xcfc0, 0xd7c0, 0xdfc0,
  0xdfc0, 0xe7c0, 0xefc0, 0xf7c0, 0xffc0, 0xffa0, 0xffa0, 0xff80,
  0xff60, 0xff60, 0xff40, 0xff20, 0xff20, 0xff00, 0xff00, 0xfee0,
  0xfec0, 0xfec0, 0xfea0, 0xfe80, 0xfe80, 0xfe60, 0xfe40, 0xfe40,
  0xfe20, 0xfe20, 0xfe00, 0xfde0, 0xfde0, 0xfdc0, 0xfda0, 0xfda0,
  0xfd80, 0xfd80, 0xfd60, 0xfd40, 0xfd20, 0xfd20, 0xfd00, 0xfd00,
  0xfce0, 0xfcc0, 0xfcc0, 0xfca0, 0xfc80, 0xfc80, 0xfc60, 0xfc40,
  0xfc40, 0xfc20, 0xfc20, 0xfc00, 0xfbe0, 0xfbc0, 0xcb00, 0x79c0,
  0x38c0, 0x0000, 0x0000, 0x0000, 0x0000, 0x0000, 0x0000, 0x0000,
  0x0000, 0x0000, 0x0020, 0x630c, 0xe73c, 0xf7be, 0xb596, 0x7bcf,
  0xdefb, 0x0000, 0x0000, 0x0000, 0x5acb, 0xf7be, 0x0000, 0x0000,
  0x0000, 0x0000, 0x0000, 0x0000, 0x0000, 0x0000, 0x2945, 0xffdf,
  0x0000, 0x0000, 0x0000, 0x0000, 0x0000, 0x0000, 0x0000, 0x0000,
  0x0000, 0x0000, 0x0000, 0x0000, 0x0000, 0x0000, 0x0000, 0x0000,
  0x0000, 0x0000, 0x0000, 0x0000, 0x0000, 0x0000, 0x0000, 0x0000,
  0x0000, 0x0000, 0x0000, 0x0000, 0x0861, 0xffdf, 0xe73c, 0x0000,
  0x0000, 0x0000, 0x0000, 0x0000, 0x0000, 0x0000, 0x0000, 0x0000,
  0x0000, 0x0000, 0x0000, 0x0000, 0x0000, 0x0000, 0x0841, 0xf7be,
  0x0861, 0x73cf, 0xce79, 0x8c71, 0x0000, 0x0000, 0x0000, 0x0000,
  0x0000, 0x0000, 0x0000, 0x0060, 0x0220, 0x0300, 0x0380, 0x03a0,
  0x03a0, 0x03c0, 0x03c0, 0x03e0, 0x0400, 0x0400, 0x0420, 0x0420,
  0x0440, 0x0460, 0x0460, 0x0480, 0x0480, 0x04a0, 0x04c0, 0x04c0,
  0x04e0, 0x04e0, 0x0500, 0x0520, 0x0520, 0x0540, 0x0540, 0x0560,
  0x0580, 0x0580, 0x05a0, 0x05c0, 0x05c0, 0x05e0, 0x05e0, 0x0600,
  0xc920, 0xf800, 0x0620, 0x0660, 0x0660, 0x0680, 0x0680, 0x06a0,
  0x06c0, 0x06c0, 0x06e0, 0x06e0, 0x0700, 0x0720, 0x0720, 0x0740,
  0x0740, 0x0760, 0x0780, 0x0780, 0x07a0, 0x07a0, 0x07c0, 0x07c0,
  0x0fc0, 0x17c0, 0x1fc0, 0x27c0, 0x27c0, 0x2fc0, 0x37c0, 0x3fc0,
  0x47c0, 0x47c0, 0x4fc0, 0x57c0, 0x5fc0, 0x67c0, 0x6fc0, 0x6fc0,
  0x77c0, 0x7fc0, 0x87c0, 0x8fc0, 0x97c0, 0x97c0, 0x9fc0, 0xa7c0,
  0xafc0, 0xb7c0, 0xbfc0, 0xbfc0, 0xc7c0, 0xcfc0, 0xd7c0, 0xdfc0,
  0xdfc0, 0xe7c0, 0xefc0, 0xf7c0, 0xffc0, 0xffa0, 0xffa0, 0xff80,
  0xff60, 0xff60, 0xff40, 0xff20, 0xff20, 0xff00, 0xff00, 0xfee0,
  0xfec0, 0xfec0, 0xfea0, 0xfe80, 0xfe80, 0xfe60, 0xfe40, 0xfe40,
  0xfe20, 0xfe20, 0xfe00, 0xfde0, 0xfde0, 0xfdc0, 0xfda0, 0xfda0,
  0xfd80, 0xfd80, 0xfd60, 0xfd40, 0xfd20, 0xfd20, 0xfd00, 0xfd00,
  0xfce0, 0xfcc0, 0xfcc0, 0xfca0, 0xfc80, 0xfc80, 0xfc60, 0xfc40,
  0xfc40, 0xfc20, 0xfc20, 0xfc00, 0xfbe0, 0xfbc0, 0xfbc0, 0xfba0,
  0xfba0, 0xf360, 0xdb00, 0x89c0, 0x0820, 0x0000, 0x0000, 0x0000,
  0x0000, 0x0000, 0x0000, 0x0000, 0xf79e, 0x630c, 0x2945, 0xb5d7,
  0xa514, 0x0000, 0x0000, 0x0000, 0xce79, 0xb596, 0x0000, 0x0000,
  0x0000, 0x0000, 0x0000, 0x4228, 0xbdf7, 0x0841, 0xad55, 0x8c92,
  0x0000, 0x0000, 0x0000, 0x0000, 0x0000, 0x0000, 0xad55, 0xb5b6,
  0x10a2, 0x0000, 0x0000, 0x0000, 0x0000, 0x0000, 0x0000, 0x0000,
  0x0000, 0x0000, 0x0000, 0x0000, 0x0000, 0x0000, 0x0000, 0x0000,
  0x0000, 0x0000, 0x0000, 0x0000, 0x9cf3, 0xb5b6, 0xffff, 0x2945,
  0x0000, 0x0000, 0x0000, 0x0000, 0x0000, 0x0000, 0x0000, 0x0000,
  0x0000, 0x0000, 0x0000, 0x0000, 0x0000, 0x0000, 0xce59, 0xf7be,
  0xf7be, 0xdefb, 0x8c51, 0x10a2, 0x0000, 0x0000, 0x0000, 0x0060,
  0x0140, 0x02c0, 0x0320, 0x0340, 0x0360, 0x0360, 0x0380, 0x03a0,
  0x03a0, 0x03c0, 0x03c0, 0x03e0, 0x0400, 0x0400, 0x0420, 0x0420,
  0x0440, 0x0460, 0x0460, 0x0480, 0x0480, 0x04a0, 0x04c0, 0x04c0,
  0x04e0, 0x04e0, 0x0500, 0x0520, 0x0520, 0x0540, 0x0540, 0x0560,
  0x0580, 0x0580, 0x05a0, 0x05c0, 0x05c0, 0x05e0, 0x05e0, 0x0600,
  0x7340, 0xf800, 0x15c0, 0x0660, 0x0660, 0x0680, 0x0680, 0x06a0,
  0x06c0, 0x06c0, 0x06e0, 0x06e0, 0x0700, 0x0720, 0x0720, 0x0740,
  0x0740, 0x0760, 0x0780, 0x0780, 0x07a0, 0x07a0, 0x07c0, 0x07c0,
  0x0fc0, 0x17c0, 0x1fc0, 0x27c0, 0x27c0, 0x2fc0, 0x37c0, 0x3fc0,
  0x47c0, 0x47c0, 0x4fc0, 0x57c0, 0x5fc0, 0x67c0, 0x6fc0, 0x6fc0,
  0x77c0, 0x7fc0, 0x87c0, 0x8fc0, 0x97c0, 0x97c0, 0x9fc0, 0xa7c0,
  0xafc0, 0xb7c0, 0xbfc0, 0xbfc0, 0xc7c0, 0xcfc0, 0xd7c0, 0xdfc0,
  0xdfc0, 0xe7c0, 0xefc0, 0xf7c0, 0xffc0, 0xffa0, 0xffa0, 0xff80,
  0xff60, 0xff60, 0xff40, 0xff20, 0xff20, 0xff00, 0xff00, 0xfee0,
  0xfec0, 0xfec0, 0xfea0, 0xfe80, 0xfe80, 0xfe60, 0xfe40, 0xfe40,
  0xfe20, 0xfe20, 0xfe00, 0xfde0, 0xfde0, 0xfdc0, 0xfda0, 0xfda0,
  0xfd80, 0xfd80, 0xfd60, 0xfd40, 0xfd20, 0xfd20, 0xfd00, 0xfd00,
  0xfce0, 0xfcc0, 0xfcc0, 0xfca0, 0xfc80, 0xfc80, 0xfc60, 0xfc40,
  0xfc40, 0xfc20, 0xfc20, 0xfc00, 0xfbe0, 0xfbc0, 0xfbc0, 0xfba0,
  0xfba0, 0xfb80, 0xfb60, 0xfb60, 0xfb40, 0xfb20, 0xd280, 0x5920,
  0x1840, 0x0000, 0x0000, 0x0020, 0xf79e, 0x0000, 0x0000, 0xad55,
  0xa534, 0x0000, 0x0000, 0x10a2, 0xffdf, 0x2124, 0x0000, 0x0000,
  0x0000, 0x0000, 0x0000, 0x0000, 0x73ae, 0xe75d, 0xffff, 0x4a69,
  0x0000, 0x0000, 0x0000, 0x0000, 0x4208, 0xf7be, 0xe73c, 0x39c7,
  0x0000, 0x0000, 0x0000, 0x0000, 0x0000, 0x0000, 0x0000, 0x0000,
  0x0000, 0x0000, 0x0000, 0x0000, 0x0000, 0x0000, 0x0000, 0x0000,
  0x0000, 0x0000, 0x0000, 0x0020, 0xe73c, 0x0841, 0xbe18, 0xad96,
  0x0000, 0x0000, 0x0000, 0x0000, 0x0000, 0x0000, 0x0000, 0x0000,
  0x0000, 0x0000, 0x0000, 0x0000, 0x0000, 0x0000, 0x9cd3, 0x4228,
  0x0861, 0x0000, 0x0000, 0x0000, 0x00e0, 0x0200, 0x02e0, 0x0300,
  0x0300, 0x0320, 0x0320, 0x0340, 0x0360, 0x0360, 0x0380, 0x03a0,
  0x03a0, 0x03c0, 0x03c0, 0x03e0, 0x0400, 0x0400, 0x0420, 0x0420,
  0x0440, 0x0460, 0x0460, 0x0480, 0x0480, 0x04a0, 0x04c0, 0x04c0,
  0x04e0, 0x04e0, 0x0500, 0x0520, 0x0520, 0x0540, 0x0540, 0x0560,
  0x0580, 0x0580, 0x05a0, 0x05c0, 0x05c0, 0x05e0, 0x05e0, 0x0600,
  0x1d60, 0xf800, 0x2560, 0x0660, 0x0660, 0x0680, 0x0680, 0x06a0,
  0x06c0, 0x06c0, 0x06e0, 0x06e0, 0x0700, 0x0720, 0x0720, 0x0740,
  0x0740, 0x0760, 0x0780, 0x0780, 0x07a0, 0x07a0, 0x07c0, 0x07c0,
  0x0fc0, 0x17c0, 0x1fc0, 0x27c0, 0x27c0, 0x2fc0, 0x37c0, 0x3fc0,
  0x47c0, 0x47c0, 0x4fc0, 0x57c0, 0x5fc0, 0x67c0, 0x6fc0, 0x6fc0,
  0x77c0, 0x7fc0, 0x87c0, 0x8fc0, 0x97c0, 0x97c0, 0x9fc0, 0xa7c0,
  0xafc0, 0xb7c0, 0xbfc0, 0xbfc0, 0xc7c0, 0xcfc0, 0xd7c0, 0xdfc0,
  0xdfc0, 0xe7c0, 0xefc0, 0xf7c0, 0xffc0, 0xffa0, 0xffa0, 0xff80,
  0xff60, 0xff60, 0xff40, 0xff20, 0xff20, 0xff00, 0xff00, 0xfee0,
  0xfec0, 0xfec0, 0xfea0, 0xfe80, 0xfe80, 0xfe60, 0xfe40, 0xfe40,
  0xfe20, 0xfe20, 0xfe00, 0xfde0, 0xfde0, 0xfdc0, 0xfda0, 0xfda0,
  0xfd80, 0xfd80, 0xfd60, 0xfd40, 0xfd20, 0xfd20, 0xfd00, 0xfd00,
  0xfce0, 0xfcc0, 0xfcc0, 0xfca0, 0xfc80, 0xfc80, 0xfc60, 0xfc40,
  0xfc40, 0xfc20, 0xfc20, 0xfc00, 0xfbe0, 0xfbc0, 0xfbc0, 0xfba0,
  0xfba0, 0xfb80, 0xfb60, 0xfb60, 0xfb40, 0xfb20, 0xfb20, 0xfb00,
  0xfb00, 0xe2a0, 0xa1c0, 0x40a0, 0x0861, 0x0000, 0x0000, 0x31a6,
  0xf7be, 0x39e7, 0x2965, 0xef5d, 0xa534, 0x0000, 0x0000, 0x0000,
  0x0000, 0x0000, 0x0000, 0x0000, 0x0000, 0x8430, 0xce59, 0xce79,
  0xef5d, 0x31a6, 0x0000, 0xbdf7, 0xffdf, 0x6b4d, 0x0000, 0x0000,
  0x0000, 0x0000, 0x0861, 0x4a69, 0x0000, 0x0000, 0x0000, 0x0000,
  0x0000, 0x0000, 0x0000, 0x0000, 0x0000, 0x0000, 0x0000, 0x0000,
  0x0000, 0x0000, 0x0000, 0x0000, 0x0000, 0x0000, 0x31a6, 0xffff,
  0x0000, 0x0000, 0x0000, 0x0000, 0x0000, 0x0000, 0x0000, 0x0000,
  0x0000, 0x0000, 0x0000, 0x0000, 0x0000, 0x0000, 0x0000, 0x0000,
  0x0000, 0x0140, 0x0280, 0x02a0, 0x02c0, 0x02c0, 0x02e0, 0x0300,
  0x0300, 0x0320, 0x0320, 0x0340, 0x0360, 0x0360, 0x0380, 0x03a0,
  0x03a0, 0x03c0, 0x03c0, 0x03e0, 0x0400, 0x0400, 0x0420, 0x0420,
  0x0440, 0x0460, 0x0460, 0x0480, 0x0480, 0x04a0, 0x04c0, 0x04c0,
  0x04e0, 0x04e0, 0x0500, 0x0520, 0x0520, 0x0540, 0x0540, 0x0560,
  0x0580, 0x0580, 0x05a0, 0x05c0, 0x05c0, 0x05e0, 0x05e0, 0x0600,
  0x0620, 0xf800, 0x3cc0, 0x0660, 0x0660, 0x0680, 0x0680, 0x06a0,
  0x06c0, 0x06c0, 0x06e0, 0x06e0, 0x0700, 0x0720, 0x0720, 0x0740,
  0x0740, 0x0760, 0x0760, 0x0760, 0x0760, 0x0760, 0x0760, 0x0760,
  0x0f40, 0x16a0, 0x15e0, 0x1520, 0x1480, 0x13c0, 0x1300, 0x1260,
  0x11e0, 0x11a0, 0x0960, 0x0900, 0x08e0, 0x0080, 0x0060, 0x0060,
  0x0860, 0x0860, 0x10e0, 0x10e0, 0x10e0, 0x1960, 0x21a0, 0x3240,
  0x3ac0, 0x4b40, 0x5be0, 0x7480, 0x8520, 0x9de0, 0xbee0, 0xcf40,
  0xd760, 0xdf60, 0xe780, 0xef80, 0xf7a0, 0xffa0, 0xffa0, 0xff80,
  0xff60, 0xff60, 0xff40, 0xff20, 0xff20, 0xff00, 0xff00, 0xfee0,
  0xfec0, 0xfec0, 0xfea0, 0xfe80, 0xfe80, 0xfe60, 0xfe40, 0xfe40,
  0xfe20, 0xfe20, 0xfe00, 0xfde0, 0xfde0, 0xfdc0, 0xfda0, 0xfda0,
  0xfd80, 0xfd80, 0xfd60, 0xfd40, 0xfd20, 0xfd20, 0xfd00, 0xfd00,
  0xfce0, 0xfcc0, 0xfcc0, 0xfca0, 0xfc80, 0xfc80, 0xfc60, 0xfc40,
  0xfc40, 0xfc20, 0xfc20, 0xfc00, 0xfbe0, 0xfbc0, 0xfbc0, 0xfba0,
  0xfba0, 0xfb80, 0xfb60, 0xfb60, 0xfb40, 0xfb20, 0xfb20, 0xfb00,
  0xfb00, 0xfae0, 0xfac0, 0xfac0, 0xfaa0, 0xea60, 0x50c0, 0x0800,
  0x5aeb, 0xf7be, 0xf7be, 0xa534, 0x0000, 0x0000, 0x0000, 0x0000,
  0x0000, 0x0000, 0x0000, 0x0000, 0x0000, 0xffff, 0x39c7, 0x0000,
  0x0020, 0x0020, 0xffdf, 0xffdf, 0xffdf, 0xd6ba, 0x0841, 0x0000,
  0x0000, 0x8c71, 0xffdf, 0xf79e, 0xffdf, 0x6b4d, 0x0000, 0x0000,
  0x0000, 0x0000, 0x0000, 0x0000, 0x0000, 0x0000, 0x0000, 0x0000,
  0x0000, 0x0000, 0x0000, 0x0000, 0x0000, 0x0000, 0x0000, 0xef7d,
  0x6b6d, 0x0000, 0x0000, 0x0000, 0x0000, 0x0000, 0x0000, 0x0000,
  0x0000, 0x0000, 0x0000, 0x0000, 0x0000, 0x0080, 0x0160, 0x0240,
  0x0260, 0x0280, 0x02a0, 0x02a0, 0x02c0, 0x02c0, 0x02e0, 0x0300,
  0x0300, 0x0320, 0x0320, 0x0340, 0x0360, 0x0360, 0x0380, 0x03a0,
  0x03a0, 0x03c0, 0x03c0, 0x03e0, 0x0400, 0x0400, 0x0420, 0x0420,
  0x0440, 0x0460, 0x0460, 0x0480, 0x0480, 0x04a0, 0x04c0, 0x04c0,
  0x04e0, 0x04e0, 0x0500, 0x0520, 0x0520, 0x0540, 0x0540, 0x0560,
  0x0580, 0x0580, 0x05a0, 0x05c0, 0x05c0, 0x05e0, 0x05e0, 0x0600,
  0x0620, 0xf800, 0x8300, 0x0660, 0x0660, 0x0680, 0x0680, 0x06a0,
  0x06c0, 0x0680, 0x05c0, 0x0520, 0x0480, 0x03e0, 0x0300, 0x0220,
  0x0140, 0x0060, 0x0000, 0x0001, 0x0003, 0x0005, 0x0008, 0x000a,
  0x000c, 0x000e, 0x000f, 0x0011, 0x0013, 0x0014, 0x0016, 0x0018,
  0x0019, 0x001a, 0x001b, 0x001b, 0x001c, 0x001d, 0x001d, 0x001d,
  0x001d, 0x001d, 0x001c, 0x001c, 0x001c, 0x001b, 0x001a, 0x0019,
  0x0018, 0x0016, 0x0015, 0x0013, 0x0012, 0x0010, 0x000e, 0x000b,
  0x000a, 0x0008, 0x0006, 0x0004, 0x0002, 0x0000, 0x18e0, 0x39a0,
  0x5280, 0x7340, 0x9400, 0xa4c0, 0xc580, 0xe640, 0xfee0, 0xfee0,
  0xfec0, 0xfec0, 0xfea0, 0xfe80, 0xfe80, 0xfe60, 0xfe40, 0xfe40,
  0xfe20, 0xfe20, 0xfe00, 0xfde0, 0xfde0, 0xfdc0, 0xfda0, 0xfda0,
  0xfd80, 0xfd80, 0xfd60, 0xfd40, 0xfd20, 0xfd20, 0xfd00, 0xfd00,
  0xfce0, 0xfcc0, 0xfcc0, 0xfca0, 0xfc80, 0xfc80, 0xfc60, 0xfc40,
  0xfc40, 0xfc20, 0xfc20, 0xfc00, 0xfbe0, 0xfbc0, 0xfbc0, 0xfba0,
  0xfba0, 0xfb80, 0xfb60, 0xfb60, 0xfb40, 0xfb20, 0xfb20, 0xfb00,
  0xfb00, 0xfae0, 0xfac0, 0xfac0, 0xfaa0, 0xfa80, 0xfa80, 0xfa60,
  0xe200, 0x7900, 0x2040, 0x0000, 0x0000, 0x0000, 0x0000, 0x0000,
  0x0000, 0x0000, 0x0000, 0x0000, 0x2104, 0xdedb, 0x0000, 0x0000,
  0x0000, 0x94d3, 0xf79e, 0x0861, 0x0000, 0xad55, 0xdedb, 0x0000,
  0x52aa, 0xffff, 0x31a6, 0x0000, 0x18e3, 0xffdf, 0x0841, 0x0000,
  0x0000, 0x0000, 0x0000, 0x0000, 0x0000, 0x0000, 0x0000, 0x0000,
  0x0000, 0x0000, 0x0000, 0x0000, 0x0000, 0x0000, 0x0000, 0x9492,
  0xef5d, 0x0000, 0x0000, 0x0000, 0x0000, 0x0000, 0x0000, 0x0000,
  0x0000, 0x0000, 0x0060, 0x01a0, 0x0200, 0x0240, 0x0240, 0x0260,
  0x0260, 0x0280, 0x02a0, 0x02a0, 0x02c0, 0x02c0, 0x02e0, 0x0300,
  0x0300, 0x0320, 0x0320, 0x0340, 0x0360, 0x0360, 0x0380, 0x03a0,
  0x03a0, 0x03c0, 0x03c0, 0x03e0, 0x0400, 0x0400, 0x0420, 0x0420,
  0x0440, 0x0460, 0x0460, 0x0480, 0x0480, 0x04a0, 0x04c0, 0x04c0,
  0x04e0, 0x04e0, 0x0500, 0x0520, 0x0520, 0x0540, 0x0540, 0x0560,
  0x0580, 0x0580, 0x05a0, 0x05c0, 0x05c0, 0x05e0, 0x05e0, 0x0600,
  0x0620, 0xf800, 0xc920, 0x03c0, 0x0240, 0x00c0, 0x0080, 0x0060,
  0x0020, 0x0000, 0x0006, 0x000d, 0x0013, 0x0019, 0x001c, 0x001d,
  0x001e, 0x001e, 0x001f, 0x001f, 0x001f, 0x001f, 0x001f, 0x001f,
  0x001f, 0x083f, 0x52bf, 0x001f, 0x001f, 0x001f, 0x001f, 0x39ff,
  0x843f, 0x18ff, 0x001f, 0x001f, 0x001f, 0x001f, 0x001f, 0x001f,
  0x001f, 0x001f, 0x001f, 0x001f, 0x001f, 0x001f, 0x085f, 0x8c7f,
  0x001f, 0x001f, 0x001f, 0x001f, 0x18df, 0x843f, 0x4a7f, 0x001f,
  0x001f, 0x001f, 0x001f, 0x001f, 0x001f, 0x001f, 0x001e, 0x001e,
  0x001d, 0x001c, 0x001a, 0x0014, 0x000d, 0x0006, 0x0000, 0x0820,
  0x1060, 0x1880, 0x2900, 0x6ac0, 0xb4a0, 0xfe40, 0xfe40, 0xfe40,
  0xfe20, 0xfe20, 0xfe00, 0xfde0, 0xfde0, 0xfdc0, 0xfda0, 0xfda0,
  0xfd80, 0xfd80, 0xfd60, 0xfd40, 0xfd20, 0xfd20, 0xfd00, 0xfd00,
  0xfce0, 0xfcc0, 0xfcc0, 0xfca0, 0xfc80, 0xfc80, 0xfc60, 0xfc40,
  0xfc40, 0xfc20, 0xfc20, 0xfc00, 0xfbe0, 0xfbc0, 0xfbc0, 0xfba0,
  0xfba0, 0xfb80, 0xfb60, 0xfb60, 0xfb40, 0xfb20, 0xfb20, 0xfb00,
  0xfb00, 0xfae0, 0xfac0, 0xfac0, 0xfaa0, 0xfa80, 0xfa80, 0xfa60,
  0xfa40, 0xfa40, 0xfa20, 0xf200, 0xa960, 0x1020, 0x0000, 0x0000,
  0x0000, 0x0000, 0x0000, 0x0000, 0x0000, 0x0000, 0x0000, 0x0000,
  0x0000, 0xdefb, 0x630c, 0x0000, 0x0000, 0x2945, 0xffff, 0x0000,
  0xef7d, 0x7bcf, 0x0000, 0x0000, 0x0000, 0xffff, 0x10a2, 0x0000,
  0x0000, 0x0000, 0x0000, 0x0000, 0x0000, 0x0000, 0x0000, 0x0000,
  0x0000, 0x0000, 0x0000, 0x0000, 0x0000, 0x0000, 0x0000, 0x1082,
  0xffff, 0xe71c, 0xe73c, 0x0000, 0x0000, 0x0000, 0x0000, 0x0060,
  0x0160, 0x01e0, 0x0200, 0x0200, 0x0220, 0x0240, 0x0240, 0x0260,
  0x0260, 0x0280, 0x02a0, 0x02a0, 0x02c0, 0x02c0, 0x02e0, 0x0300,
  0x0300, 0x0320, 0x0320, 0x0340, 0x0360, 0x0360, 0x0380, 0x03a0,
  0x03a0, 0x03c0, 0x03c0, 0x03e0, 0x0400, 0x0400, 0x0420, 0x0420,
  0x0440, 0x0460, 0x0460, 0x0480, 0x0480, 0x04a0, 0x04c0, 0x04c0,
  0x04e0, 0x04e0, 0x0500, 0x0520, 0x0520, 0x0540, 0x0540, 0x0560,
  0x0580, 0x0580, 0x0540, 0x04c0, 0x03c0, 0x0260, 0x00e0, 0x0000,
  0x0002, 0xd000, 0xf800, 0x000f, 0x0016, 0x001c, 0x001f, 0x001f,
  0x001f, 0x001f, 0x001f, 0x001f, 0x001f, 0x001f, 0x001f, 0x001f,
  0x001f, 0x001f, 0x001f, 0x001f, 0x001f, 0x001f, 0x001f, 0x001f,
  0x18ff, 0xf7bf, 0xe73f, 0x001f, 0x001f, 0x001f, 0xc61f, 0xef5f,
  0xad5f, 0xf79f, 0x739f, 0x001f, 0x001f, 0x001f, 0x001f, 0x001f,
  0x001f, 0x001f, 0x001f, 0x001f, 0x001f, 0x295f, 0xf79f, 0xffff,
  0x001f, 0x001f, 0x001f, 0x947f, 0xf7bf, 0xb5bf, 0xef5f, 0xce5f,
  0x001f, 0x001f, 0x001f, 0x001f, 0x001f, 0x001f, 0x001f, 0x001f,
  0x001f, 0x001f, 0x001f, 0x001f, 0x001f, 0x001f, 0x001f, 0x001f,
  0x003f, 0x001f, 0x001d, 0x0016, 0x000e, 0x0007, 0x0005, 0x0002,
  0x0000, 0x3140, 0x7ae0, 0xbc60, 0xdce0, 0xed60, 0xfda0, 0xfda0,
  0xfd80, 0xfd80, 0xfd60, 0xfd40, 0xfd20, 0xfd20, 0xfd00, 0xfd00,
  0xfce0, 0xfcc0, 0xfcc0, 0xfca0, 0xfc80, 0xfc80, 0xfc60, 0xfc40,
  0xfc40, 0xfc20, 0xfc20, 0xfc00, 0xfbe0, 0xfbc0, 0xfbc0, 0xfba0,
  0xfba0, 0xfb80, 0xfb60, 0xfb60, 0xfb40, 0xfb20, 0xfb20, 0xfb00,
  0xfb00, 0xfae0, 0xfac0, 0xfac0, 0xfaa0, 0xfa80, 0xfa80, 0xfa60,
  0xfa40, 0xfa40, 0xfa20, 0xfa20, 0xfa00, 0xf9e0, 0xf9e0, 0x9100,
  0x2840, 0x0000, 0x0000, 0x0000, 0x0000, 0x0000, 0x0000, 0x0000,
  0x0000, 0xd6ba, 0x632c, 0x0000, 0x0000, 0x7bef, 0xef7d, 0x2124,
  0xf7be, 0x0861, 0x0000, 0x0000, 0x0841, 0xffff, 0x1082, 0x0000,
  0x0000, 0x0000, 0x0000, 0x0000, 0x0000, 0x0000, 0x0000, 0x0000,
  0x0000, 0x0000, 0x0000, 0x0000, 0x0000, 0x0000, 0x7bef, 0xf7be,
  0xad96, 0x3186, 0x0000, 0x0000, 0x0060, 0x0140, 0x01a0, 0x01c0,
  0x01e0, 0x01e0, 0x0200, 0x0200, 0x0220, 0x0240, 0x0240, 0x0260,
  0x0260, 0x0280, 0x02a0, 0x02a0, 0x02c0, 0x02c0, 0x02e0, 0x0300,
  0x0300, 0x0320, 0x0320, 0x0340, 0x0360, 0x0360, 0x0380, 0x03a0,
  0x03a0, 0x03c0, 0x03c0, 0x03e0, 0x0400, 0x0400, 0x0420, 0x0420,
  0x0440, 0x0460, 0x0460, 0x0480, 0x0480, 0x04a0, 0x04c0, 0x04c0,
  0x04e0, 0x04e0, 0x0500, 0x0520, 0x0520, 0x03e0, 0x0280, 0x0160,
  0x00c0, 0x0000, 0x0002, 0x000b, 0x0013, 0x0018, 0x001c, 0x001f,
  0x001f, 0xa00b, 0xf800, 0x001f, 0x001f, 0x001f, 0x001f, 0xad3f,
  0xe73f, 0xdeff, 0x529f, 0x001f, 0x001f, 0x001f, 0x001f, 0x001f,
  0x001f, 0x001f, 0x001f, 0x001f, 0x001f, 0x001f, 0x001f, 0x31bf,
  0xf7bf, 0x8c5f, 0xe73f, 0x001f, 0x001f, 0x39ff, 0xf7bf, 0x087f,
  0x001f, 0x319f, 0xffff, 0x001f, 0x001f, 0x001f, 0x001f, 0x001f,
  0x001f, 0x001f, 0x001f, 0x001f, 0x52bf, 0xf7bf, 0x8c5f, 0xffff,
  0x001f, 0x001f, 0x087f, 0xffdf, 0x10bf, 0x001f, 0x003f, 0xffff,
  0x295f, 0x001f, 0x001f, 0x001f, 0x001f, 0x001f, 0x001f, 0x001f,
  0x001f, 0x001f, 0x001f, 0x001f, 0x001f, 0x001f, 0x10bf, 0xd69f,
  0xef5f, 0x001f, 0x001f, 0x001f, 0x001f, 0x001f, 0x001f, 0x001f,
  0x001f, 0x001c, 0x0018, 0x0014, 0x000c, 0x0003, 0x0840, 0x28e0,
  0x49a0, 0x9300, 0xdca0, 0xfd40, 0xfd20, 0xfd20, 0xfd00, 0xfd00,
  0xfce0, 0xfcc0, 0xfcc0, 0xfca0, 0xfc80, 0xfc80, 0xfc60, 0xfc40,
  0xfc40, 0xfc20, 0xfc20, 0xfc00, 0xfbe0, 0xfbc0, 0xfbc0, 0xfba0,
  0xfba0, 0xfb80, 0xfb60, 0xfb60, 0xfb40, 0xfb20, 0xfb20, 0xfb00,
  0xfb00, 0xfae0, 0xfac0, 0xfac0, 0xfaa0, 0xfa80, 0xfa80, 0xfa60,
  0xfa40, 0xfa40, 0xfa20, 0xfa20, 0xfa00, 0xf9e0, 0xf9e0, 0xf9c0,
  0xf9a0, 0xe980, 0xa100, 0x1820, 0x0000, 0x0000, 0x0000, 0x0000,
  0x0000, 0x4228, 0xffff, 0x9cd3, 0xa514, 0xffff, 0x528a, 0xad75,
  0xc618, 0x0000, 0x0000, 0x0000, 0x6b6d, 0xef5d, 0x0000, 0x0000,
  0x0000, 0x0000, 0x0000, 0x0000, 0x0000, 0x0000, 0x0000, 0x0000,
  0x0000, 0x0000, 0x0000, 0x0000, 0x0000, 0x0000, 0x0020, 0x0000,
  0x0000, 0x0000, 0x0100, 0x0180, 0x0180, 0x01a0, 0x01a0, 0x01c0,
  0x01e0, 0x01e0, 0x0200, 0x0200, 0x0220, 0x0240, 0x0240, 0x0260,
  0x0260, 0x0280, 0x02a0, 0x02a0, 0x02c0, 0x02c0, 0x02e0, 0x0300,
  0x0300, 0x0320, 0x0320, 0x0340, 0x0360, 0x0360, 0x0380, 0x03a0,
  0x03a0, 0x03c0, 0x03c0, 0x03e0, 0x0400, 0x0400, 0x0420, 0x0420,
  0x0440, 0x0460, 0x0460, 0x0480, 0x0480, 0x04a0, 0x04a0, 0x04a0,
  0x0420, 0x0220, 0x0020, 0x0000, 0x0001, 0x0006, 0x0012, 0x001e,
  0x001f, 0x001f, 0x001f, 0x001f, 0x001f, 0x001f, 0x001f, 0x001f,
  0x001f, 0x7011, 0xf800, 0x001f, 0x001f, 0x001f, 0xb57f, 0xdedf,
  0x001f, 0x5adf, 0xffdf, 0x087f, 0x001f, 0x001f, 0x001f, 0x001f,
  0x001f, 0x001f, 0x001f, 0x001f, 0x001f, 0x001f, 0x001f, 0x295f,
  0x421f, 0x295f, 0xef5f, 0x001f, 0x001f, 0x9cff, 0xd6bf, 0x001f,
  0x001f, 0x001f, 0xef5f, 0x5aff, 0x001f, 0x001f, 0x001f, 0x001f,
  0x001f, 0x001f, 0x001f, 0x001f, 0x001f, 0x18ff, 0x421f, 0xffff,
  0x001f, 0x001f, 0x001f, 0x001f, 0x001f, 0x001f, 0x001f, 0xffff,
  0x297f, 0x001f, 0x001f, 0x001f, 0x001f, 0x001f, 0x001f, 0x001f,
  0x001f, 0x001f, 0x001f, 0x001f, 0x001f, 0x739f, 0xffdf, 0xdeff,
  0xe71f, 0x001f, 0x001f, 0x001f, 0x001f, 0x001f, 0x39ff, 0xffff,
  0x5adf, 0x001f, 0x001f, 0x001f, 0x001f, 0x001f, 0x001f, 0x001f,
  0x001e, 0x0012, 0x0005, 0x0001, 0x0000, 0x1880, 0x8aa0, 0xe480,
  0xf4c0, 0xfcc0, 0xfcc0, 0xfca0, 0xfc80, 0xfc80, 0xfc60, 0xfc40,
  0xfc40, 0xfc20, 0xfc20, 0xfc00, 0xfbe0, 0xfbc0, 0xfbc0, 0xfba0,
  0xfba0, 0xfb80, 0xfb60, 0xfb60, 0xfb40, 0xfb20, 0xfb20, 0xfb00,
  0xfb00, 0xfae0, 0xfac0, 0xfac0, 0xfaa0, 0xfa80, 0xfa80, 0xfa60,
  0xfa40, 0xfa40, 0xfa20, 0xfa20, 0xfa00, 0xf9e0, 0xf9e0, 0xf9c0,
  0xf9a0, 0xf9a0, 0xf980, 0xf960, 0xf960, 0x80a0, 0x0800, 0x0000,
  0x0000, 0x0000, 0x0000, 0xad75, 0xbdf7, 0x2104, 0x0000, 0xc638,
  0x8c71, 0x0000, 0x0000, 0x0000, 0xffff, 0x7c10, 0x0000, 0x0000,
  0x0000, 0x0000, 0x0000, 0x0000, 0x0000, 0x0000, 0x0000, 0x0000,
  0x0000, 0x0000, 0x0000, 0x0000, 0x0000, 0x0000, 0x0000, 0x00a0,
  0x0120, 0x0140, 0x0160, 0x0180, 0x0180, 0x01a0, 0x01a0, 0x01c0,
  0x01e0, 0x01e0, 0x0200, 0x0200, 0x0220, 0x0240, 0x0240, 0x0260,
  0x0260, 0x0280, 0x02a0, 0x02a0, 0x02c0, 0x02c0, 0x02e0, 0x0300,
  0x0300, 0x0320, 0x0320, 0x0340, 0x0360, 0x0360, 0x0380, 0x03a0,
  0x03a0, 0x03c0, 0x03c0, 0x03e0, 0x0400, 0x0400, 0x0420, 0x0420,
  0x0440, 0x0460, 0x0440, 0x0320, 0x0200, 0x00c0, 0x0000, 0x0006,
  0x000d, 0x0014, 0x001c, 0x001f, 0x001f, 0x52bf, 0x949f, 0x001f,
  0x001f, 0x001f, 0x001f, 0x001f, 0x001f, 0x001f, 0x001f, 0x001f,
  0x001f, 0x4816, 0xf800, 0x181c, 0x001f, 0x001f, 0xef5f, 0x421f,
  0x001f, 0x001f, 0xffff, 0x5abf, 0x001f, 0x001f, 0x001f, 0x001f,
  0x001f, 0x001f, 0x001f, 0x001f, 0x001f, 0x001f, 0x001f, 0x001f,
  0x001f, 0x213f, 0xef5f, 0x001f, 0x001f, 0xce5f, 0xb59f, 0x001f,
  0x001f, 0x001f, 0xdeff, 0x8c7f, 0x001f, 0x001f, 0x001f, 0x001f,
  0x001f, 0x001f, 0x001f, 0x001f, 0x001f, 0x001f, 0x4a5f, 0xffff,
  0x001f, 0x001f, 0x001f, 0x001f, 0x001f, 0x001f, 0x9cff, 0xce9f,
  0x001f, 0x001f, 0x001f, 0x001f, 0x001f, 0x001f, 0x001f, 0x001f,
  0x001f, 0x001f, 0x001f, 0x001f, 0x001f, 0x5adf, 0x295f, 0xbddf,
  0xad7f, 0x001f, 0x001f, 0x001f, 0x001f, 0x39ff, 0xef7f, 0xffdf,
  0x109f, 0x001f, 0x001f, 0x001f, 0x001f, 0x001f, 0x001f, 0x001f,
  0x001f, 0x001f, 0x001f, 0x001f, 0x001f, 0x001d, 0x0015, 0x000e,
  0x0006, 0x0000, 0x3920, 0x7a40, 0xbb60, 0xfc60, 0xfc60, 0xfc40,
  0xfc40, 0xfc20, 0xfc20, 0xfc00, 0xfbe0, 0xfbc0, 0xfbc0, 0xfba0,
  0xfba0, 0xfb80, 0xfb60, 0xfb60, 0xfb40, 0xfb20, 0xfb20, 0xfb00,
  0xfb00, 0xfae0, 0xfac0, 0xfac0, 0xfaa0, 0xfa80, 0xfa80, 0xfa60,
  0xfa40, 0xfa40, 0xfa20, 0xfa20, 0xfa00, 0xf9e0, 0xf9e0, 0xf9c0,
  0xf9a0, 0xf9a0, 0xf980, 0xf960, 0xf960, 0xf940, 0xf920, 0xd900,
  0x6860, 0x0800, 0x0000, 0x0000, 0x0000, 0x0000, 0x0000, 0x632c,
  0xdedb, 0x0020, 0x0000, 0xad55, 0xef7d, 0x0020, 0x0000, 0x0000,
  0x0000, 0x0000, 0x0000, 0x0000, 0x0000, 0x0000, 0x0000, 0x0000,
  0x0000, 0x0000, 0x0000, 0x0000, 0x0040, 0x00e0, 0x0120, 0x0120,
  0x0140, 0x0140, 0x0160, 0x0180, 0x0180, 0x01a0, 0x01a0, 0x01c0,
  0x01e0, 0x01e0, 0x0200, 0x0200, 0x0220, 0x0240, 0x0240, 0x0260,
  0x0260, 0x0280, 0x02a0, 0x02a0, 0x02c0, 0x02c0, 0x02e0, 0x0300,
  0x0300, 0x0320, 0x0320, 0x0340, 0x0360, 0x0360, 0x0380, 0x03a0,
  0x03a0, 0x03c0, 0x03c0, 0x03e0, 0x0400, 0x0400, 0x03e0, 0x0220,
  0x0080, 0x0020, 0x0000, 0x0009, 0x0018, 0x001d, 0x001f, 0x001f,
  0x001f, 0x001f, 0x001f, 0x001f, 0x109f, 0xffff, 0x18df, 0x001f,
  0x001f, 0x001f, 0x001f, 0x001f, 0x001f, 0x001f, 0x001f, 0x001f,
  0x001f, 0x281a, 0xf800, 0x6013, 0x001f, 0x001f, 0xc61f, 0xc61f,
  0x001f, 0x109f, 0xffdf, 0x18bf, 0x001f, 0x001f, 0x001f, 0x001f,
  0x001f, 0x001f, 0x001f, 0x001f, 0x001f, 0x001f, 0x001f, 0x001f,
  0x001f, 0x211f, 0xef5f, 0x001f, 0x001f, 0xc63f, 0xb5bf, 0x001f,
  0x001f, 0x001f, 0xdeff, 0x8c7f, 0x001f, 0x001f, 0x001f, 0x001f,
  0x001f, 0x001f, 0x001f, 0x001f, 0x001f, 0x001f, 0x527f, 0xffff,
  0x001f, 0x001f, 0x001f, 0x001f, 0x001f, 0x631f, 0xffdf, 0x085f,
  0x001f, 0x001f, 0x001f, 0x001f, 0x001f, 0x001f, 0x001f, 0x001f,
  0x001f, 0x001f, 0x001f, 0x001f, 0x001f, 0x001f, 0x001f, 0xdedf,
  0x7bff, 0x001f, 0x001f, 0x001f, 0x39bf, 0xf7bf, 0x319f, 0xffdf,
  0x001f, 0x001f, 0x001f, 0x001f, 0x001f, 0x001f, 0x001f, 0x001f,
  0x001f, 0x001f, 0x001f, 0x001f, 0x001f, 0x001f, 0x001f, 0x4a5f,
  0x003f, 0x001f, 0x001d, 0x001a, 0x000b, 0x0000, 0x1040, 0x30e0,
  0xb2e0, 0xfc20, 0xfc20, 0xfc00, 0xfbe0, 0xfbc0, 0xfbc0, 0xfba0,
  0xfba0, 0xfb80, 0xfb60, 0xfb60, 0xfb40, 0xfb20, 0xfb20, 0xfb00,
  0xfb00, 0xfae0, 0xfac0, 0xfac0, 0xfaa0, 0xfa80, 0xfa80, 0xfa60,
  0xfa40, 0xfa40, 0xfa20, 0xfa20, 0xfa00, 0xf9e0, 0xf9e0, 0xf9c0,
  0xf9a0, 0xf9a0, 0xf980, 0xf960, 0xf960, 0xf940, 0xf920, 0xf920,
  0xf900, 0xf8e0, 0xd8c0, 0x2820, 0x0000, 0x0000, 0x0000, 0x0000,
  0xce59, 0xf79e, 0xf79e, 0xf79e, 0x0861, 0x0000, 0x0000, 0x0000,
  0x0000, 0x0000, 0x0000, 0x0000, 0x0000, 0x0000, 0x0000, 0x0000,
  0x0000, 0x0000, 0x0080, 0x00e0, 0x00e0, 0x0100, 0x0120, 0x0120,
  0x0140, 0x0140, 0x0160, 0x0180, 0x0180, 0x01a0, 0x01a0, 0x01c0,
  0x01e0, 0x01e0, 0x0200, 0x0200, 0x0220, 0x0240, 0x0240, 0x0260,
  0x0260, 0x0280, 0x02a0, 0x02a0, 0x02c0, 0x02c0, 0x02e0, 0x0300,
  0x0300, 0x0320, 0x0320, 0x0340, 0x0360, 0x0360, 0x0380, 0x03a0,
  0x03a0, 0x03a0, 0x0320, 0x0240, 0x0080, 0x0000, 0x0005, 0x000e,
  0x001b, 0x001f, 0x001f, 0x001f, 0x001f, 0x001f, 0x001f, 0x001f,
  0x001f, 0x001f, 0x001f, 0x001f, 0xb59f, 0xce7f, 0x001f, 0x001f,
  0x001f, 0x001f, 0x001f, 0x001f, 0x001f, 0x001f, 0x001f, 0x001f,
  0x001f, 0x001f, 0xf800, 0xa00a, 0x001f, 0x001f, 0x087f, 0xe71f,
  0xffff, 0xffff, 0xbdff, 0x109f, 0x001f, 0x001f, 0x001f, 0x001f,
  0x001f, 0x001f, 0x001f, 0x001f, 0x001f, 0x001f, 0x001f, 0x001f,
  0x001f, 0x20ff, 0xef7f, 0x001f, 0x001f, 0x94bf, 0xe71f, 0x001f,
  0x001f, 0x001f, 0xef5f, 0x5adf, 0x001f, 0x001f, 0x001f, 0x001f,
  0x001f, 0x001f, 0x001f, 0x001f, 0x001f, 0x001f, 0x529f, 0xffff,
  0x001f, 0x001f, 0x001f, 0x001f, 0x4a7f, 0xf79f, 0x18df, 0x001f,
  0x001f, 0x001f, 0x001f, 0x001f, 0x001f, 0x001f, 0x001f, 0x001f,
  0x001f, 0x001f, 0x001f, 0x001f, 0x001f, 0x001f, 0x001f, 0xef5f,
  0x295f, 0x001f, 0x001f, 0x297f, 0xf7bf, 0x39df, 0x295f, 0xffff,
  0x001f, 0x001f, 0x001f, 0x001f, 0x001f, 0x001f, 0x001f, 0x001f,
  0x001f, 0x001f, 0x001f, 0x001f, 0x083f, 0x631f, 0xf7bf, 0xffff,
  0x319f, 0x001f, 0x001f, 0x001f, 0x001f, 0x001f, 0x001f, 0x001b,
  0x000e, 0x0005, 0x0001, 0x38e0, 0xa280, 0xdb40, 0xfbc0, 0xfba0,
  0xfba0, 0xfb80, 0xfb60, 0xfb60, 0xfb40, 0xfb20, 0xfb20, 0xfb00,
  0xfb00, 0xfae0, 0xfac0, 0xfac0, 0xfaa0, 0xfa80, 0xfa80, 0xfa60,
  0xfa40, 0xfa40, 0xfa20, 0xfa20, 0xfa00, 0xf9e0, 0xf9e0, 0xf9c0,
  0xf9a0, 0xf9a0, 0xf980, 0xf960, 0xf960, 0xf940, 0xf920, 0xf920,
  0xf900, 0xf900, 0xf8e0, 0xf8c0, 0xf8c0, 0x7840, 0x1000, 0x0000,
  0x0000, 0x0861, 0x2124, 0x0000, 0x0000, 0x0000, 0x0000, 0x0000,
  0x0000, 0x0000, 0x0000, 0x0000, 0x0000, 0x0000, 0x0000, 0x0040,
  0x0080, 0x00a0, 0x00c0, 0x00e0, 0x00e0, 0x0100, 0x0120, 0x0120,
  0x0140, 0x0140, 0x0160, 0x0180, 0x0180, 0x01a0, 0x01a0, 0x01c0,
  0x01e0, 0x01e0, 0x0200, 0x0200, 0x0220, 0x0240, 0x0240, 0x0260,
  0x0260, 0x0280, 0x02a0, 0x02a0, 0x02c0, 0x02c0, 0x02e0, 0x0300,
  0x0300, 0x0320, 0x0320, 0x0340, 0x0360, 0x0360, 0x0300, 0x0180,
  0x0080, 0x0000, 0x0008, 0x0014, 0x001b, 0x001f, 0x001f, 0x001f,
  0x001f, 0x001f, 0x001f, 0x001f, 0x001f, 0x001f, 0x001f, 0x001f,
  0x001f, 0x001f, 0x001f, 0x001f, 0xffff, 0x31bf, 0x001f, 0x001f,
  0x001f, 0x001f, 0x001f, 0x001f, 0x001f, 0x001f, 0x001f, 0x001f,
  0x001f, 0x001f, 0xe802, 0xd005, 0x001f, 0x001f, 0x4a5f, 0xffdf,
  0x319f, 0x211f, 0xc63f, 0xdedf, 0x001f, 0x001f, 0x001f, 0x001f,
  0x001f, 0x001f, 0x001f, 0x001f, 0x001f, 0x001f, 0x001f, 0x001f,
  0x001f, 0x18df, 0xef7f, 0x001f, 0x001f, 0x211f, 0xffdf, 0x18df,
  0x001f, 0x319f, 0xffff, 0x001f, 0x001f, 0x001f, 0x001f, 0x001f,
  0x001f, 0x001f, 0x001f, 0x001f, 0x001f, 0x001f, 0x5abf, 0xffff,
  0x001f, 0x001f, 0x001f, 0x6b5f, 0xffdf, 0x18ff, 0x001f, 0x001f,
  0x001f, 0x001f, 0x001f, 0x001f, 0x001f, 0x001f, 0x001f, 0x001f,
  0x001f, 0x001f, 0x001f, 0x001f, 0x001f, 0x001f, 0x109f, 0xffdf,
  0x001f, 0x001f, 0x213f, 0xf79f, 0x421f, 0x001f, 0x529f, 0xef5f,
  0x001f, 0x001f, 0x001f, 0x001f, 0x001f, 0x001f, 0x001f, 0x001f,
  0x001f, 0x001f, 0x001f, 0x001f, 0x295f, 0xce9f, 0x39df, 0xffdf,
  0x087f, 0x001f, 0x001f, 0x001f, 0x001f, 0x18bf, 0xd69f, 0x94bf,
  0x001f, 0x001f, 0x001f, 0x001b, 0x0015, 0x0009, 0x0820, 0x38c0,
  0x89e0, 0xeb40, 0xfb60, 0xfb60, 0xfb40, 0xfb20, 0xfb20, 0xfb00,
  0xfb00, 0xfae0, 0xfac0, 0xfac0, 0xfaa0, 0xfa80, 0xfa80, 0xfa60,
  0xfa40, 0xfa40, 0xfa20, 0xfa20, 0xfa00, 0xf9e0, 0xf9e0, 0xf9c0,
  0xf9a0, 0xf9a0, 0xf980, 0xf960, 0xf960, 0xf940, 0xf920, 0xf920,
  0xf900, 0xf900, 0xf8e0, 0xf8c0, 0xf8c0, 0xf8a0, 0xf880, 0xc860,
  0x5020, 0x0000, 0x0000, 0x0000, 0x0000, 0x0000, 0x0000, 0x0000,
  0x0000, 0x0000, 0x0000, 0x0000, 0x0000, 0x0040, 0x0080, 0x0080,
  0x00a0, 0x00a0, 0x00c0, 0x00e0, 0x00e0, 0x0100, 0x0120, 0x0120,
  0x0140, 0x0140, 0x0160, 0x0180, 0x0180, 0x01a0, 0x01a0, 0x01c0,
  0x01e0, 0x01e0, 0x0200, 0x0200, 0x0220, 0x0240, 0x0240, 0x0260,
  0x0260, 0x0280, 0x02a0, 0x02a0, 0x02c0, 0x02c0, 0x02e0, 0x0300,
  0x0300, 0x0320, 0x0300, 0x0220, 0x0040, 0x0000, 0x0002, 0x0011,
  0x001f, 0x001f, 0x001f, 0x001f, 0x001f, 0x001f, 0x001f, 0x001f,
  0x001f, 0x001f, 0x001f, 0x001f, 0x001f, 0x001f, 0x001f, 0x001f,
  0x001f, 0x001f, 0x001f, 0x949f, 0xf7bf, 0xf7bf, 0xffff, 0xb5bf,
  0x001f, 0x001f, 0x001f, 0x001f, 0x001f, 0x001f, 0x001f, 0x001f,
  0x001f, 0x001f, 0xd804, 0xe002, 0x001f, 0x001f, 0xbdff, 0xbddf,
  0x001f, 0x001f, 0x087f, 0xffff, 0x109f, 0x001f, 0x001f, 0x001f,
  0x001f, 0x001f, 0x001f, 0x001f, 0x001f, 0x001f, 0x001f, 0x109f,
  0xb5bf, 0xbdff, 0xf7bf, 0xc63f, 0x841f, 0x001f, 0xad7f, 0xffdf,
  0xd69f, 0xffdf, 0x6b5f, 0x001f, 0x001f, 0x001f, 0x001f, 0x001f,
  0x001f, 0x001f, 0x001f, 0x001f, 0x001f, 0xffff, 0xf7bf, 0xffff,
  0xe73f, 0x8c7f, 0x295f, 0xffff, 0xffdf, 0xffff, 0xffff, 0xffff,
  0x39bf, 0x001f, 0x001f, 0x001f, 0x001f, 0x001f, 0x001f, 0x001f,
  0x001f, 0x001f, 0x001f, 0x001f, 0x001f, 0x001f, 0x297f, 0xffff,
  0x001f, 0x001f, 0x949f, 0xf7bf, 0xffdf, 0xf79f, 0xdedf, 0xd6bf,
  0x295f, 0x001f, 0x001f, 0x001f, 0x001f, 0x001f, 0x001f, 0x001f,
  0x001f, 0x001f, 0x001f, 0x001f, 0x001f, 0x001f, 0x9cff, 0xd6bf,
  0x001f, 0x001f, 0x001f, 0x001f, 0x39ff, 0xffdf, 0xce7f, 0x001f,
  0x001f, 0x001f, 0x001f, 0x001f, 0x001f, 0x001f, 0x001f, 0x001f,
  0x0013, 0x0002, 0x0000, 0x30a0, 0xcaa0, 0xf320, 0xfb20, 0xfb00,
  0xfb00, 0xfae0, 0xfac0, 0xfac0, 0xfaa0, 0xfa80, 0xfa80, 0xfa60,
  0xfa40, 0xfa40, 0xfa20, 0xfa20, 0xfa00, 0xf9e0, 0xf9e0, 0xf9c0,
  0xf9a0, 0xf9a0, 0xf980, 0xf960, 0xf960, 0xf940, 0xf920, 0xf920,
  0xf900, 0xf900, 0xf8e0, 0xf8c0, 0xf8c0, 0xf8a0, 0xf880, 0xf880,
  0xf860, 0xf860, 0x8820, 0x0000, 0x0000, 0x0000, 0x0000, 0x0000,
  0x0000, 0x0000, 0x0000, 0x0040, 0x0060, 0x0060, 0x0080, 0x0080,
  0x00a0, 0x00a0, 0x00c0, 0x00e0, 0x00e0, 0x0100, 0x0120, 0x0120,
  0x0140, 0x0140, 0x0160, 0x0180, 0x0180, 0x01a0, 0x01a0, 0x01c0,
  0x01e0, 0x01e0, 0x0200, 0x0200, 0x0220, 0x0240, 0x0240, 0x0260,
  0x0260, 0x0280, 0x02a0, 0x02a0, 0x02c0, 0x02c0, 0x02e0, 0x0220,
  0x0100, 0x0000, 0x0005, 0x000f, 0x0019, 0x001f, 0x001f, 0x001f,
  0x001f, 0x001f, 0x001f, 0x6b7f, 0x10bf, 0x001f, 0x001f, 0x001f,
  0x001f, 0x001f, 0x001f, 0x001f, 0x001f, 0x001f, 0x001f, 0x001f,
  0x001f, 0x001f, 0x001f, 0xef5f, 0xd6bf, 0x18bf, 0x295f, 0xf79f,
  0x841f, 0x001f, 0x001f, 0x001f, 0x001f, 0x001f, 0x001f, 0x001f,
  0x001f, 0x001f, 0xc007, 0xf000, 0x001f, 0x001f, 0x9cff, 0xef5f,
  0x001f, 0x001f, 0x423f, 0xf7bf, 0x083f, 0x001f, 0x001f, 0x001f,
  0x001f, 0x001f, 0x001f, 0x001f, 0x001f, 0x001f, 0x001f, 0x083f,
  0x529f, 0x4a7f, 0x4a7f, 0x529f, 0x319f, 0x001f, 0x001f, 0x319f,
  0x52bf, 0x211f, 0x001f, 0x001f, 0x001f, 0x001f, 0x001f, 0x001f,
  0x001f, 0x001f, 0x001f, 0x001f, 0x001f, 0x18bf, 0x18ff, 0x295f,
  0x319f, 0x18bf, 0x109f, 0x39ff, 0x423f, 0x4a3f, 0x4a3f, 0x529f,
  0x10bf, 0x001f, 0x001f, 0x001f, 0x001f, 0x001f, 0x001f, 0x001f,
  0x001f, 0x001f, 0x001f, 0x001f, 0x10bf, 0xb5bf, 0x94bf, 0xffdf,
  0x31bf, 0x003f, 0x001f, 0x001f, 0x001f, 0x319f, 0xc63f, 0xb59f,
  0x843f, 0x001f, 0x001f, 0x001f, 0x001f, 0x001f, 0x001f, 0x001f,
  0x001f, 0x001f, 0x001f, 0x001f, 0x001f, 0x001f, 0xf7bf, 0x7bdf,
  0x001f, 0x001f, 0x001f, 0x7bdf, 0xffdf, 0x73bf, 0x001f, 0x001f,
  0x001f, 0x001f, 0x001f, 0x001f, 0x001f, 0x001f, 0x001f, 0x001f,
  0x001f, 0x001f, 0x001f, 0x001a, 0x0010, 0x0005, 0x1840, 0x7160,
  0xca60, 0xfae0, 0xfac0, 0xfac0, 0xfaa0, 0xfa80, 0xfa80, 0xfa60,
  0xfa40, 0xfa40, 0xfa20, 0xfa20, 0xfa00, 0xf9e0, 0xf9e0, 0xf9c0,
  0xf9a0, 0xf9a0, 0xf980, 0xf960, 0xf960, 0xf940, 0xf920, 0xf920,
  0xf900, 0xf900, 0xf8e0, 0xf8c0, 0xf8c0, 0xf8a0, 0xf880, 0xf880,
  0xf860, 0xf860, 0xf060, 0x0000, 0x0000, 0x0000, 0x0000, 0x0000,
  0x0000, 0x0000, 0x0000, 0x0060, 0x0060, 0x0060, 0x0080, 0x0080,
  0x00a0, 0x00a0, 0x00c0, 0x00e0, 0x00e0, 0x0100, 0x0120, 0x0120,
  0x0140, 0x0140, 0x0160, 0x0180, 0x0180, 0x01a0, 0x01a0, 0x01c0,
  0x01e0, 0x01e0, 0x0200, 0x0200, 0x0220, 0x0240, 0x0240, 0x0260,
  0x0260, 0x0280, 0x02a0, 0x02a0, 0x0180, 0x0040, 0x0000, 0x0005,
  0x0018, 0x001e, 0x001f, 0x001f, 0x001f, 0x001f, 0x001f, 0x001f,
  0x001f, 0x001f, 0x213f, 0xffff, 0x4a5f, 0x001f, 0x001f, 0x001f,
  0x001f, 0x001f, 0x001f, 0x001f, 0x001f, 0x001f, 0x001f, 0x001f,
  0x001f, 0x001f, 0x001f, 0xf7bf, 0x211f, 0x001f, 0x001f, 0x7bdf,
  0xe71f, 0x001f, 0x001f, 0x001f, 0x001f, 0x001f, 0x001f, 0x001f,
  0x001f, 0x001f, 0x800f, 0xf800, 0x101d, 0x001f, 0x10bf, 0xf7bf,
  0xe73f, 0xce7f, 0xffdf, 0x73bf, 0x001f, 0x001f, 0x001f, 0x001f,
  0x001f, 0x001f, 0x001f, 0x001f, 0x001f, 0x001f, 0x001f, 0x001f,
  0x001f, 0x001f, 0x001f, 0x001f, 0x001f, 0x001f, 0x001f, 0x001f,
  0x001f, 0x001f, 0x001f, 0x001f, 0x001f, 0x001f, 0x001f, 0x001f,
  0x001f, 0x001f, 0x001f, 0x001f, 0x001f, 0x001f, 0x001f, 0x001f,
  0x001f, 0x001f, 0x001f, 0x001f, 0x001f, 0x001f, 0x001f, 0x001f,
  0x001f, 0x001f, 0x001f, 0x001f, 0x001f, 0x001f, 0x001f, 0x001f,
  0x001f, 0x001f, 0x001f, 0x001f, 0x003f, 0x213f, 0x843f, 0xb5bf,
  0xe71f, 0x62ff, 0x001f, 0x001f, 0x001f, 0x001f, 0xd69f, 0x20ff,
  0x001f, 0x001f, 0x001f, 0x001f, 0x001f, 0x001f, 0x001f, 0x001f,
  0x001f, 0x001f, 0x001f, 0x001f, 0x001f, 0x083f, 0xffff, 0x10bf,
  0x001f, 0x001f, 0x9cdf, 0xffff, 0xce7f, 0x8c7f, 0x001f, 0x001f,
  0x001f, 0x001f, 0x001f, 0x001f, 0x001f, 0x001f, 0x001f, 0x001f,
  0x001f, 0x001f, 0x001f, 0x001f, 0x001f, 0x001f, 0x001e, 0x0019,
  0x0007, 0x0800, 0x2860, 0xba00, 0xfaa0, 0xfa80, 0xfa80, 0xfa60,
  0xfa40, 0xfa40, 0xfa20, 0xfa20, 0xfa00, 0xf9e0, 0xf9e0, 0xf9c0,
  0xf9a0, 0xf9a0, 0xf980, 0xf960, 0xf960, 0xf940, 0xf920, 0xf920,
  0xf900, 0xf900, 0xf8e0, 0xf8c0, 0xf8c0, 0xf8a0, 0xf880, 0xf880,
  0xf860, 0xf860, 0xa840, 0x0000, 0x0000, 0x0000, 0x0000, 0x0000,
  0x0000, 0x0000, 0x0000, 0x0020, 0x0060, 0x0060, 0x0080, 0x0080,
  0x00a0, 0x00a0, 0x00c0, 0x00e0, 0x00e0, 0x0100, 0x0120, 0x0120,
  0x0140, 0x0140, 0x0160, 0x0180, 0x0180, 0x01a0, 0x01a0, 0x01c0,
  0x01e0, 0x01e0, 0x0200, 0x0200, 0x0220, 0x0240, 0x0240, 0x0260,
  0x0200, 0x0140, 0x0000, 0x0003, 0x000c, 0x001b, 0x001f, 0x001f,
  0x001f, 0x001f, 0x001f, 0x001f, 0x001f, 0x001f, 0x001f, 0x001f,
  0x001f, 0x001f, 0xc61f, 0xb5bf, 0xce5f, 0x001f, 0x001f, 0x001f,
  0x001f, 0x001f, 0x001f, 0x001f, 0x001f, 0x001f, 0x001f, 0x001f,
  0x001f, 0x001f, 0x001f, 0xef5f, 0x631f, 0x001f, 0x001f, 0x841f,
  0xd6bf, 0x001f, 0x001f, 0x001f, 0x001f, 0x001f, 0x001f, 0x001f,
  0x001f, 0x001f, 0x3818, 0xf800, 0x3019, 0x001f, 0x001f, 0x001f,
  0x5aff, 0x631f, 0x001f, 0x001f, 0x001f, 0x001f, 0x001f, 0x001f,
  0x001f, 0x001f, 0x001f, 0x001f, 0x001f, 0x001f, 0x001f, 0x001f,
  0x001f, 0x001e, 0x001d, 0x001c, 0x001b, 0x001a, 0x0019, 0x0018,
  0x0017, 0x0017, 0x0017, 0x0016, 0x0016, 0x0015, 0x0015, 0x0015,
  0x0015, 0x0015, 0x0016, 0x0016, 0x0016, 0x0016, 0x0017, 0x0018,
  0x0019, 0x0019, 0x001a, 0x001b, 0x001c, 0x001d, 0x001e, 0x001f,
  0x001f, 0x001f, 0x001f, 0x001f, 0x001f, 0x001f, 0x001f, 0x001f,
  0x001f, 0x001f, 0x001f, 0x001f, 0x001f, 0x001f, 0x001f, 0x001f,
  0x001f, 0x001f, 0x001f, 0x001f, 0x001f, 0x001f, 0xa51f, 0x085f,
  0x001f, 0x001f, 0x001f, 0x001f, 0x001f, 0x001f, 0x001f, 0x001f,
  0x001f, 0x001f, 0x001f, 0x001f, 0x001f, 0x633f, 0xffdf, 0x001f,
  0x001f, 0x293f, 0xffff, 0x7bff, 0x39ff, 0xd69f, 0xd6bf, 0x001f,
  0x001f, 0x001f, 0x001f, 0x001f, 0x001f, 0x001f, 0x001f, 0x001f,
  0x001f, 0x001f, 0x001f, 0x001f, 0x001f, 0x001f, 0x001f, 0x001f,
  0x001f, 0x001f, 0x001c, 0x000d, 0x0003, 0x2040, 0xa1a0, 0xe220,
  0xfa40, 0xfa40, 0xfa20, 0xfa20, 0xfa00, 0xf9e0, 0xf9e0, 0xf9c0,
  0xf9a0, 0xf9a0, 0xf980, 0xf960, 0xf960, 0xf940, 0xf920, 0xf920,
  0xf900, 0xf900, 0xf8e0, 0xf8c0, 0xf8c0, 0xf8a0, 0xf880, 0xf880,
  0xf860, 0xf860, 0x0800, 0x0000, 0x0000, 0x0000, 0x0000, 0x0000,
  0x0000, 0x0000, 0x0000, 0x0000, 0x0060, 0x0060, 0x0080, 0x0080,
  0x00a0, 0x00a0, 0x00c0, 0x00e0, 0x00e0, 0x0100, 0x0120, 0x0120,
  0x0140, 0x0140, 0x0160, 0x0180, 0x0180, 0x01a0, 0x01a0, 0x01c0,
  0x01e0, 0x01e0, 0x0200, 0x0200, 0x0220, 0x01e0, 0x00c0, 0x0020,
  0x0003, 0x0012, 0x001c, 0x001f, 0x001f, 0x001f, 0x001f, 0x001f,
  0x001f, 0x001f, 0x001f, 0x001f, 0x001f, 0x001f, 0x001f, 0x001f,
  0x001f, 0x001f, 0xf7bf, 0x211f, 0xffdf, 0x001f, 0x001f, 0x001f,
  0x001f, 0x001f, 0x001f, 0x001f, 0x001f, 0x001f, 0x001f, 0x001f,
  0x001f, 0x001f, 0x001f, 0x8c7f, 0xef7f, 0x529f, 0x6b5f, 0xf7bf,
  0x4a5f, 0x001f, 0x001f, 0x001f, 0x001f, 0x001f, 0x001f, 0x001f,
  0x001f, 0x001f, 0x001f, 0xf800, 0x5015, 0x001f, 0x001f, 0x001f,
  0x001f, 0x001f, 0x001f, 0x001f, 0x001f, 0x001f, 0x001c, 0x0017,
  0x0013, 0x000e, 0x000a, 0x0008, 0x0006, 0x0004, 0x0003, 0x0001,
  0x0000, 0x0000, 0x0000, 0x0000, 0x0000, 0x0000, 0x0000, 0x0000,
  0x0000, 0x0000, 0x0000, 0x0000, 0x0000, 0x0000, 0x0000, 0x0000,
  0x0000, 0x0000, 0x0000, 0x0000, 0x0000, 0x0000, 0x0000, 0x0000,
  0x0000, 0x0000, 0x0000, 0x0000, 0x0000, 0x0000, 0x0000, 0x0000,
  0x0001, 0x0003, 0x0004, 0x0006, 0x0008, 0x000a, 0x000e, 0x0012,
  0x0017, 0x001b, 0x001f, 0x001f, 0x001f, 0x001f, 0x001f, 0x001f,
  0x001f, 0x001f, 0x001f, 0x001f, 0x001f, 0x001f, 0x001f, 0x001f,
  0x001f, 0x001f, 0x001f, 0x001f, 0x001f, 0x001f, 0x001f, 0x001f,
  0x001f, 0x001f, 0x001f, 0x73bf, 0x4a5f, 0xc61f, 0xad7f, 0x001f,
  0x001f, 0xa53f, 0xc61f, 0x001f, 0x001f, 0x003f, 0xffff, 0x293f,
  0x001f, 0x001f, 0x001f, 0x001f, 0x001f, 0x001f, 0x001f, 0x001f,
  0x001f, 0x001f, 0x001f, 0x001f, 0x39df, 0xce5f, 0xef7f, 0x001f,
  0x001f, 0x001f, 0x001f, 0x001f, 0x001f, 0x001c, 0x0012, 0x0003,
  0x2040, 0x7100, 0xf200, 0xfa20, 0xfa00, 0xf9e0, 0xf9e0, 0xf9c0,
  0xf9a0, 0xf9a0, 0xf980, 0xf960, 0xf960, 0xf940, 0xf920, 0xf920,
  0xf900, 0xf900, 0xf8e0, 0xf8c0, 0xf8c0, 0xf8a0, 0xf880, 0xf880,
  0xf860, 0xe040, 0x0000, 0x0000, 0x0000, 0x0000, 0x0000, 0x0000,
  0x0000, 0x0000, 0x0000, 0x0000, 0x0020, 0x0060, 0x0080, 0x0080,
  0x00a0, 0x00a0, 0x00c0, 0x00e0, 0x00e0, 0x0100, 0x0120, 0x0120,
  0x0140, 0x0140, 0x0160, 0x0180, 0x0180, 0x01a0, 0x01a0, 0x01c0,
  0x01e0, 0x01e0, 0x01c0, 0x00a0, 0x0000, 0x0003, 0x0013, 0x001f,
  0x001f, 0x001f, 0x001f, 0x001f, 0x001f, 0x001f, 0x001f, 0x001f,
  0x001f, 0x001f, 0x001f, 0x001f, 0x001f, 0x001f, 0x001f, 0x001f,
  0x001f, 0x5adf, 0xd6bf, 0x001f, 0xe71f, 0x295f, 0x001f, 0x001f,
  0x001f, 0x001f, 0x001f, 0x001f, 0x001f, 0x001f, 0x001f, 0x001f,
  0x001f, 0x001f, 0x001f, 0x001f, 0x843f, 0xef5f, 0xdeff, 0x4a5f,
  0x001f, 0x001f, 0x001f, 0x001f, 0x001f, 0x001f, 0x001f, 0x001f,
  0x001f, 0x001f, 0x001f, 0xf800, 0x800e, 0x001c, 0x0019, 0x0011,
  0x0009, 0x0002, 0x0000, 0x0000, 0x0000, 0x0000, 0x0000, 0x0000,
  0x0000, 0x0000, 0x0000, 0x0000, 0x0000, 0x0000, 0x0000, 0x0000,
  0x0000, 0x0000, 0x0000, 0x0000, 0x0000, 0x0000, 0x0000, 0x0000,
  0x0000, 0x0000, 0x0000, 0x0000, 0x0000, 0x0000, 0x0000, 0x0000,
  0x0000, 0x0000, 0x0000, 0x0000, 0x0000, 0x0000, 0x0000, 0x0000,
  0x0000, 0x0000, 0x0000, 0x0000, 0x0000, 0x0000, 0x0000, 0x0000,
  0x0000, 0x0000, 0x0000, 0x0000, 0x0000, 0x0000, 0x0000, 0x0000,
  0x0000, 0x0000, 0x0000, 0x0000, 0x0000, 0x0000, 0x0002, 0x0009,
  0x0010, 0x0018, 0x001c, 0x001d, 0x001f, 0x001f, 0x001f, 0x001f,
  0x001f, 0x001f, 0x001f, 0x001f, 0x001f, 0x001f, 0x001f, 0x001f,
  0x001f, 0x001f, 0x001f, 0x6b3f, 0xd69f, 0xf7bf, 0xd6df, 0x5adf,
  0x001f, 0xb5bf, 0x949f, 0x001f, 0x001f, 0x085f, 0xffdf, 0x18df,
  0x001f, 0x001f, 0x001f, 0x001f, 0x001f, 0x001f, 0x001f, 0x001f,
  0x001f, 0x001f, 0x001f, 0xdeff, 0xf79f, 0xd6df, 0xd69f, 0x001f,
  0x001f, 0x001f, 0x8c7f, 0xffdf, 0xd6df, 0x297f, 0x001f, 0x001f,
  0x001f, 0x0014, 0x0003, 0x0000, 0x9120, 0xe9c0, 0xf9e0, 0xf9c0,
  0xf9a0, 0xf9a0, 0xf980, 0xf960, 0xf960, 0xf940, 0xf920, 0xf920,
  0xf900, 0xf900, 0xf8e0, 0xf8c0, 0xf8c0, 0xf8a0, 0xf880, 0xf880,
  0xf860, 0x3000, 0x0000, 0x0000, 0x0000, 0x0000, 0x0000, 0x0000,
  0x0000, 0x0000, 0x0000, 0x0000, 0x0000, 0x0060, 0x0080, 0x0080,
  0x00a0, 0x00a0, 0x00c0, 0x00e0, 0x00e0, 0x0100, 0x0120, 0x0120,
  0x0140, 0x0140, 0x0160, 0x0180, 0x0180, 0x01a0, 0x01a0, 0x0180,
  0x00c0, 0x0020, 0x0005, 0x0012, 0x001f, 0x001f, 0x001f, 0x39ff,
  0xa51f, 0x9cdf, 0x18df, 0x001f, 0x001f, 0x001f, 0x001f, 0x001f,
  0x001f, 0x001f, 0x001f, 0x001f, 0x001f, 0x001f, 0x001f, 0x001f,
  0x001f, 0xce5f, 0x423f, 0x001f, 0x949f, 0xc63f, 0xad7f, 0x001f,
  0x001f, 0x001f, 0x001f, 0x001f, 0x001f, 0x001f, 0x001f, 0x001f,
  0x001f, 0x001f, 0x001f, 0x001f, 0x001f, 0x001f, 0x001f, 0x001f,
  0x001f, 0x001f, 0x001f, 0x001f, 0x001f, 0x001e, 0x0018, 0x0012,
  0x000d, 0x0008, 0x0002, 0xf800, 0xb800, 0x0000, 0x0000, 0x0000,
  0x0000, 0x0000, 0x0000, 0x0000, 0x0000, 0x0000, 0x0000, 0x0000,
  0x0000, 0x0000, 0x0000, 0x0000, 0x0000, 0x0000, 0x0000, 0x0000,
  0x0000, 0x0000, 0x0000, 0x0000, 0x0000, 0x0000, 0x0000, 0x0000,
  0x0000, 0x0000, 0x0000, 0x0000, 0x0000, 0x0000, 0x0000, 0x0000,
  0x0000, 0x0000, 0x0000, 0x0000, 0x0000, 0x0000, 0x0000, 0x0000,
  0x0000, 0x0000, 0x0000, 0x0000, 0x0000, 0x0000, 0x0000, 0x0000,
  0x0000, 0x0000, 0x0000, 0x0000, 0x0000, 0x0000, 0x0000, 0x0000,
  0x0000, 0x0000, 0x0000, 0x0000, 0x0000, 0x0000, 0x0000, 0x0000,
  0x0000, 0x0000, 0x0000, 0x0000, 0x0000, 0x0002, 0x0007, 0x000c,
  0x0012, 0x0018, 0x001e, 0x001f, 0x001f, 0x001f, 0x001f, 0x001f,
  0x001f, 0x001f, 0x001f, 0x001f, 0x001f, 0x001f, 0x4a5f, 0x73bf,
  0x001f, 0x39df, 0xf79f, 0x421f, 0x213f, 0xd69f, 0xce5f, 0x001f,
  0x001f, 0x001f, 0x001f, 0x001f, 0x001f, 0x001f, 0x001f, 0x001f,
  0x001f, 0x001f, 0x001f, 0x213f, 0x001f, 0xef5f, 0x631f, 0x001f,
  0x001f, 0x841f, 0xf79f, 0x423f, 0x5aff, 0xf7bf, 0x085f, 0x001f,
  0x001f, 0x001f, 0x001f, 0x001e, 0x0012, 0x0005, 0x2040, 0x88e0,
  0xf1a0, 0xf9a0, 0xf980, 0xf960, 0xf960, 0xf940, 0xf920, 0xf920,
  0xf900, 0xf900, 0xf8e0, 0xf8c0, 0xf8c0, 0xf8a0, 0xf880, 0xf880,
  0xf060, 0x0000, 0x0000, 0x0000, 0x0000, 0x0000, 0x0000, 0x0000,
  0x0000, 0x0000, 0x0000, 0x0000, 0x0000, 0x0040, 0x0080, 0x0080,
  0x00a0, 0x00a0, 0x00c0, 0x00e0, 0x00e0, 0x0100, 0x0120, 0x0120,
  0x0140, 0x0140, 0x0160, 0x0180, 0x0180, 0x00a0, 0x0000, 0x0000,
  0x0013, 0x001e, 0x001f, 0x001f, 0x001f, 0x001f, 0x841f, 0xffdf,
  0x949f, 0xd6bf, 0xef7f, 0x003f, 0x001f, 0x001f, 0x001f, 0x001f,
  0x001f, 0x001f, 0x001f, 0x001f, 0x001f, 0x001f, 0x001f, 0x001f,
  0x083f, 0xffdf, 0x8c7f, 0xef5f, 0xffdf, 0xffdf, 0x39df, 0x001f,
  0x001f, 0x001f, 0x001f, 0x001f, 0x001f, 0x001f, 0x001f, 0x001f,
  0x001f, 0x001f, 0x001f, 0x001f, 0x001f, 0x001f, 0x001f, 0x001f,
  0x001c, 0x0010, 0x0005, 0x0001, 0x0000, 0x0000, 0x0000, 0x0000,
  0x0000, 0x0000, 0x0000, 0xe000, 0xf000, 0x0000, 0x0000, 0x0000,
  0x0000, 0x0000, 0x0000, 0x0000, 0x0000, 0x0000, 0x0000, 0x0000,
  0x0000, 0x0000, 0x0000, 0x0000, 0x0000, 0x0000, 0x0000, 0x0000,
  0x0000, 0x0000, 0x0000, 0x0000, 0x0000, 0x0000, 0x0000, 0x0000,
  0x0000, 0x0000, 0x0000, 0x0000, 0x0000, 0x0000, 0x0000, 0x0000,
  0x0000, 0x0000, 0x0000, 0x0000, 0x0000, 0x0000, 0x0000, 0x0000,
  0x0000, 0x0000, 0x0000, 0x0000, 0x0000, 0x0000, 0x0000, 0x0000,
  0x0000, 0x0000, 0x0000, 0x0000, 0x0000, 0x0000, 0x0000, 0x0000,
  0x0000, 0x0000, 0x0000, 0x0000, 0x0000, 0x0000, 0x0000, 0x0000,
  0x0000, 0x0000, 0x0000, 0x0000, 0x0000, 0x0000, 0x0000, 0x0000,
  0x0000, 0x0000, 0x0000, 0x0000, 0x0001, 0x0004, 0x000f, 0x001c,
  0x001f, 0x001f, 0x001f, 0x001f, 0x001f, 0x001f, 0x001f, 0x001f,
  0x001f, 0x001f, 0x633f, 0xffff, 0xffff, 0xce7f, 0x001f, 0x001f,
  0x001f, 0x001f, 0x001f, 0x001f, 0x001f, 0x001f, 0x001f, 0x001f,
  0x001f, 0x001f, 0x001f, 0x001f, 0x001f, 0xffff, 0x211f, 0x001f,
  0x001f, 0xef7f, 0x8c7f, 0x001f, 0x001f, 0xce9f, 0x841f, 0x001f,
  0x001f, 0x001f, 0x001f, 0x001f, 0x001f, 0x001f, 0x001e, 0x0014,
  0x0000, 0x1000, 0xa900, 0xf960, 0xf960, 0xf940, 0xf920, 0xf920,
  0xf900, 0xf900, 0xf8e0, 0xf8c0, 0xf8c0, 0xf8a0, 0xf880, 0xf880,
  0x8840, 0x0000, 0x0000, 0x0000, 0x0000, 0x0000, 0x0000, 0x0000,
  0x0000, 0x0000, 0x0000, 0x0000, 0x0000, 0x0000, 0x0080, 0x0080,
  0x00a0, 0x00a0, 0x00c0, 0x00e0, 0x00e0, 0x0100, 0x0120, 0x0120,
  0x0140, 0x0140, 0x0100, 0x0020, 0x0002, 0x000c, 0x001d, 0x001f,
  0x001f, 0x001f, 0x001f, 0x001f, 0x001f, 0x001f, 0xef7f, 0x421f,
  0x001f, 0x001f, 0xffdf, 0x213f, 0x001f, 0x001f, 0x001f, 0x001f,
  0x001f, 0x001f, 0x001f, 0x001f, 0x001f, 0x001f, 0x001f, 0x001f,
  0x085f, 0xe71f, 0x9cff, 0x39ff, 0x001f, 0xffff, 0x297f, 0x001f,
  0x001f, 0x001f, 0x001f, 0x001f, 0x001f, 0x001f, 0x001f, 0x001f,
  0x001f, 0x001f, 0x001b, 0x0017, 0x000f, 0x0005, 0x0000, 0x0000,
  0x0000, 0x0000, 0x0000, 0x0000, 0x0000, 0x0000, 0x0000, 0x0000,
  0x0000, 0x0000, 0x0000, 0xa000, 0xf800, 0x0000, 0x0000, 0x0000,
  0x0000, 0x0000, 0x0000, 0x0000, 0x0000, 0x0000, 0x0000, 0x0000,
  0x0000, 0x0000, 0x0000, 0x0000, 0x0000, 0x0000, 0x0000, 0x0000,
  0x0000, 0x0000, 0x0000, 0x0000, 0x0000, 0x0000, 0x0000, 0x0000,
  0x0000, 0x0000, 0x0000, 0x0000, 0x0000, 0x0000, 0x0000, 0x0000,
  0x0000, 0x0000, 0x0000, 0x0000, 0x0000, 0x0000, 0x0000, 0x0000,
  0x0000, 0x0000, 0x0000, 0x0000, 0x0000, 0x0000, 0x0000, 0x0000,
  0x0000, 0x0000, 0x0000, 0x0000, 0x0000, 0x0000, 0x0000, 0x0000,
  0x0000, 0x0000, 0x0000, 0x0000, 0x0000, 0x0000, 0x0000, 0x0000,
  0x0000, 0x0000, 0x0000, 0x0000, 0x0000, 0x0000, 0x0000, 0x0000,
  0x0000, 0x0000, 0x0000, 0x0000, 0x0000, 0x0000, 0x0000, 0x0000,
  0x0000, 0x0000, 0x0005, 0x000e, 0x0017, 0x001b, 0x001f, 0x001f,
  0x001f, 0x001f, 0x001f, 0x001f, 0x001f, 0x001f, 0x001f, 0x001f,
  0x001f, 0x001f, 0x001f, 0x001f, 0x001f, 0x001f, 0x001f, 0x001f,
  0x001f, 0x001f, 0x001f, 0x001f, 0x739f, 0xe71f, 0x001f, 0x001f,
  0x001f, 0x9cff, 0xb5bf, 0x001f, 0x087f, 0xf7bf, 0x295f, 0x001f,
  0x001f, 0x001f, 0x001f, 0x001f, 0x001f, 0x001f, 0x001f, 0x001f,
  0x001f, 0x001d, 0x000c, 0x0002, 0x4060, 0xc100, 0xf920, 0xf920,
  0xf900, 0xf900, 0xf8e0, 0xf8c0, 0xf8c0, 0xf8a0, 0xf880, 0xf880,
  0x0800, 0x0000, 0x0000, 0x0000, 0x0000, 0x0000, 0x0000, 0x0000,
  0x0000, 0x0000, 0x0000, 0x0000, 0x0000, 0x0000, 0x0080, 0x0080,
  0x00a0, 0x00a0, 0x00c0, 0x00e0, 0x00e0, 0x0100, 0x0120, 0x00e0,
  0x0040, 0x0000, 0x0009, 0x001a, 0x001f, 0x001f, 0x001f, 0x001f,
  0x001f, 0x001f, 0x001f, 0x001f, 0x001f, 0x001f, 0xe73f, 0x001f,
  0x001f, 0x001f, 0xef7f, 0x213f, 0x001f, 0x001f, 0x001f, 0x001f,
  0x001f, 0x001f, 0x001f, 0x001f, 0x001f, 0x001f, 0x001f, 0x001f,
  0x001f, 0x001f, 0x001f, 0x001f, 0x001f, 0xbddf, 0x6b5f, 0x001f,
  0x001f, 0x001f, 0x001f, 0x001f, 0x001f, 0x001f, 0x0016, 0x000b,
  0x0004, 0x0000, 0x0000, 0x0000, 0x0000, 0x0000, 0x0000, 0x0000,
  0x0000, 0x0000, 0x0000, 0x0000, 0x0000, 0x0000, 0x0000, 0x0000,
  0x0000, 0x0000, 0x0000, 0x5800, 0xf800, 0x0000, 0x0000, 0x0000,
  0x0000, 0x0000, 0x0000, 0x0000, 0x0000, 0x0000, 0x0000, 0x0000,
  0x0000, 0x0000, 0x0000, 0x0000, 0x0000, 0x0000, 0x0000, 0x0000,
  0x0000, 0x0000, 0x0000, 0x0000, 0x0000, 0x0000, 0x0000, 0x0000,
  0x0000, 0x0000, 0x0000, 0x0000, 0x0000, 0x0000, 0x0000, 0x0000,
  0x0000, 0x0000, 0x0000, 0x0000, 0x0000, 0x0000, 0x0000, 0x0000,
  0x0000, 0x0000, 0x0000, 0x0000, 0x0000, 0x0000, 0x0000, 0x0000,
  0x0000, 0x0000, 0x0000, 0x0000, 0x0000, 0x0000, 0x0000, 0x0000,
  0x0000, 0x0000, 0x0000, 0x0000, 0x0000, 0x0000, 0x0000, 0x0000,
  0x0000, 0x0000, 0x0000, 0x0000, 0x0000, 0x0000, 0x0000, 0x0000,
  0x0000, 0x0000, 0x0000, 0x0000, 0x0000, 0x0000, 0x0000, 0x0000,
  0x0000, 0x0000, 0x0000, 0x0000, 0x0000, 0x0000, 0x0000, 0x0004,
  0x0009, 0x0015, 0x001f, 0x001f, 0x001f, 0x001f, 0x001f, 0x001f,
  0x001f, 0x001f, 0x001f, 0x001f, 0x001f, 0x001f, 0x001f, 0x001f,
  0x001f, 0x001f, 0x001f, 0x001f, 0xdedf, 0x94bf, 0x001f, 0x001f,
  0x39df, 0xdeff, 0xffff, 0xef7f, 0xf79f, 0x9cff, 0x001f, 0x001f,
  0x001f, 0x001f, 0x001f, 0x001f, 0x001f, 0x001f, 0x001f, 0x001f,
  0x001f, 0x001f, 0x001f, 0x001f, 0x001a, 0x000b, 0x0800, 0x5860,
  0xf100, 0xf900, 0xf8e0, 0xf8c0, 0xf8c0, 0xf8a0, 0xf880, 0xd060,
  0x0000, 0x0000, 0x0000, 0x0000, 0x0000, 0x0000, 0x0000, 0x0000,
  0x0000, 0x0000, 0x0000, 0x0000, 0x0000, 0x0000, 0x0020, 0x0080,
  0x00a0, 0x00a0, 0x00c0, 0x00e0, 0x00e0, 0x00a0, 0x0000, 0x0002,
  0x0014, 0x001f, 0x001f, 0x001f, 0x001f, 0x001f, 0x001f, 0x001f,
  0x001f, 0x001f, 0x001f, 0x001f, 0x001f, 0x001f, 0x001f, 0x001f,
  0x001f, 0x001f, 0xffdf, 0x087f, 0x001f, 0x001f, 0x001f, 0x001f,
  0x001f, 0x001f, 0x001f, 0x001f, 0x001f, 0x001f, 0x001f, 0x001f,
  0x001f, 0x001f, 0x001f, 0x001f, 0x001f, 0x001f, 0x001f, 0x001f,
  0x001f, 0x001d, 0x0013, 0x0004, 0x0000, 0x0000, 0x0000, 0x0000,
  0x0000, 0x0000, 0x0000, 0x0000, 0x0000, 0x0000, 0x0000, 0x0000,
  0x0000, 0x0000, 0x0000, 0x0000, 0x0000, 0x0000, 0x0000, 0x0000,
  0x0000, 0x0000, 0x0000, 0x2800, 0xf800, 0x0000, 0x0000, 0x0000,
  0x0000, 0x0000, 0x0000, 0x0000, 0x0000, 0x0000, 0x0000, 0x0000,
  0x0000, 0x0000, 0x0000, 0x0000, 0x0000, 0x0000, 0x0000, 0x0000,
  0x0000, 0x0000, 0x0000, 0x0000, 0x0000, 0x0000, 0x0000, 0x0000,
  0x0000, 0x0000, 0x0000, 0x0000, 0x0000, 0x0000, 0x0000, 0x0000,
  0x0000, 0x0000, 0x0000, 0x0000, 0x0000, 0x0000, 0x0000, 0x0000,
  0x0000, 0x0000, 0x0000, 0x0000, 0x0000, 0x0000, 0x0000, 0x0000,
  0x0000, 0x0000, 0x0000, 0x0000, 0x0000, 0x0000, 0x0000, 0x0000,
  0x0000, 0x0000, 0x0000, 0x0000, 0x0000, 0x0000, 0x0000, 0x0000,
  0x0000, 0x0000, 0x0000, 0x0000, 0x0000, 0x0000, 0x0000, 0x0000,
  0x0000, 0x0000, 0x0000, 0x0000, 0x0000, 0x0000, 0x0000, 0x0000,
  0x0000, 0x0000, 0x0000, 0x0000, 0x0000, 0x0000, 0x0000, 0x0000,
  0x0000, 0x0000, 0x0000, 0x0000, 0x0004, 0x0013, 0x001d, 0x001f,
  0x001f, 0x001f, 0x001f, 0x001f, 0x001f, 0x001f, 0x001f, 0x001f,
  0x001f, 0x001f, 0x107f, 0x001f, 0xf7bf, 0x319f, 0x001f, 0x003f,
  0xf79f, 0x94bf, 0x001f, 0x297f, 0xffdf, 0x295f, 0x001f, 0x001f,
  0x001f, 0x001f, 0x001f, 0x001f, 0x001f, 0x001f, 0x001f, 0x001f,
  0x001f, 0x003f, 0x109f, 0x001f, 0x001f, 0x001f, 0x001f, 0x0015,
  0x0002, 0x1000, 0xc8c0, 0xf8c0, 0xf8c0, 0xf8a0, 0xf880, 0x1000,
  0x0000, 0x0000, 0x0000, 0x0000, 0x0000, 0x0000, 0x0000, 0x0000,
  0x0000, 0x0000, 0x0000, 0x0000, 0x0000, 0x0000, 0x0000, 0x0080,
  0x00a0, 0x00a0, 0x00a0, 0x0020, 0x0000, 0x000d, 0x001b, 0x001f,
  0x001f, 0x001f, 0x001f, 0x001f, 0x001f, 0x001f, 0x001f, 0x001f,
  0x001f, 0x001f, 0x001f, 0x001f, 0x001f, 0x001f, 0x001f, 0x001f,
  0x001f, 0x7bff, 0xad7f, 0x001f, 0x001f, 0x001f, 0x001f, 0x001f,
  0x001f, 0x001f, 0x001f, 0x001f, 0x001f, 0x001f, 0x001f, 0x001f,
  0x001f, 0x001f, 0x001f, 0x001f, 0x001f, 0x0018, 0x000e, 0x0006,
  0x0000, 0x0000, 0x0000, 0x0000, 0x0000, 0x0000, 0x0000, 0x0000,
  0x0000, 0x0000, 0x0000, 0x0000, 0x0000, 0x0000, 0x0000, 0x0000,
  0x0000, 0x0000, 0x0000, 0x0000, 0x0000, 0x0000, 0x0000, 0x0000,
  0x0000, 0x0000, 0x0000, 0x1800, 0xf800, 0x4800, 0x0000, 0x0000,
  0x0000, 0x0000, 0x0000, 0x0000, 0x0000, 0x0000, 0x0000, 0x0000,
  0x0000, 0x0000, 0x0000, 0x0000, 0x0000, 0x0000, 0x0000, 0x0000,
  0x0000, 0x0000, 0x0000, 0x0000, 0x0000, 0x0000, 0x0000, 0x0000,
  0x0000, 0x0000, 0x0000, 0x0000, 0x0000, 0x0000, 0x0000, 0x0000,
  0x0000, 0x0000, 0x0000, 0x0000, 0x0000, 0x0000, 0x0000, 0x0000,
  0x0000, 0x0000, 0x0000, 0x0000, 0x0000, 0x0000, 0x0000, 0x0000,
  0x0000, 0x0000, 0x0000, 0x0000, 0x0000, 0x0000, 0x0000, 0x0000,
  0x0000, 0x0000, 0x0000, 0x0000, 0x0000, 0x0000, 0x0000, 0x0000,
  0x0000, 0x0000, 0x0000, 0x0000, 0x0000, 0x0000, 0x0000, 0x0000,
  0x0000, 0x0000, 0x0000, 0x0000, 0x0000, 0x0000, 0x0000, 0x0000,
  0x0000, 0x0000, 0x0000, 0x0000, 0x0000, 0x0000, 0x0000, 0x0000,
  0x0000, 0x0000, 0x0000, 0x0000, 0x0000, 0x0000, 0x0000, 0x0000,
  0x0005, 0x000d, 0x0018, 0x001f, 0x001f, 0x001f, 0x001f, 0x001f,
  0x001f, 0x083f, 0xef7f, 0xe71f, 0xffff, 0x297f, 0x001f, 0x18bf,
  0xffff, 0x085f, 0x001f, 0x001f, 0xdeff, 0x949f, 0x001f, 0x001f,
  0x001f, 0x001f, 0x001f, 0x001f, 0x001f, 0x001f, 0x001f, 0x001f,
  0x4a5f, 0xf79f, 0xffdf, 0xf79f, 0x5adf, 0x001f, 0x001f, 0x001f,
  0x001f, 0x001c, 0x000d, 0x0000, 0x6040, 0xe080, 0xe880, 0x0000,
  0x0000, 0x0000, 0x0000, 0x0000, 0x0000, 0x0000, 0x0000, 0x0000,
  0x0000, 0x0000, 0x0000, 0x0000, 0x0000, 0x0000, 0x0000, 0x0060,
  0x0060, 0x0000, 0x0000, 0x0016, 0x001f, 0x001f, 0x001f, 0x001f,
  0x001f, 0x001f, 0x001f, 0x001f, 0x001f, 0x001f, 0x001f, 0x001f,
  0x001f, 0x001f, 0x001f, 0x001f, 0x001f, 0x001f, 0x001f, 0x001f,
  0x001f, 0xffdf, 0x319f, 0x001f, 0x001f, 0x001f, 0x001f, 0x001f,
  0x001f, 0x001f, 0x001f, 0x001f, 0x001f, 0x001f, 0x001f, 0x001f,
  0x001f, 0x001f, 0x0010, 0x0001, 0x0000, 0x0000, 0x0000, 0x0000,
  0x0000, 0x0000, 0x0000, 0x0000, 0x0000, 0x0000, 0x0000, 0x0000,
  0x0000, 0x0000, 0x0000, 0x0000, 0x0000, 0x0000, 0x0000, 0x0000,
  0x0000, 0x0000, 0x0000, 0x0000, 0x0000, 0x0000, 0x0000, 0x0000,
  0x0000, 0x0000, 0x0000, 0x0800, 0xf800, 0xa000, 0x0000, 0x0000,
  0x0000, 0x0000, 0x0000, 0x0000, 0x0000, 0x0000, 0x0000, 0x0000,
  0x0000, 0x0000, 0x0000, 0x0000, 0x0000, 0x0000, 0x0000, 0x0000,
  0x0000, 0x0000, 0x0000, 0x0000, 0x0000, 0x0000, 0x0000, 0x0000,
  0x0000, 0x0000, 0x0000, 0x0000, 0x0000, 0x0000, 0x0000, 0x0000,
  0x0000, 0x0000, 0x0000, 0x0000, 0x0000, 0x0000, 0x0000, 0x0000,
  0x0000, 0x0000, 0x0000, 0x0000, 0x0000, 0x0000, 0x0000, 0x0000,
  0x0000, 0x0000, 0x0000, 0x0000, 0x0000, 0x0000, 0x0000, 0x0000,
  0x0000, 0x0000, 0x0000, 0x0000, 0x0000, 0x0000, 0x0000, 0x0000,
  0x0000, 0x0000, 0x0000, 0x0000, 0x0000, 0x0000, 0x0000, 0x0000,
  0x0000, 0x0000, 0x0000, 0x0000, 0x0000, 0x0000, 0x0000, 0x0000,
  0x0000, 0x0000, 0x0000, 0x0000, 0x0000, 0x0000, 0x0000, 0x0000,
  0x0000, 0x0000, 0x0000, 0x0000, 0x0000, 0x0000, 0x0000, 0x0000,
  0x0000, 0x0000, 0x0000, 0x0000, 0x0001, 0x000e, 0x001e, 0x001f,
  0x001f, 0x001f, 0x001f, 0x087f, 0x949f, 0xf79f, 0x41ff, 0x109f,
  0xffff, 0x109f, 0x001f, 0x001f, 0xffff, 0x6b5f, 0x001f, 0x001f,
  0x001f, 0x001f, 0x001f, 0x001f, 0x001f, 0x001f, 0x001f, 0x001f,
  0xdeff, 0x6b5f, 0x001f, 0x297f, 0xffdf, 0x001f, 0x001f, 0x001f,
  0x001f, 0x001f, 0x001f, 0x001f, 0x0019, 0x0001, 0x0000, 0x0000,
  0x0000, 0x0000, 0x0000, 0x0000, 0x0000, 0x0000, 0x0000, 0x0000,
  0x0000, 0x0000, 0x0000, 0x0000, 0x0000, 0x0000, 0x0000, 0x0000,
  0x0008, 0x001b, 0x001f, 0x001f, 0x001f, 0x001f, 0x001f, 0x001f,
  0x001f, 0x001f, 0x001f, 0x001f, 0x001f, 0x001f, 0x001f, 0x001f,
  0x001f, 0x001f, 0x001f, 0x001f, 0x001f, 0x001f, 0x001f, 0x001f,
  0x529f, 0xf79f, 0x39df, 0xbdff, 0xffdf, 0x5aff, 0x001f, 0x001f,
  0x001f, 0x001f, 0x001f, 0x001f, 0x001f, 0x001c, 0x0015, 0x0007,
  0x0000, 0x0000, 0x0000, 0x0000, 0x0000, 0x0000, 0x0000, 0x0000,
  0x0000, 0x0000, 0x0000, 0x0000, 0x0000, 0x0000, 0x0000, 0x0000,
  0x0000, 0x0000, 0x0000, 0x0000, 0x0000, 0x0000, 0x0000, 0x0000,
  0x0000, 0x0000, 0x0000, 0x0000, 0x0000, 0x0000, 0x0000, 0x0000,
  0x0000, 0x0000, 0x0000, 0x0000, 0xe800, 0xf000, 0x0000, 0x0000,
  0x0000, 0x0000, 0x0000, 0x0000, 0x0000, 0x0000, 0x0000, 0x0000,
  0x0000, 0x0000, 0x0000, 0x0000, 0x0000, 0x0000, 0x0000, 0x0000,
  0x0000, 0x0000, 0x0000, 0x0000, 0x0000, 0x0000, 0x0000, 0x0000,
  0x0000, 0x0000, 0x0000, 0x0000, 0x0000, 0x0000, 0x0000, 0x0000,
  0x0000, 0x0000, 0x0000, 0x0000, 0x0000, 0x0000, 0x0000, 0x0000,
  0x0000, 0x0000, 0x0000, 0x0000, 0x0000, 0x0000, 0x0000, 0x0000,
  0x0000, 0x0000, 0x0000, 0x0000, 0x0000, 0x0000, 0x0000, 0x0000,
  0x0000, 0x0000, 0x0000, 0x0000, 0x0000, 0x0000, 0x0000, 0x0000,
  0x0000, 0x0000, 0x0000, 0x0000, 0x0000, 0x0000, 0x0000, 0x0000,
  0x0000, 0x0000, 0x0000, 0x0000, 0x0000, 0x0000, 0x0000, 0x0000,
  0x0000, 0x0000, 0x0000, 0x0000, 0x0000, 0x0000, 0x0000, 0x0000,
  0x0000, 0x0000, 0x0000, 0x0000, 0x0000, 0x0000, 0x0000, 0x0000,
  0x0000, 0x0000, 0x0000, 0x0000, 0x0000, 0x0000, 0x0000, 0x0000,
  0x0006, 0x0014, 0x001c, 0x001f, 0x001f, 0x001f, 0x001f, 0x001f,
  0x6b5f, 0xffdf, 0xce5f, 0xef7f, 0xe73f, 0x003f, 0x001f, 0x001f,
  0x001f, 0x001f, 0x001f, 0x001f, 0x001f, 0x001f, 0x001f, 0x001f,
  0x001f, 0x001f, 0x001f, 0x085f, 0xffdf, 0x001f, 0x001f, 0x6b5f,
  0xd6bf, 0xb5bf, 0x20ff, 0x001f, 0x001f, 0x001e, 0x0000, 0x0000,
  0x0000, 0x0000, 0x0000, 0x0000, 0x0000, 0x0000, 0x0000, 0x0000,
  0x0000, 0x0000, 0x0000, 0x0000, 0x0000, 0x0000, 0x0000, 0x0000,
  0x000b, 0x001f, 0x001f, 0x001f, 0x9cff, 0xef5f, 0xe71f, 0x423f,
  0x001f, 0x001f, 0x001f, 0x001f, 0x001f, 0x001f, 0x001f, 0x001f,
  0x001f, 0x001f, 0x001f, 0x001f, 0x001f, 0x001f, 0x001f, 0x001f,
  0xce7f, 0xf7bf, 0xf7bf, 0x949f, 0x20ff, 0x001f, 0x001f, 0x001f,
  0x001f, 0x001f, 0x001b, 0x000a, 0x0003, 0x0000, 0x0000, 0x0000,
  0x0000, 0x0000, 0x0000, 0x0000, 0x0000, 0x0000, 0x0000, 0x0000,
  0x0000, 0x0000, 0x0000, 0x0000, 0x0000, 0x0000, 0x0000, 0x0000,
  0x0000, 0x0000, 0x0000, 0x0000, 0x0000, 0x0000, 0x0000, 0x0000,
  0x0000, 0x0000, 0x0000, 0x0000, 0x0000, 0x0000, 0x0000, 0x0000,
  0x0000, 0x0000, 0x0000, 0x0000, 0xc800, 0xf800, 0x0000, 0x0000,
  0x0000, 0x0000, 0x0000, 0x0000, 0x0000, 0x0000, 0x0000, 0x0000,
  0x0000, 0x0000, 0x0000, 0x0000, 0x0000, 0x0000, 0x0000, 0x0000,
  0x0000, 0x0000, 0x0000, 0x0000, 0x0000, 0x0000, 0x0000, 0x0000,
  0x0000, 0x0000, 0x0000, 0x0000, 0x0000, 0x0000, 0x0000, 0x0000,
  0x0000, 0x0000, 0x0000, 0x0000, 0x0000, 0x0000, 0x0000, 0x0000,
  0x0000, 0x0000, 0x0000, 0x0000, 0x0000, 0x0000, 0x0000, 0x0000,
  0x0000, 0x0000, 0x0000, 0x0000, 0x0000, 0x0000, 0x0000, 0x0000,
  0x0000, 0x0000, 0x0000, 0x0000, 0x0000, 0x0000, 0x0000, 0x0000,
  0x0000, 0x0000, 0x0000, 0x0000, 0x0000, 0x0000, 0x0000, 0x0000,
  0x0000, 0x0000, 0x0000, 0x0000, 0x0000, 0x0000, 0x0000, 0x0000,
  0x0000, 0x0000, 0x0000, 0x0000, 0x0000, 0x0000, 0x0000, 0x0000,
  0x0000, 0x0000, 0x0000, 0x0000, 0x0000, 0x0000, 0x0000, 0x0000,
  0x0000, 0x0000, 0x0000, 0x0000, 0x0000, 0x0000, 0x0000, 0x0000,
  0x0000, 0x0000, 0x0000, 0x0002, 0x0009, 0x0019, 0x001f, 0x001f,
  0x001f, 0x109f, 0x319f, 0x319f, 0x001f, 0x001f, 0x001f, 0x001f,
  0x001f, 0x001f, 0x001f, 0x001f, 0x001f, 0x001f, 0x001f, 0x001f,
  0x001f, 0x001f, 0x001f, 0x843f, 0xf7bf, 0x001f, 0xad7f, 0xf79f,
  0x31bf, 0x73bf, 0xffdf, 0x087f, 0x001f, 0x0013, 0x0000, 0x0000,
  0x0000, 0x0000, 0x0000, 0x0000, 0x0000, 0x0000, 0x0000, 0x0000,
  0x0000, 0x0000, 0x0000, 0x0000, 0x0000, 0x0000, 0x0000, 0x0000,
  0x0000, 0x001f, 0x001f, 0xad7f, 0xd6bf, 0x001f, 0x6b3f, 0xffdf,
  0x41ff, 0x001f, 0x001f, 0x001f, 0x001f, 0x001f, 0x001f, 0x001f,
  0x001f, 0x001f, 0x001f, 0x001f, 0x001f, 0x001f, 0x001f, 0x001f,
  0xc61f, 0x421f, 0x001f, 0x001f, 0x001f, 0x001f, 0x001e, 0x0018,
  0x0005, 0x0000, 0x0000, 0x0000, 0x0000, 0x0000, 0x0000, 0x0000,
  0x0000, 0x0000, 0x0000, 0x0000, 0x0000, 0x0000, 0x0000, 0x0000,
  0x0000, 0x0000, 0x0000, 0x0000, 0x0000, 0x0000, 0x0000, 0x0000,
  0x0000, 0x0000, 0x0000, 0x0000, 0x0000, 0x0000, 0x0000, 0x0000,
  0x0000, 0x0000, 0x0000, 0x0000, 0x0000, 0x0000, 0x0000, 0x0000,
  0x0000, 0x0000, 0x0000, 0x0000, 0xa800, 0xf800, 0x0000, 0x0000,
  0x0000, 0x0000, 0x0000, 0x0000, 0x0000, 0x0000, 0x0000, 0x0000,
  0x0000, 0x0000, 0x0000, 0x0000, 0x0000, 0x0000, 0x0000, 0x0000,
  0x0000, 0x0000, 0x0000, 0x0000, 0x0000, 0x0000, 0x0000, 0x0000,
  0x0000, 0x0000, 0x0000, 0x0000, 0x0000, 0x0000, 0x0000, 0x0000,
  0x0000, 0x0000, 0x0000, 0x0000, 0x0000, 0x0000, 0x0000, 0x0000,
  0x0000, 0x0000, 0x0000, 0x0000, 0x0000, 0x0000, 0x0000, 0x0000,
  0x0000, 0x0000, 0x0000, 0x0000, 0x0000, 0x0000, 0x0000, 0x0000,
  0x0000, 0x0000, 0x0000, 0x0000, 0x0000, 0x0000, 0x0000, 0x0000,
  0x0000, 0x0000, 0x0000, 0x0000, 0x0000, 0x0000, 0x0000, 0x0000,
  0x0000, 0x0000, 0x0000, 0x0000, 0x0000, 0x0000, 0x0000, 0x0000,
  0x0000, 0x0000, 0x0000, 0x0000, 0x0000, 0x0000, 0x0000, 0x0000,
  0x0000, 0x0000, 0x0000, 0x0000, 0x0000, 0x0000, 0x0000, 0x0000,
  0x0000, 0x0000, 0x0000, 0x0000, 0x0000, 0x0000, 0x0000, 0x0000,
  0x0000, 0x0000, 0x0000, 0x0000, 0x0000, 0x0000, 0x0000, 0x0004,
  0x0018, 0x001e, 0x001f, 0x001f, 0x001f, 0x001f, 0x001f, 0x001f,
  0x001f, 0x001f, 0x001f, 0x001f, 0x001f, 0x001f, 0x001f, 0x001f,
  0x001f, 0x109f, 0xbdff, 0xf79f, 0x31bf, 0x20ff, 0xffdf, 0x18df,
  0x001f, 0x001f, 0xef5f, 0x6b7f, 0x001f, 0x0000, 0x0000, 0x0000,
  0x0000, 0x0000, 0x0000, 0x0000, 0x0000, 0x0000, 0x0000, 0x0000,
  0x0000, 0x0000, 0x0000, 0x0000, 0x0000, 0x0000, 0x0000, 0x0000,
  0x0000, 0x0012, 0x001f, 0xffff, 0x423f, 0x001f, 0x001f, 0x8c5f,
  0xf79f, 0x001f, 0x001f, 0x001f, 0x001f, 0x001f, 0x001f, 0x001f,
  0x001f, 0x001f, 0x001f, 0x001f, 0x001f, 0x001f, 0x001f, 0x001f,
  0x001f, 0x001f, 0x001f, 0x001e, 0x0011, 0x0005, 0x0000, 0x0000,
  0x0000, 0x0000, 0x0000, 0x0000, 0x0020, 0x5acb, 0x0000, 0x0000,
  0x0000, 0x0000, 0x0000, 0x0000, 0x0000, 0x0000, 0x0000, 0x0000,
  0x0000, 0x0000, 0x0000, 0x0000, 0x0000, 0x0000, 0x0000, 0x0000,
  0x0000, 0x0000, 0x0000, 0x0000, 0x0000, 0x0000, 0x0000, 0x0000,
  0x0000, 0x0000, 0x0000, 0x0000, 0x0000, 0x0000, 0x0000, 0x0000,
  0x0000, 0x0000, 0x0000, 0x0000, 0x7800, 0xf800, 0x0800, 0x0000,
  0x0000, 0x0000, 0x0000, 0x0000, 0x0000, 0x0000, 0x0000, 0x0000,
  0x0000, 0x0000, 0x0000, 0x0000, 0x0000, 0x0000, 0x0000, 0x0000,
  0x0000, 0x0000, 0x0000, 0x0000, 0x0000, 0x0000, 0x0000, 0x0000,
  0x0000, 0x0000, 0x0000, 0x0000, 0x0000, 0x0000, 0x0000, 0x0000,
  0x0000, 0x0000, 0x0000, 0x0000, 0x0000, 0x0000, 0x0000, 0x0000,
  0x0000, 0x0000, 0x0000, 0x0000, 0x0000, 0x0000, 0x0000, 0x0000,
  0x0000, 0x0000, 0x0000, 0x0000, 0x0000, 0x0000, 0x0000, 0x0000,
  0x0000, 0x0000, 0x0000, 0x0000, 0x0000, 0x0000, 0x0000, 0x0000,
  0x0000, 0x0000, 0x0000, 0x0000, 0x0000, 0x0000, 0x0000, 0x0000,
  0x0000, 0x0000, 0x0000, 0x0000, 0x0000, 0x0000, 0x0000, 0x0000,
  0x0000, 0x0000, 0x0000, 0x0000, 0x0000, 0x0000, 0x0000, 0x0000,
  0x0000, 0x0000, 0x0000, 0x0000, 0x0000, 0x0000, 0x0000, 0x0000,
  0x0000, 0x0000, 0x0000, 0x0000, 0x0000, 0x0000, 0x0000, 0x0000,
  0x0000, 0x0000, 0x0000, 0x0000, 0x0000, 0x0000, 0x0000, 0x0000,
  0x0000, 0x0000, 0x0005, 0x0010, 0x001d, 0x001f, 0x001f, 0x001f,
  0x001f, 0x001f, 0x001f, 0x001f, 0x001f, 0x001f, 0x001f, 0x319f,
  0xc63f, 0xf7bf, 0x7bff, 0x003f, 0x001f, 0xef5f, 0xad5f, 0x001f,
  0x001f, 0x001f, 0xdeff, 0x7bff, 0x001a, 0x0000, 0x0000, 0x0000,
  0x0000, 0x0000, 0x0000, 0x0000, 0x0000, 0x0000, 0x0000, 0x0000,
  0x0000, 0x0000, 0x0000, 0x0000, 0x0000, 0x0000, 0x0000, 0x0000,
  0x0000, 0x0003, 0x001f, 0xffff, 0x423f, 0x001f, 0x001f, 0x001f,
  0xffff, 0x529f, 0x001f, 0x001f, 0x001f, 0x001f, 0x001f, 0x001f,
  0x001f, 0x001f, 0x001f, 0x001f, 0x001f, 0x001f, 0x001f, 0x001f,
  0x001f, 0x0010, 0x0001, 0x0000, 0x0000, 0x0000, 0x0000, 0x0000,
  0x0000, 0x0000, 0x1061, 0xc638, 0xffdf, 0xffdf, 0x0000, 0x0000,
  0x0000, 0x0000, 0x0000, 0x0000, 0x0000, 0x0000, 0x0000, 0x0000,
  0x0000, 0x0000, 0x0000, 0x0000, 0x0000, 0x0000, 0x0000, 0x0000,
  0x0000, 0x0000, 0x0000, 0x0000, 0x0000, 0x0000, 0x0000, 0x0000,
  0x0000, 0x0000, 0x0000, 0x0000, 0x0000, 0x0000, 0x0000, 0x0000,
  0x0000, 0x0000, 0x0000, 0x0000, 0x4000, 0xf800, 0x3000, 0x0000,
  0x0000, 0x0000, 0x0000, 0x0000, 0x0000, 0x0000, 0x0000, 0x0000,
  0x0000, 0x0000, 0x0000, 0x0000, 0x0000, 0x0000, 0x0000, 0x0000,
  0x0000, 0x0000, 0x0000, 0x0000, 0x0000, 0x0000, 0x0000, 0x0000,
  0x0000, 0x0000, 0x0000, 0x0000, 0x0000, 0x0000, 0x0000, 0x0000,
  0x0000, 0x0000, 0x0000, 0x0000, 0x0000, 0x0000, 0x0000, 0x0000,
  0x0000, 0x0000, 0x0000, 0x0000, 0x0000, 0x0000, 0x0000, 0x0000,
  0x0000, 0x0000, 0x0000, 0x0000, 0x0000, 0x0000, 0x0000, 0x0000,
  0x0000, 0x0000, 0x0000, 0x0000, 0x0000, 0x0000, 0x0000, 0x0000,
  0x0000, 0x0000, 0x0000, 0x0000, 0x0000, 0x0000, 0x0000, 0x0000,
  0x0000, 0x0000, 0x0000, 0x0000, 0x0000, 0x0000, 0x0000, 0x0000,
  0x0000, 0x0000, 0x0000, 0x0000, 0x0000, 0x0000, 0x0000, 0x0000,
  0x0000, 0x0000, 0x0000, 0x0000, 0x0000, 0x0000, 0x0000, 0x0000,
  0x0000, 0x0000, 0x0000, 0x0000, 0x0000, 0x0000, 0x0000, 0x0000,
  0x0000, 0x0000, 0x0000, 0x0000, 0x0000, 0x0000, 0x0000, 0x0000,
  0x0000, 0x0000, 0x0000, 0x0000, 0x0000, 0x0001, 0x0010, 0x001f,
  0x001f, 0x001f, 0x001f, 0x001f, 0x001f, 0x001f, 0xdeff, 0xffdf,
  0x7bff, 0x083f, 0x001f, 0x001f, 0x001f, 0xffff, 0x39df, 0x001f,
  0x001f, 0x001f, 0xffff, 0x631f, 0x0005, 0x0000, 0x0000, 0x0000,
  0x0000, 0x0000, 0x0000, 0x0000, 0x0000, 0x0000, 0x0000, 0x0000,
  0x0000, 0x0000, 0x0000, 0x0000, 0x0000, 0x0000, 0x0000, 0x0000,
  0x0000, 0x0000, 0x0019, 0xef7f, 0x843f, 0x001f, 0x001f, 0x001f,
  0xb5df, 0xbddf, 0x001f, 0x001f, 0x001f, 0x001f, 0x001f, 0x001f,
  0x001f, 0x001f, 0x001f, 0x001f, 0x001f, 0x001d, 0x0012, 0x0003,
  0x0000, 0x0000, 0x0000, 0x0000, 0x0000, 0x0000, 0x0000, 0x0000,
  0x0000, 0x0000, 0x2124, 0xb596, 0x73ae, 0xffff, 0x52aa, 0x0000,
  0x0000, 0x0000, 0x0000, 0x0000, 0x0000, 0x0000, 0x0000, 0x0000,
  0x0000, 0x0000, 0x0000, 0x0000, 0x0000, 0x0000, 0x0000, 0x0000,
  0x0000, 0x0000, 0x0000, 0x0000, 0x0000, 0x0000, 0x0000, 0x0000,
  0x0000, 0x0000, 0x0000, 0x0000, 0x0000, 0x0000, 0x0000, 0x0000,
  0x0000, 0x0000, 0x0000, 0x0000, 0x1000, 0xf800, 0x6000, 0x0000,
  0x0000, 0x0000, 0x0000, 0x0000, 0x0000, 0x0000, 0x0000, 0x0000,
  0x0000, 0x0000, 0x0000, 0x0000, 0x0000, 0x0000, 0x0000, 0x0000,
  0x0000, 0x0000, 0x0000, 0x0000, 0x0000, 0x0000, 0x0000, 0x0000,
  0x0000, 0x0000, 0x0000, 0x0000, 0x0000, 0x0000, 0x0000, 0x0000,
  0x0000, 0x0000, 0x0000, 0x0000, 0x0000, 0x0000, 0x0000, 0x0000,
  0x0000, 0x0000, 0x0000, 0x0000, 0x0000, 0x0000, 0x0000, 0x0000,
  0x0000, 0x0000, 0x0000, 0x0000, 0x0000, 0x0000, 0x0000, 0x0000,
  0x0000, 0x0000, 0x0000, 0x0000, 0x0000, 0x0000, 0x0000, 0x0000,
  0x0000, 0x0000, 0x0000, 0x0000, 0x0000, 0x0000, 0x0000, 0x0000,
  0x0000, 0x0000, 0x0000, 0x0000, 0x0000, 0x0000, 0x0000, 0x0000,
  0x0000, 0x0000, 0x0000, 0x0000, 0x0000, 0x0000, 0x0000, 0x0000,
  0x0000, 0x0000, 0x0000, 0x0000, 0x0000, 0x0000, 0x0000, 0x0000,
  0x0000, 0x0000, 0x0000, 0x0000, 0x0000, 0x0000, 0x0000, 0x0000,
  0x0000, 0x0000, 0x0000, 0x0000, 0x0000, 0x0000, 0x0000, 0x0000,
  0x0000, 0x0000, 0x0000, 0x0000, 0x0000, 0x0000, 0x0000, 0x0000,
  0x0002, 0x0011, 0x001c, 0x001f, 0x001f, 0x087f, 0x8c7f, 0xef5f,
  0xffdf, 0x9cff, 0x319f, 0x001f, 0x211f, 0xffff, 0x001f, 0x001f,
  0x001f, 0x39ff, 0xffff, 0x085d, 0x0000, 0x0000, 0x0000, 0x0000,
  0x0000, 0x0000, 0x0000, 0x0000, 0x0000, 0x0000, 0x0000, 0x0000,
  0x0000, 0x0000, 0x0000, 0x0000, 0x0000, 0x0000, 0x0000, 0x0000,
  0x0000, 0x0000, 0x0007, 0x73bf, 0xef5f, 0x001f, 0x001f, 0x001f,
  0x529f, 0xdedf, 0x001f, 0x001f, 0x001f, 0x001f, 0x001f, 0x001f,
  0x001f, 0x001f, 0x001f, 0x0013, 0x0005, 0x0000, 0x0000, 0x0000,
  0x0000, 0x0000, 0x0000, 0x0000, 0x0000, 0x0000, 0x0000, 0x0000,
  0x0000, 0x4228, 0x2965, 0x0000, 0x0000, 0xf79e, 0xd69a, 0x0000,
  0x0000, 0x0000, 0x0000, 0x0000, 0x0000, 0x0000, 0x0000, 0x0000,
  0x0000, 0x0000, 0x0000, 0x0000, 0x0000, 0x0000, 0x0000, 0x0000,
  0x0000, 0x0000, 0x0000, 0x0000, 0x0000, 0x0000, 0x0000, 0x0000,
  0x0000, 0x0000, 0x0000, 0x0000, 0x0000, 0x0000, 0x0000, 0x0000,
  0x0000, 0x0000, 0x0000, 0x0000, 0x0000, 0xf800, 0x9000, 0x0000,
  0x0000, 0x0000, 0x0000, 0x0000, 0x0000, 0x0000, 0x0000, 0x0000,
  0x0000, 0x0000, 0x0000, 0x0000, 0x0000, 0x0000, 0x0000, 0x0000,
  0x0000, 0x0000, 0x0000, 0x0000, 0x6b6d, 0x8410, 0x2124, 0x0000,
  0x0000, 0x2124, 0x1082, 0x0000, 0x0000, 0x0000, 0x0000, 0x0000,
  0x0000, 0x0000, 0x0000, 0x0000, 0x0000, 0x0000, 0x0000, 0x0000,
  0x0000, 0x0000, 0x0000, 0x0000, 0x0000, 0x0000, 0x0000, 0x0000,
  0x0000, 0x0000, 0x0000, 0x0000, 0x0000, 0x0000, 0x0000, 0x0000,
  0x0000, 0x0000, 0x0000, 0x0000, 0x0000, 0x0000, 0x0000, 0x0000,
  0x0000, 0x0000, 0x0000, 0x0000, 0x0000, 0x0000, 0x0000, 0x0000,
  0x0000, 0x0000, 0x0000, 0x0000, 0x0000, 0x0000, 0x0000, 0x0000,
  0x0000, 0x0000, 0x0000, 0x0000, 0x0000, 0x0000, 0x0000, 0x0000,
  0x0000, 0x0000, 0x0000, 0x0000, 0x0000, 0x0000, 0x0000, 0x0000,
  0x0000, 0x0000, 0x0000, 0x0000, 0x0000, 0x0000, 0x0000, 0x0000,
  0x0000, 0x0000, 0x0000, 0x0000, 0x0000, 0x0000, 0x0000, 0x0000,
  0x0000, 0x0000, 0x0000, 0x0000, 0x0000, 0x0000, 0x0000, 0x0000,
  0x0000, 0x0000, 0x0000, 0x0004, 0x0012, 0x001f, 0x001f, 0x001f,
  0x317f, 0xbe1f, 0xffff, 0x087f, 0x109f, 0xffff, 0x001f, 0x001f,
  0x001f, 0xd67f, 0xd69f, 0x000f, 0x0000, 0x0000, 0x0000, 0x0000,
  0x0000, 0x0000, 0x0000, 0x0000, 0x0000, 0x0000, 0x0000, 0x0000,
  0x0000, 0x0000, 0x0000, 0x0000, 0x0000, 0x0000, 0x0000, 0x0000,
  0x0000, 0x0000, 0x0000, 0x085f, 0xf7bf, 0x5aff, 0x001f, 0x001f,
  0x73bf, 0xc63f, 0x001f, 0x001f, 0x001f, 0x001f, 0x001f, 0x001f,
  0x0019, 0x0005, 0x0000, 0x0000, 0x0000, 0x0000, 0x0000, 0x0000,
  0x0000, 0x0000, 0x0000, 0x0000, 0x0000, 0x0000, 0x0000, 0x0000,
  0x8430, 0xffff, 0x4a49, 0x0000, 0x0000, 0x9492, 0xffdf, 0x18c3,
  0x0000, 0x0000, 0x0000, 0x0000, 0x0000, 0x0000, 0x0000, 0x0000,
  0x0000, 0x0000, 0x0000, 0x0000, 0x0000, 0x0000, 0x0000, 0x0000,
  0x0000, 0x0000, 0x0000, 0x0000, 0x0000, 0x0000, 0x0000, 0x0000,
  0x0000, 0x0000, 0x0000, 0x0000, 0x0000, 0x0000, 0x0000, 0x0000,
  0x0000, 0x0000, 0x0000, 0x0000, 0x0000, 0xf800, 0xb800, 0x0000,
  0x0000, 0x0000, 0x0000, 0x0000, 0x0000, 0x0000, 0x0000, 0x0000,
  0x0000, 0x0000, 0x0000, 0x0000, 0x0000, 0x0000, 0x0000, 0x0000,
  0x0000, 0x0000, 0x4a69, 0xffdf, 0xffff, 0xffdf, 0xffff, 0xe73c,
  0x0020, 0xe73c, 0xffff, 0x0000, 0x0000, 0x0000, 0x0000, 0x0000,
  0xffff, 0xe73c, 0x0000, 0x0000, 0x0000, 0x0000, 0x52aa, 0xffff,
  0xa514, 0x0000, 0xffff, 0xffff, 0xffff, 0xffff, 0xffdf, 0xad75,
  0x0841, 0x0000, 0x0000, 0x0000, 0x0000, 0x0000, 0x0000, 0x0000,
  0x0000, 0x0000, 0x0000, 0x0000, 0x0000, 0x0000, 0x0000, 0x0000,
  0x0000, 0x0000, 0x0000, 0x0000, 0x0000, 0x0000, 0x0000, 0x0000,
  0x0000, 0x0000, 0x0000, 0x0000, 0x0000, 0x0000, 0x0000, 0x0000,
  0x0000, 0x0000, 0x0000, 0x0000, 0x0000, 0x0000, 0x0000, 0x0000,
  0x0000, 0x0000, 0x0000, 0x0000, 0x0000, 0x0000, 0x0000, 0x0000,
  0x0000, 0x0000, 0x0000, 0x0000, 0x0000, 0x0000, 0x0000, 0x0000,
  0x0000, 0x0000, 0x0000, 0x0000, 0x0000, 0x0000, 0x0000, 0x0000,
  0x0000, 0x0000, 0x0000, 0x0000, 0x0000, 0x0000, 0x0000, 0x0000,
  0x0000, 0x0000, 0x0000, 0x0000, 0x0000, 0x0000, 0x0004, 0x0018,
  0x001f, 0x001f, 0x001f, 0x001f, 0x001f, 0xef7f, 0xa53f, 0x211f,
  0xad7f, 0xf79f, 0x001f, 0x0000, 0x0000, 0x0000, 0x0000, 0x0000,
  0x0000, 0x0000, 0x0000, 0x0000, 0x0000, 0x0000, 0x0000, 0x0000,
  0x0000, 0x0000, 0x0000, 0x0000, 0x0000, 0x0000, 0x0000, 0x0000,
  0x0000, 0x0000, 0x0000, 0x000c, 0x527f, 0xffff, 0x841f, 0x6b5f,
  0xf7bf, 0x421f, 0x001f, 0x001f, 0x001f, 0x001c, 0x000c, 0x0000,
  0x0000, 0x0000, 0x0000, 0x0000, 0x0000, 0x0000, 0x0000, 0x0000,
  0x0000, 0x0000, 0x0000, 0x0000, 0x0000, 0x0000, 0x0000, 0x0000,
  0x5aeb, 0xffff, 0x52aa, 0x0000, 0x0000, 0x0000, 0xffff, 0x7bcf,
  0x0000, 0x0000, 0x0000, 0x0000, 0x0000, 0x0000, 0x0000, 0x0000,
  0x0000, 0x0000, 0x0000, 0x0000, 0x0000, 0x0000, 0x0000, 0x0000,
  0x0000, 0x0000, 0x0000, 0x0000, 0x0000, 0x0000, 0x0000, 0x0000,
  0x0000, 0x0000, 0x0000, 0x0000, 0x0000, 0x0000, 0x0000, 0x0000,
  0x0000, 0x0000, 0x0000, 0x0000, 0x0000, 0xf800, 0xe000, 0x0000,
  0x0000, 0x0000, 0x0000, 0x0000, 0x0000, 0x0000, 0x0000, 0x0000,
  0x0000, 0x0000, 0x0000, 0x0000, 0x0000, 0x0000, 0x0000, 0x0000,
  0x0000, 0x0841, 0xf79e, 0xef7d, 0x2965, 0x0861, 0x632c, 0xef5d,
  0x0020, 0x9492, 0xffff, 0x5acb, 0x0000, 0x0000, 0x0000, 0x6b6d,
  0xffff, 0xffff, 0x0000, 0x0000, 0x0000, 0x0000, 0xa534, 0xffff,
  0x4228, 0x0000, 0xffff, 0xdedb, 0x52aa, 0x5aeb, 0xbdd7, 0xffff,
  0xce79, 0x0000, 0x0000, 0x0000, 0x0000, 0x0000, 0x0000, 0x0000,
  0x0000, 0x0000, 0x0000, 0x0000, 0x0000, 0x0000, 0x0000, 0x0000,
  0x0000, 0x0000, 0x0000, 0x0000, 0x0000, 0x0000, 0x0000, 0x0000,
  0x0000, 0x0000, 0x0000, 0x0000, 0x0000, 0x0000, 0x0000, 0x0000,
  0x0000, 0x0000, 0x0000, 0x0000, 0x0000, 0x0000, 0x0000, 0x0000,
  0x0000, 0x0000, 0x0000, 0x0000, 0x0000, 0x0000, 0x0000, 0x0000,
  0x0000, 0x0000, 0x0000, 0x0000, 0x0000, 0x0000, 0x0000, 0x0000,
  0x0000, 0x0000, 0x0000, 0x0000, 0x0000, 0x0000, 0x0000, 0x0000,
  0x0000, 0x0000, 0x0000, 0x0000, 0x0000, 0x0000, 0x0000, 0x0000,
  0x0000, 0x0000, 0x0000, 0x0000, 0x0000, 0x0000, 0x0000, 0x0000,
  0x0000, 0x000b, 0x001a, 0x001f, 0x001f, 0x001f, 0xa53f, 0xe73f,
  0xbdff, 0x18df, 0x001a, 0x0000, 0x0000, 0x0000, 0x0000, 0x0000,
  0x0000, 0x0000, 0x0000, 0x0000, 0x0000, 0x0000, 0x0000, 0x0000,
  0x0000, 0x0000, 0x0000, 0x0000, 0x0000, 0x0000, 0x0000, 0x0000,
  0x0000, 0x0000, 0x0000, 0x0001, 0x001f, 0x107f, 0xce7f, 0xce5f,
  0x10bf, 0x001f, 0x001f, 0x0013, 0x0000, 0x0000, 0x0000, 0x0000,
  0x0000, 0x0000, 0x0000, 0x0000, 0x0000, 0x0000, 0x0000, 0x0000,
  0x0000, 0x0000, 0x8c51, 0xf7be, 0x0000, 0x0000, 0x0000, 0x0000,
  0x18e3, 0xffff, 0x73ae, 0x0000, 0x0000, 0x0000, 0xd69a, 0xef7d,
  0x0000, 0x0000, 0x0000, 0x0000, 0x0000, 0x0000, 0x0000, 0x0000,
  0x0000, 0x0000, 0x0000, 0x0000, 0x0000, 0x0000, 0x0000, 0x0000,
  0x0000, 0x0000, 0x0000, 0x0000, 0x0000, 0x0000, 0x0000, 0x0000,
  0x0000, 0x0000, 0x0000, 0x0000, 0x0000, 0x0000, 0x0000, 0x0000,
  0x0000, 0x0000, 0x0000, 0x0000, 0x0000, 0xb000, 0xf800, 0x0000,
  0x0000, 0x0000, 0x0000, 0x0000, 0x0000, 0x0000, 0x0000, 0x0000,
  0x0000, 0x0000, 0x0000, 0x0000, 0x0000, 0x0000, 0x0000, 0x0000,
  0x0000, 0x18c3, 0xffff, 0x5acb, 0x0000, 0x0000, 0x0000, 0x0000,
  0x0000, 0x39c7, 0xffff, 0xc618, 0x0000, 0x0000, 0x0000, 0xd69a,
  0xffdf, 0xffff, 0x73cf, 0x0000, 0x0000, 0x0000, 0xef7d, 0xffff,
  0x0000, 0x0000, 0xffff, 0xce59, 0x0000, 0x0000, 0x0000, 0xd69a,
  0xffff, 0x0000, 0x0000, 0x0000, 0x0000, 0x0000, 0x0000, 0x0000,
  0x0000, 0x0000, 0x0000, 0x0000, 0x0000, 0x0000, 0x0000, 0x0000,
  0x0000, 0x0000, 0x0000, 0x0000, 0x0000, 0x0000, 0x0000, 0x0000,
  0x0000, 0x0000, 0x0000, 0x0000, 0x0000, 0x0000, 0x0000, 0x0000,
  0x0000, 0x0000, 0x0000, 0x0000, 0x0000, 0x0000, 0x0000, 0x0000,
  0x0000, 0x0000, 0x0000, 0x0000, 0x0000, 0x0000, 0x0000, 0x0000,
  0x0000, 0x0000, 0x0000, 0x0000, 0x0000, 0x0000, 0x0000, 0x0000,
  0x0000, 0x0000, 0x0000, 0x0000, 0x0000, 0x0000, 0x0000, 0x0000,
  0x0000, 0x0000, 0x0000, 0x0000, 0x0000, 0x0000, 0x0000, 0x0000,
  0x0000, 0x0000, 0x0000, 0x0000, 0x0000, 0x0000, 0x0000, 0x0000,
  0x0000, 0x0000, 0x0000, 0x0000, 0x0013, 0x001f, 0x001f, 0x001f,
  0x001f, 0x001f, 0x0000, 0x0000, 0x0000, 0x0000, 0x0000, 0x0000,
  0x0000, 0x0000, 0x0000, 0x0000, 0x0000, 0x0000, 0x0000, 0x0000,
  0x0000, 0x0000, 0x0000, 0x0000, 0x0000, 0x0000, 0x0000, 0x0000,
  0x0000, 0x0000, 0x0000, 0x0000, 0x0014, 0x001f, 0x001f, 0x001f,
  0x001a, 0x000b, 0x0000, 0x0000, 0x0000, 0x0000, 0x0000, 0x0000,
  0x0000, 0x0000, 0x0000, 0x0000, 0x0000, 0x0000, 0x0000, 0x0000,
  0x0000, 0x0000, 0xd69a, 0xffff, 0xd69a, 0x0020, 0x0000, 0x0000,
  0x0000, 0xffff, 0x9cf3, 0x0000, 0x0000, 0x0000, 0x31a6, 0xffff,
  0x2124, 0x0000, 0x0000, 0x0000, 0x0000, 0x0000, 0x0000, 0x0000,
  0x0000, 0x0000, 0x0000, 0x0000, 0x0000, 0x0000, 0x0000, 0x0000,
  0x0000, 0x0000, 0x0000, 0x0000, 0x0000, 0x0000, 0x0000, 0x0000,
  0x0000, 0x0000, 0x0000, 0x0000, 0x0000, 0x0000, 0x0000, 0x0000,
  0x0000, 0x0000, 0x0000, 0x0000, 0x0000, 0x5800, 0xf800, 0x1000,
  0x0000, 0x0000, 0x0000, 0x0000, 0x0000, 0x0000, 0x0000, 0x0000,
  0x0000, 0x0000, 0x0000, 0x0000, 0x0000, 0x0000, 0x0000, 0x0000,
  0x0000, 0x10a2, 0xffff, 0xd69a, 0x0000, 0x0000, 0x0000, 0x0000,
  0x0000, 0x0000, 0xf79e, 0xf79e, 0x0000, 0x0000, 0x1082, 0xf7be,
  0x94b2, 0xef5d, 0xef5d, 0x0000, 0x0000, 0x18e3, 0xffff, 0xce9a,
  0x0000, 0x0000, 0xffff, 0xc638, 0x0000, 0x0000, 0x0000, 0xa514,
  0xffff, 0x0000, 0x0000, 0x0000, 0x0000, 0x0000, 0x0000, 0x0000,
  0x0000, 0x0000, 0x0000, 0x0000, 0x0000, 0x0000, 0x0000, 0x0000,
  0x0000, 0x0000, 0x0000, 0x0000, 0x0000, 0x0000, 0x0000, 0x0000,
  0x0000, 0x0000, 0x0000, 0x0000, 0x0000, 0x0000, 0x0000, 0x0000,
  0x0000, 0x0000, 0x0000, 0x0000, 0x0000, 0x0000, 0x0000, 0x0000,
  0x0000, 0x0000, 0x0000, 0x0000, 0x0000, 0x0000, 0x0000, 0x0000,
  0x0000, 0x0000, 0x0000, 0x0000, 0x0000, 0x0000, 0x0000, 0x0000,
  0x0000, 0x0000, 0x0000, 0x0000, 0x0000, 0x0000, 0x0000, 0x0000,
  0x0000, 0x0000, 0x0000, 0x0000, 0x0000, 0x0000, 0x0000, 0x0000,
  0x0000, 0x0000, 0x0000, 0x0000, 0x0000, 0x0000, 0x0000, 0x0000,
  0x0000, 0x0000, 0x0000, 0x0000, 0x0000, 0x0000, 0x0009, 0x0019,
  0x001f, 0x001c, 0x0000, 0x0000, 0x0000, 0x0000, 0x0000, 0x0000,
  0x0000, 0x0000, 0x0000, 0x0000, 0x0000, 0x0000, 0x0000, 0x0000,
  0x0000, 0x0000, 0x0000, 0x0000, 0x0000, 0x0000, 0x0000, 0x0000,
  0x0000, 0x0000, 0x0000, 0x0000, 0x0004, 0x001f, 0x0012, 0x0003,
  0x0000, 0x0000, 0x0000, 0x0000, 0x0000, 0x0000, 0x0000, 0x0000,
  0x2945, 0xbdf7, 0x5acb, 0x0000, 0x2124, 0x4228, 0x0000, 0x0000,
  0x0000, 0x0000, 0xbdf7, 0xf79e, 0xffff, 0xb5b6, 0x0000, 0x0000,
  0x0000, 0xffff, 0xc638, 0x0000, 0x0000, 0x0000, 0x0000, 0xef7d,
  0xd69a, 0x0000, 0x0000, 0x0000, 0x0000, 0x0000, 0x0000, 0x0000,
  0x0000, 0x0000, 0x0000, 0x0000, 0x0000, 0x0000, 0x0000, 0x0000,
  0x0000, 0x0000, 0x0000, 0x0000, 0x0000, 0x0000, 0x0000, 0x0000,
  0x0000, 0x0000, 0x0000, 0x0000, 0x0000, 0x0000, 0x0000, 0x0000,
  0x0000, 0x0000, 0x0000, 0x0000, 0x0000, 0x0800, 0xf800, 0x2000,
  0x0000, 0x0000, 0x0000, 0x0000, 0x0000, 0x0000, 0x0000, 0x0000,
  0x0000, 0x0000, 0x0000, 0x0000, 0x0000, 0x0000, 0x0000, 0x0000,
  0x0000, 0x0000, 0xdefb, 0xffff, 0xef7d, 0x9cd3, 0x0000, 0x0000,
  0x0000, 0x0000, 0xc618, 0xffff, 0x2124, 0x0000, 0x52aa, 0xffff,
  0x0020, 0x8c71, 0xffff, 0x0000, 0x0000, 0x738e, 0xffff, 0x2104,
  0x0000, 0x0000, 0xffff, 0xc618, 0x0000, 0x0000, 0x0000, 0xef7d,
  0xf79e, 0x0000, 0x0000, 0x0000, 0x0000, 0x0000, 0x0000, 0x0000,
  0x0000, 0x0000, 0x0000, 0x0000, 0x0000, 0x0000, 0x0000, 0x0000,
  0x0000, 0x0000, 0x0000, 0x0000, 0x0000, 0x0000, 0x0000, 0x0000,
  0x0000, 0x0000, 0x0000, 0x0000, 0x0000, 0x0000, 0x0000, 0x0000,
  0x0000, 0x0000, 0x0000, 0x0000, 0x0000, 0x0000, 0x0000, 0x0000,
  0x0000, 0x0000, 0x0000, 0x0000, 0x0000, 0x0000, 0x0000, 0x0000,
  0x0000, 0x0000, 0x0000, 0x0000, 0x0000, 0x0000, 0x0000, 0x0000,
  0x0000, 0x0000, 0x0000, 0x0000, 0x0000, 0x0000, 0x0000, 0x0000,
  0x0000, 0x0000, 0x0000, 0x0000, 0x0000, 0x0000, 0x0000, 0x0000,
  0x0000, 0x0000, 0x0000, 0x0000, 0x0000, 0x0000, 0x0000, 0x0000,
  0x0000, 0x0000, 0x0000, 0x0000, 0x0000, 0x0000, 0x0000, 0x0000,
  0x0002, 0x0004, 0x0000, 0x0000, 0x0000, 0x0000, 0x0000, 0x0000,
  0x0000, 0x0000, 0x0000, 0x0000, 0x0000, 0x0000, 0x0000, 0x0000,
  0x0000, 0x0000, 0x0000, 0x0000, 0x0000, 0x0000, 0x0000, 0x0000,
  0x0000, 0x0000, 0x0000, 0x0000, 0x0000, 0x0000, 0x0000, 0x0000,
  0x0000, 0x0000, 0x0000, 0x0000, 0x0000, 0x0000, 0x0000, 0xe71c,
  0xffdf, 0xc618, 0x1082, 0x4208, 0xffff, 0xf7be, 0x18c3, 0x0000,
  0x0000, 0x0000, 0xa514, 0xffff, 0xa534, 0xffff, 0x6b6d, 0x0000,
  0x0000, 0xffff, 0xd6ba, 0x0000, 0x0000, 0x0000, 0x0000, 0x94b2,
  0xffdf, 0x0041, 0x0000, 0x0000, 0x0000, 0x0000, 0x0000, 0x0000,
  0x0000, 0x0000, 0x0000, 0x0000, 0x0000, 0x0000, 0x0000, 0x0000,
  0x0000, 0x0000, 0x0000, 0x0000, 0x0000, 0x0000, 0x0000, 0x0000,
  0x0000, 0x0000, 0x0000, 0x0000, 0x0000, 0x0000, 0x0000, 0x0000,
  0x0000, 0x0000, 0x0000, 0x0000, 0x0000, 0x0000, 0xf800, 0x4800,
  0x0000, 0x0000, 0x0000, 0x0000, 0x0000, 0x0000, 0x0000, 0x0000,
  0x0000, 0x0000, 0x0000, 0x0000, 0x0000, 0x0000, 0x0000, 0x0000,
  0x0000, 0x0000, 0x0000, 0xb596, 0xf7be, 0xffff, 0xffdf, 0x73cf,
  0x0000, 0x0000, 0x73ae, 0xffff, 0x632c, 0x0000, 0xdedb, 0xef5d,
  0x0000, 0x39e7, 0xffff, 0x738e, 0x0000, 0xe71c, 0xffdf, 0x0000,
  0x0000, 0x0000, 0xffff, 0xef5d, 0xb5b6, 0xbe18, 0xf79e, 0xffdf,
  0x4a69, 0x0000, 0x0000, 0x0000, 0x0000, 0x0000, 0x0000, 0x0000,
  0x0000, 0x0000, 0x0000, 0x0000, 0x0000, 0x0000, 0x0000, 0x0000,
  0x0000, 0x0000, 0x0000, 0x0000, 0x0000, 0x0000, 0x0000, 0x0000,
  0x0000, 0x0000, 0x0000, 0x0000, 0x0000, 0x0000, 0x0000, 0x0000,
  0x0000, 0x0000, 0x0000, 0x0000, 0x0000, 0x0000, 0x0000, 0x0000,
  0x0000, 0x0000, 0x0000, 0x0000, 0x0000, 0x0000, 0x0000, 0x0000,
  0x0000, 0x0000, 0x0000, 0x0000, 0x0000, 0x0000, 0x0000, 0x0000,
  0x0000, 0x0000, 0x0000, 0x0000, 0x0000, 0x0000, 0x0000, 0x0000,
  0x0000, 0x0000, 0x0000, 0x0000, 0x0000, 0x0000, 0x0000, 0x0000,
  0x0000, 0x0000, 0x0000, 0x0000, 0x0000, 0x0000, 0x0000, 0x0000,
  0x0000, 0x0000, 0x0000, 0x0000, 0x0000, 0x0000, 0x0000, 0x0000,
  0x0000, 0x0000, 0x0000, 0x0000, 0x0000, 0x0000, 0x0000, 0x0000,
  0x0000, 0x0000, 0x0000, 0x0000, 0x0000, 0x0000, 0x0000, 0x0000,
  0x0000, 0x0000, 0x0000, 0x0000, 0x0000, 0x0000, 0x0000, 0x0000,
  0x0000, 0x0000, 0x0000, 0x0000, 0x0000, 0x0000, 0x0000, 0x0000,
  0x0000, 0x0000, 0x0000, 0x0000, 0x0000, 0x0000, 0x0000, 0x5aeb,
  0xffdf, 0x2124, 0x0000, 0x0000, 0x6b4d, 0xffff, 0xef5d, 0x0000,
  0x0000, 0x0000, 0x8410, 0xffff, 0x0000, 0xc618, 0xffff, 0x4a49,
  0x0000, 0xf79e, 0xe73c, 0x0000, 0x0000, 0x0000, 0x0000, 0x0861,
  0xffff, 0x6b6d, 0x0000, 0x0000, 0x0000, 0x0000, 0x0000, 0x0000,
  0x0000, 0x0000, 0x0000, 0x0000, 0x0000, 0x0000, 0x0000, 0x0000,
  0x0000, 0x0000, 0x0000, 0x0000, 0x0000, 0x0000, 0x0000, 0x0000,
  0x0000, 0x0000, 0x0000, 0x0000, 0x0000, 0x0000, 0x0000, 0x0000,
  0x0000, 0x0000, 0x0000, 0x0000, 0x0000, 0x0000, 0xf800, 0x9000,
  0x0000, 0x0000, 0x0000, 0x0000, 0x0000, 0x0000, 0x0000, 0x0000,
  0x0000, 0x0000, 0x0000, 0x0000, 0x0000, 0x0000, 0x0000, 0x0000,
  0x0000, 0x0000, 0x0000, 0x0000, 0x0020, 0x528a, 0xef9e, 0xffff,
  0x1082, 0x0000, 0x0000, 0xffff, 0xce79, 0x0000, 0xffff, 0x7bcf,
  0x0000, 0x0000, 0xffff, 0xc638, 0x0000, 0xffff, 0xc638, 0x0000,
  0x0000, 0x0000, 0xffff, 0xf79e, 0xdefb, 0xffff, 0xef7d, 0x18e3,
  0x0000, 0x0000, 0x0000, 0x0000, 0x0000, 0x0000, 0x0000, 0x0000,
  0x0000, 0x0000, 0x0000, 0x0000, 0x0000, 0x0000, 0x0000, 0x0000,
  0x0000, 0x0000, 0x0000, 0x0000, 0x0000, 0x0000, 0x0000, 0x0000,
  0x0000, 0x0000, 0x0000, 0x0000, 0x0000, 0x0000, 0x0000, 0x0000,
  0x0000, 0x0000, 0x0000, 0x0000, 0x0000, 0x0000, 0x0000, 0x0000,
  0x0000, 0x0000, 0x0000, 0x0000, 0x0000, 0x0000, 0x0000, 0x0000,
  0x0000, 0x0000, 0x0000, 0x0000, 0x0000, 0x0000, 0x0000, 0x0000,
  0x0000, 0x0000, 0x0000, 0x0000, 0x0000, 0x0000, 0x0000, 0x0000,
  0x0000, 0x0000, 0x0000, 0x0000, 0x0000, 0x0000, 0x0000, 0x0000,
  0x0000, 0x0000, 0x0000, 0x0000, 0x0000, 0x0000, 0x0000, 0x0000,
  0x0000, 0x0000, 0x0000, 0x0000, 0x0000, 0x0000, 0x0000, 0x0000,
  0x0000, 0x0000, 0x0000, 0x0000, 0x0000, 0x0000, 0x0000, 0x0000,
  0x0000, 0x0000, 0x0000, 0x0000, 0x0000, 0x0000, 0x0000, 0x0000,
  0x0000, 0x0000, 0x0000, 0x0000, 0x0000, 0x0000, 0x0000, 0x0000,
  0x0000, 0x0000, 0x0000, 0x0000, 0x0000, 0x0000, 0x0000, 0x0000,
  0x0000, 0x0000, 0x0000, 0x0000, 0x0000, 0x0000, 0x0000, 0x0000,
  0xffff, 0xa534, 0x0000, 0x0000, 0x0000, 0xbdf7, 0xffff, 0xbdd7,
  0x0000, 0x0000, 0x6b4d, 0xffff, 0x0000, 0x0000, 0xffdf, 0xf7be,
  0x10a2, 0xe73c, 0xef7d, 0x0000, 0x0000, 0x0000, 0x0000, 0x0000,
  0xe71c, 0xe73c, 0x0000, 0x0000, 0x0000, 0x0000, 0x0000, 0x0000,
  0x0000, 0x0000, 0x0000, 0x0000, 0x0000, 0x0000, 0x0000, 0x0000,
  0x0000, 0x0000, 0x0000, 0x0000, 0x0000, 0x0000, 0x0000, 0x0000,
  0x0000, 0x0000, 0x0000, 0x0000, 0x0000, 0x0000, 0x0000, 0x0000,
  0x0000, 0x0000, 0x0000, 0x0000, 0x0000, 0x0000, 0xf800, 0xd800,
  0x0000, 0x0000, 0x0000, 0x0000, 0x0000, 0x0000, 0x0000, 0x0000,
  0x0000, 0x0000, 0x0000, 0x0000, 0x0000, 0x0000, 0x0000, 0x0000,
  0x0000, 0x0000, 0x0000, 0x0000, 0x0000, 0x0000, 0x18c3, 0xffff,
  0x73ae, 0x0000, 0x0000, 0xef5d, 0xf7be, 0x6b4d, 0xffff, 0x2124,
  0x0000, 0x0000, 0xd6ba, 0xf7be, 0x630c, 0xffff, 0x4a69, 0x0000,
  0x0000, 0x0000, 0xffff, 0xb596, 0x0000, 0x7bef, 0xffff, 0x94b2,
  0x0000, 0x0000, 0x0000, 0x0000, 0x0000, 0x0000, 0x0000, 0x0000,
  0x0000, 0x0000, 0x0000, 0x0000, 0x0000, 0x0000, 0x0000, 0x0000,
  0x0000, 0x0000, 0x0000, 0x0000, 0x0000, 0x0000, 0x0000, 0x0000,
  0x0000, 0x0000, 0x0000, 0x0000, 0x0000, 0x0000, 0x0000, 0x0000,
  0x0000, 0x0000, 0x0000, 0x0000, 0x0000, 0x0000, 0x0000, 0x0000,
  0x0000, 0x0000, 0x0000, 0x0000, 0x0000, 0x0000, 0x0000, 0x0000,
  0x0000, 0x0000, 0x0000, 0x0000, 0x0000, 0x0000, 0x0000, 0x0000,
  0x0000, 0x0000, 0x0000, 0x0000, 0x0000, 0x0000, 0x0000, 0x0000,
  0x0000, 0x0000, 0x0000, 0x0000, 0x0000, 0x0000, 0x0000, 0x0000,
  0x0000, 0x0000, 0x0000, 0x0000, 0x0000, 0x0000, 0x0000, 0x0000,
  0x0000, 0x0000, 0x0000, 0x0000, 0x0000, 0x0000, 0x0000, 0x0000,
  0x0000, 0x0000, 0x0000, 0x0000, 0x0000, 0x0000, 0x0000, 0x0000,
  0x0000, 0x0000, 0x0000, 0x0000, 0x0000, 0x0000, 0x0000, 0x0000,
  0x0000, 0x0000, 0x0000, 0x0000, 0x0000, 0x0000, 0x0000, 0x0000,
  0x0000, 0x0000, 0x0000, 0x0000, 0x0000, 0x0000, 0x0000, 0x0000,
  0x0000, 0x0020, 0x4a49, 0x9cf3, 0xb5d7, 0x4a8a, 0x0000, 0x0000,
  0xb5b6, 0xf7be, 0x0000, 0x0000, 0x0000, 0x0020, 0xe71c, 0xffff,
  0x5aeb, 0x0000, 0x5aeb, 0xffff, 0x0000, 0x0000, 0x0861, 0xf7be,
  0xef5d, 0xd69a, 0xffdf, 0x0000, 0x0000, 0x0000, 0x0000, 0x0000,
  0x39e7, 0xffff, 0x18e3, 0x0000, 0x0000, 0x0000, 0x0000, 0x0000,
  0x0000, 0x0000, 0x0000, 0x0000, 0x0000, 0x0000, 0x0000, 0x0000,
  0x0000, 0x0000, 0x0000, 0x0000, 0x0000, 0x0000, 0x0000, 0x0000,
  0x0000, 0x0000, 0x0000, 0x0000, 0x0000, 0x0000, 0x0000, 0x0000,
  0x0000, 0x0000, 0x0000, 0x0000, 0x0000, 0x0000, 0xc800, 0xf800,
  0x0000, 0x0000, 0x0000, 0x0000, 0x0000, 0x0000, 0x0000, 0x0000,
  0x0000, 0x0000, 0x0000, 0x0000, 0x0000, 0x0000, 0x0000, 0x0000,
  0x0000, 0x0020, 0x18e3, 0x0000, 0x0000, 0x0000, 0x2124, 0xffff,
  0x3a08, 0x0000, 0x0000, 0x8c71, 0xffff, 0xe73c, 0xe71c, 0x0000,
  0x0000, 0x0000, 0x31a6, 0xffff, 0xdefb, 0xffdf, 0x0861, 0x0000,
  0x0000, 0x0000, 0xffff, 0xad55, 0x0000, 0x0000, 0xe71c, 0xffdf,
  0x2104, 0x0000, 0x0000, 0x0000, 0x0000, 0x0000, 0x0000, 0x0000,
  0x0000, 0x0000, 0x0000, 0x0000, 0x0000, 0x0000, 0x0000, 0x0000,
  0x0000, 0x0000, 0x0000, 0x0000, 0x0000, 0x0000, 0x0000, 0x0000,
  0x0000, 0x0000, 0x0000, 0x0000, 0x0000, 0x0000, 0x0000, 0x0000,
  0x0000, 0x0000, 0x0000, 0x0000, 0x0000, 0x0000, 0x0000, 0x0000,
  0x0000, 0x0000, 0x0000, 0x0000, 0x0000, 0x0000, 0x0000, 0x0000,
  0x0000, 0x0000, 0x0000, 0x0000, 0x0000, 0x0000, 0x0000, 0x0000,
  0x0000, 0x0000, 0x0000, 0x0000, 0x0000, 0x0000, 0x0000, 0x0000,
  0x0000, 0x0000, 0x0000, 0x0000, 0x0000, 0x0000, 0x0000, 0x0000,
  0x0000, 0x0000, 0x0000, 0x0000, 0x0000, 0x0000, 0x0000, 0x0000,
  0x0000, 0x0000, 0x0000, 0x0000, 0x0000, 0x0000, 0x0000, 0x0000,
  0x0000, 0x0000, 0x0000, 0x0000, 0x0000, 0x0000, 0x0000, 0x0000,
  0x0000, 0x0000, 0x0000, 0x0000, 0x0000, 0x0000, 0x0000, 0x0000,
  0x0000, 0x0000, 0x0000, 0x0000, 0x0000, 0x0000, 0x0000, 0x0000,
  0x0000, 0x0000, 0x0000, 0x0000, 0x0000, 0x0000, 0x0000, 0x10a2,
  0xb596, 0xf7be, 0xffff, 0xffdf, 0xffff, 0xffff, 0xbdf7, 0x0000,
  0x39c7, 0xffff, 0x528a, 0x0000, 0x0000, 0x0000, 0x1082, 0xffdf,
  0xffdf, 0x0020, 0x52aa, 0xffff, 0x0000, 0x0000, 0x0000, 0x52aa,
  0xffff, 0xf7be, 0xffff, 0x0000, 0x0000, 0x0000, 0x0000, 0x0000,
  0x0000, 0xf79e, 0xc618, 0x0000, 0x0000, 0x0000, 0x0000, 0x0000,
  0x0000, 0x0000, 0x0000, 0x0000, 0x0000, 0x0000, 0x0000, 0x0000,
  0x0000, 0x0000, 0x0000, 0x0000, 0x0000, 0x0000, 0x0000, 0x0000,
  0x0000, 0x0000, 0x0000, 0x0000, 0x0000, 0x0000, 0x0000, 0x0000,
  0x0000, 0x0000, 0x0000, 0x0000, 0x0000, 0x0000, 0x9800, 0xf800,
  0x0000, 0x0000, 0x0000, 0x0000, 0x0000, 0x0000, 0x0000, 0x0000,
  0x0000, 0x0000, 0x0000, 0x0000, 0x0000, 0x0000, 0x0000, 0x0000,
  0x0000, 0xce59, 0xffdf, 0x8c71, 0x0000, 0x2104, 0xef7d, 0xf7be,
  0x0020, 0x0000, 0x0000, 0x18c3, 0xffff, 0xffff, 0x8430, 0x0000,
  0x0000, 0x0000, 0x0000, 0xffff, 0xffff, 0xd6ba, 0x0000, 0x0000,
  0x0000, 0x0000, 0xffff, 0xa534, 0x0000, 0x0000, 0x18e3, 0xffff,
  0xdefb, 0x0000, 0x0000, 0x0000, 0x0000, 0x0000, 0x0000, 0x0000,
  0x0000, 0x0000, 0x0000, 0x0000, 0x0000, 0x0000, 0x0000, 0x0000,
  0x0000, 0x0000, 0x0000, 0x0000, 0x0000, 0x0000, 0x0000, 0x0000,
  0x0000, 0x0000, 0x0000, 0x0000, 0x0000, 0x0000, 0x0000, 0x0000,
  0x0000, 0x0000, 0x0000, 0x0000, 0x0000, 0x0000, 0x0000, 0x0000,
  0x0000, 0x0000, 0x0000, 0x0000, 0x0000, 0x0000, 0x0000, 0x0000,
  0x0000, 0x0000, 0x0000, 0x0000, 0x0000, 0x0000, 0x0000, 0x0000,
  0x0000, 0x0000, 0x0000, 0x0000, 0x0000, 0x0000, 0x0000, 0x0000,
  0x0000, 0x0000, 0x0000, 0x0000, 0x0000, 0x0000, 0x0000, 0x0000,
  0x0000, 0x0000, 0x0000, 0x0000, 0x0000, 0x0000, 0x0000, 0x0000,
  0x0000, 0x0000, 0x0000, 0x0000, 0x0000, 0x0000, 0x0000, 0x0000,
  0x0000, 0x0000, 0x0000, 0x0000, 0x0000, 0x0000, 0x0000, 0x0000,
  0x0000, 0x0000, 0x0000, 0x0000, 0x0000, 0x0000, 0x0000, 0x0000,
  0x0000, 0x0000, 0x0000, 0x0000, 0x0000, 0x0000, 0x0000, 0x0000,
  0x0000, 0x0000, 0x0000, 0x0000, 0x0000, 0x0000, 0x0000, 0xe73c,
  0xffff, 0xb5b6, 0x0841, 0x0000, 0x0000, 0xdefb, 0xffff, 0x18c3,
  0x0000, 0xe73c, 0xce79, 0x0000, 0x0000, 0x0000, 0x0000, 0x39c7,
  0xffdf, 0xef9e, 0x528a, 0xffff, 0x0841, 0x0000, 0x0000, 0x0000,
  0x94b2, 0xffff, 0xffff, 0x0000, 0x0000, 0x0000, 0x0000, 0x0000,
  0x2945, 0xef5d, 0xffff, 0x0000, 0x0000, 0x0000, 0x0000, 0x0000,
  0x0000, 0x0000, 0x0000, 0x0000, 0x0000, 0x0000, 0x0000, 0x0000,
  0x0000, 0x0000, 0x0000, 0x0000, 0x0000, 0x0000, 0x0000, 0x0000,
  0x0000, 0x0000, 0x0000, 0x0000, 0x0000, 0x0000, 0x0000, 0x0000,
  0x0000, 0x0000, 0x0000, 0x0000, 0x0000, 0x0000, 0x6800, 0xf800,
  0x0000, 0x0000, 0x0000, 0x0000, 0x0000, 0x0000, 0x0000, 0x0000,
  0x0000, 0x0000, 0x0000, 0x0000, 0x0000, 0x0000, 0x0000, 0x0000,
  0x0000, 0x0882, 0xdedb, 0xffff, 0xffff, 0xffff, 0xf7be, 0x4249,
  0x0000, 0x0000, 0x0000, 0x0000, 0xef7d, 0xffff, 0x10a2, 0x0000,
  0x0000, 0x0000, 0x0000, 0xd6ba, 0xffff, 0x8410, 0x0000, 0x0000,
  0x0000, 0x0000, 0xffff, 0x9cf3, 0x0000, 0x0000, 0x0000, 0xa534,
  0xffff, 0x8410, 0x0000, 0x0000, 0x0000, 0x0000, 0x0000, 0x0000,
  0x0000, 0x0000, 0x0000, 0x0000, 0x0000, 0x0000, 0x0000, 0x0000,
  0x0000, 0x0000, 0x0000, 0x0000, 0x0000, 0x0000, 0x0000, 0x0000,
  0x0000, 0x0000, 0x0000, 0x0000, 0x0000, 0x0000, 0x0000, 0x0000,
  0x0000, 0x0000, 0x0000, 0x0000, 0x0000, 0x0000, 0x0000, 0x0000,
  0x0000, 0x0000, 0x0000, 0x0000, 0x0000, 0x0000, 0x0000, 0x0000,
  0x0000, 0x0000, 0x0000, 0x0000, 0x0000, 0x0000, 0x0000, 0x0000,
  0x0000, 0x0000, 0x0000, 0x0000, 0x0000, 0x0000, 0x0000, 0x0000,
  0x0000, 0x0000, 0x0000, 0x0000, 0x0000, 0x0000, 0x0000, 0x0000,
  0x0000, 0x0000, 0x0000, 0x0000, 0x0000, 0x0000, 0x0000, 0x0000,
  0x0000, 0x0000, 0x0000, 0x0000, 0x0000, 0x0000, 0x0000, 0x0000,
  0x0000, 0x0000, 0x0000, 0x0000, 0x0000, 0x0000, 0x0000, 0x0000,
  0x0000, 0x0000, 0x0000, 0x0000, 0x0000, 0x0000, 0x0000, 0x0000,
  0x0000, 0x0000, 0x0000, 0x0000, 0x0000, 0x0000, 0x0000, 0x0000,
  0x0000, 0x0000, 0x0000, 0x0000, 0x0000, 0x0000, 0x0000, 0x7bef,
  0xffff, 0x73ae, 0x0000, 0x0000, 0x0000, 0x2945, 0xffff, 0xb5b6,
  0x0000, 0x8430, 0xffdf, 0x18e3, 0x0000, 0x0000, 0x0000, 0x0000,
  0x94b2, 0xffff, 0xdefb, 0xffff, 0x2124, 0x0000, 0x0000, 0x0000,
  0x0000, 0xc638, 0xd69a, 0x0000, 0x0000, 0x0000, 0x0000, 0x0020,
  0xffdf, 0x9cf3, 0x2965, 0x0000, 0x0000, 0x0000, 0x0000, 0x0000,
  0x0000, 0x0000, 0x0000, 0x0000, 0x0000, 0x0000, 0x0000, 0x0000,
  0x0000, 0x0000, 0x0000, 0x0000, 0x0000, 0x0000, 0x0000, 0x0000,
  0x0000, 0x0000, 0x0000, 0x0000, 0x0000, 0x0000, 0x0000, 0x0000,
  0x0000, 0x0000, 0x0000, 0x0000, 0x0000, 0x0000, 0x4000, 0xf800,
  0x2000, 0x0000, 0x0000, 0x0000, 0x0000, 0x0000, 0x0000, 0x0000,
  0x0000, 0x0000, 0x0000, 0x0000, 0x0000, 0x0000, 0x0000, 0x0000,
  0x0000, 0x0000, 0x0000, 0x3186, 0x4a49, 0x4228, 0x0020, 0x0000,
  0x0000, 0x0000, 0x0000, 0x0000, 0x39c7, 0x4a69, 0x0000, 0x0000,
  0x0000, 0x0000, 0x0000, 0x2145, 0x528a, 0x0000, 0x0000, 0x0000,
  0x0000, 0x0000, 0x6b4d, 0x4208, 0x0000, 0x0000, 0x0000, 0x0020,
  0x73ae, 0x8c51, 0x0020, 0x0000, 0x0000, 0x0000, 0x0000, 0x0000,
  0x0000, 0x0000, 0x0000, 0x0000, 0x0000, 0x0000, 0x0000, 0x0000,
  0x0000, 0x0000, 0x0000, 0x0000, 0x0000, 0x0000, 0x0000, 0x0000,
  0x0000, 0x0000, 0x0000, 0x0000, 0x0000, 0x0000, 0x0000, 0x0000,
  0x0000, 0x0000, 0x0000, 0x0000, 0x0000, 0x0000, 0x0000, 0x0000,
  0x0000, 0x0000, 0x0000, 0x0000, 0x0000, 0x0000, 0x0000, 0x0000,
  0x0000, 0x0000, 0x0000, 0x0000, 0x0000, 0x0000, 0x0000, 0x0000,
  0x0000, 0x0000, 0x0000, 0x0000, 0x0000, 0x0000, 0x0000, 0x0000,
  0x0000, 0x0000, 0x0000, 0x0000, 0x0000, 0x0000, 0x0000, 0x0000,
  0x0000, 0x0000, 0x0000, 0x0000, 0x0000, 0x0000, 0x0000, 0x0000,
  0x0000, 0x0000, 0x0000, 0x0000, 0x0000, 0x0000, 0x0000, 0x0000,
  0x0000, 0x0000, 0x0000, 0x0000, 0x0000, 0x0000, 0x0000, 0x0000,
  0x0000, 0x0000, 0x0000, 0x0000, 0x0000, 0x0000, 0x0000, 0x0000,
  0x0000, 0x0000, 0x0000, 0x0000, 0x0000, 0x0000, 0x0000, 0x0000,
  0x0000, 0x0000, 0x0000, 0x0000, 0x0000, 0x0000, 0x0000, 0x0000,
  0xffff, 0xef5d, 0x0000, 0x0000, 0x0000, 0x2104, 0xffff, 0xc618,
  0x0000, 0x0000, 0xffff, 0x7bcf, 0x0000, 0x0000, 0x0000, 0x0000,
  0x0000, 0xdf1c, 0xffff, 0xffff, 0x4a49, 0x0000, 0x0000, 0x0000,
  0x0000, 0x0000, 0x0000, 0x0000, 0x0000, 0x0000, 0x0000, 0x0000,
  0x0000, 0x0000, 0x0000, 0x0000, 0x0000, 0x0000, 0x0000, 0x0000,
  0x0000, 0x0000, 0x0000, 0x0000, 0x0000, 0x0000, 0x0000, 0x0000,
  0x0000, 0x0000, 0x0000, 0x0000, 0x0000, 0x0000, 0x0000, 0x0000,
  0x0000, 0x0000, 0x0000, 0x0000, 0x0000, 0x0000, 0x0000, 0x0000,
  0x0000, 0x0000, 0x0000, 0x0000, 0x0000, 0x0000, 0x1800, 0xf800,
  0x6000, 0x0000, 0x0000, 0x0000, 0x0000, 0x0000, 0x0000, 0x0000,
  0x0000, 0x0000, 0x0000, 0x0000, 0x0000, 0x0000, 0x0000, 0x0000,
  0x0000, 0x0000, 0x0000, 0x0000, 0x0000, 0x0000, 0x0000, 0x0000,
  0x0000, 0x0000, 0x0000, 0x0000, 0x0000, 0x0000, 0x0000, 0x0000,
  0x0000, 0x0000, 0x0000, 0x0000, 0x0000, 0x0000, 0x0000, 0x0000,
  0x0000, 0x0000, 0x0000, 0x0000, 0x0000, 0x0000, 0x0000, 0x0000,
  0x0000, 0x0000, 0x0000, 0x0000, 0x0000, 0x0000, 0x0000, 0x0000,
  0x0000, 0x0000, 0x0000, 0x0000, 0x0000, 0x0000, 0x0000, 0x0000,
  0x0000, 0x0000, 0x0000, 0x0000, 0x0000, 0x0000, 0x0000, 0x0000,
  0x0000, 0x0000, 0x0000, 0x0000, 0x0000, 0x0000, 0x0000, 0x0000,
  0x0000, 0x0000, 0x0000, 0x0000, 0x0000, 0x0000, 0x0000, 0x0000,
  0x0000, 0x0000, 0x0000, 0x0000, 0x0000, 0x0000, 0x0000, 0x0000,
  0x0000, 0x0000, 0x0000, 0x0000, 0x0000, 0x0000, 0x0000, 0x0000,
  0x0000, 0x0000, 0x0000, 0x0000, 0x0000, 0x0000, 0x0000, 0x0000,
  0x0000, 0x0000, 0x0000, 0x0000, 0x0000, 0x0000, 0x0000, 0x0000,
  0x0000, 0x0000, 0x0000, 0x0000, 0x0000, 0x0000, 0x0000, 0x0000,
  0x0000, 0x0000, 0x0000, 0x0000, 0x0000, 0x0000, 0x0000, 0x0000,
  0x0000, 0x0000, 0x0000, 0x0000, 0x0000, 0x0000, 0x0000, 0x0000,
  0x0000, 0x0000, 0x0000, 0x0000, 0x0000, 0x0000, 0x0000, 0x0000,
  0x0000, 0x0000, 0x0000, 0x0000, 0x0000, 0x0000, 0x0000, 0x0000,
  0x0000, 0x0000, 0x0000, 0x0000, 0x0000, 0x0000, 0x0000, 0x0000,
  0xc638, 0xffff, 0x18e3, 0x0000, 0x0000, 0xad96, 0xffff, 0x2124,
  0x0000, 0x0000, 0xce79, 0xef7d, 0x0000, 0x0000, 0x0000, 0x0000,
  0x0000, 0x0000, 0xef7d, 0xffff, 0x738e, 0x0000, 0x0000, 0x0000,
  0x0000, 0x0000, 0x0000, 0x0000, 0x0000, 0x0000, 0x0000, 0x0000,
  0x0000, 0x0000, 0x0000, 0x0000, 0x0000, 0x0000, 0x0000, 0x0000,
  0x0000, 0x0000, 0x0000, 0x0000, 0x0000, 0x0000, 0x0000, 0x0000,
  0x0000, 0x0000, 0x0000, 0x0000, 0x0000, 0x0000, 0x0000, 0x0000,
  0x0000, 0x0000, 0x0000, 0x0000, 0x0000, 0x0000, 0x0000, 0x0000,
  0x0000, 0x0000, 0x0000, 0x0000, 0x0000, 0x0000, 0x0000, 0xf800,
  0xa800, 0x0000, 0x0000, 0x0000, 0x0000, 0x0000, 0x0000, 0x0000,
  0x0000, 0x0000, 0x0000, 0x10a0, 0x2960, 0x3a20, 0x4aa0, 0x5b40,
  0x73e0, 0x84a0, 0x9d40, 0xb5e0, 0xc660, 0xd6c0, 0xe740, 0xf7a0,
  0xf7c0, 0xf7c0, 0xffc0, 0xffc0, 0xffa0, 0xffa0, 0xff80, 0xff80,
  0xff60, 0xff40, 0xff40, 0xff20, 0xff00, 0xff00, 0xfee0, 0xfee0,
  0xfec0, 0xf680, 0xee20, 0xdda0, 0xcd20, 0xb480, 0xa400, 0x8b60,
  0x72e0, 0x6260, 0x49c0, 0x3140, 0x18a0, 0x0020, 0x0000, 0x0000,
  0x0000, 0x0000, 0x0000, 0x0000, 0x0000, 0x0000, 0x0000, 0x0000,
  0x0000, 0x0000, 0x0000, 0x0000, 0x0000, 0x0000, 0x0000, 0x0000,
  0x0000, 0x0000, 0x0000, 0x0000, 0x0000, 0x0000, 0x0000, 0x0000,
  0x0000, 0x0000, 0x0000, 0x0000, 0x0000, 0x0000, 0x0000, 0x0000,
  0x0000, 0x0000, 0x0000, 0x0000, 0x0000, 0x0000, 0x0000, 0x0000,
  0x0000, 0x0000, 0x0000, 0x0000, 0x0000, 0x0000, 0x0000, 0x0000,
  0x0000, 0x0000, 0x0000, 0x0000, 0x0000, 0x0000, 0x0000, 0x0000,
  0x0000, 0x0000, 0x0000, 0x0000, 0x0000, 0x0000, 0x0000, 0x0000,
  0x0000, 0x0000, 0x0000, 0x0000, 0x0000, 0x0000, 0x0000, 0x0000,
  0x0000, 0x0000, 0x0000, 0x0000, 0x0000, 0x0000, 0x0000, 0x0000,
  0x0000, 0x0000, 0x0000, 0x0000, 0x0000, 0x0000, 0x0000, 0x0000,
  0x0000, 0x0000, 0x0000, 0x0000, 0x0000, 0x0000, 0x0000, 0x0000,
  0x0000, 0x0000, 0x0000, 0x0000, 0x0000, 0x0000, 0x0000, 0x0000,
  0x0000, 0x0000, 0x0000, 0x0000, 0x0000, 0x0000, 0x0000, 0x0000,
  0x18e3, 0xffff, 0xce79, 0x8430, 0xef5d, 0xffff, 0x8c71, 0x0000,
  0x0000, 0x0000, 0x2965, 0xffff, 0x10a2, 0x0000, 0x0000, 0x0000,
  0x0000, 0x0000, 0x2124, 0x5aeb, 0x0841, 0x0000, 0x0000, 0x0000,
  0x0000, 0x0000, 0x0000, 0x0000, 0x0000, 0x0000, 0x0000, 0x0000,
  0x0000, 0x0000, 0x0000, 0x0000, 0x0000, 0x0000, 0x0000, 0x0000,
  0x0000, 0x0000, 0x0000, 0x0000, 0x0000, 0x0000, 0x0000, 0x0000,
  0x0000, 0x0000, 0x0000, 0x0000, 0x0000, 0x0000, 0x0000, 0x0000,
  0x0000, 0x0000, 0x0000, 0x0000, 0x0000, 0x0000, 0x0000, 0x0000,
  0x0000, 0x0000, 0x0000, 0x0000, 0x0000, 0x0000, 0x0000, 0xe800,
  0xc800, 0x0000, 0x0000, 0x1940, 0x4b00, 0x74e0, 0x9e40, 0xaec0,
  0xb700, 0xc760, 0xcfa0, 0xcfc0, 0xd7c0, 0xd7c0, 0xd7c0, 0xdfc0,
  0xdfc0, 0xe7c0, 0xe7c0, 0xe7c0, 0xefc0, 0xefc0, 0xefc0, 0xf7c0,
  0xf7c0, 0xf7c0, 0xffc0, 0xffc0, 0xffa0, 0xffa0, 0xde80, 0x2940,
  0x1080, 0x3180, 0xff40, 0xff20, 0xff00, 0xff00, 0xfee0, 0xfee0,
  0xfec0, 0xfea0, 0xfea0, 0xfe80, 0xfe80, 0xfe60, 0xfe40, 0xfe40,
  0xfe20, 0xfe00, 0xfe00, 0xfde0, 0xfde0, 0xfdc0, 0xfd80, 0xed40,
  0xe4e0, 0xd480, 0xb3c0, 0x7a80, 0x4160, 0x0840, 0x0000, 0x0000,
  0x0000, 0x0000, 0x0000, 0x0000, 0x0000, 0x0000, 0x0000, 0x0000,
  0x0000, 0x0000, 0x0000, 0x0000, 0x0000, 0x0000, 0x0000, 0x0000,
  0x0000, 0x0000, 0x0000, 0x0000, 0x0000, 0x0000, 0x0000, 0x0000,
  0x0000, 0x0000, 0x0000, 0x0000, 0x0000, 0x0000, 0x0000, 0x0000,
  0x0000, 0x0000, 0x0000, 0x0000, 0x0000, 0x0000, 0x0000, 0x0000,
  0x0000, 0x0000, 0x0000, 0x0000, 0x0000, 0x0000, 0x0000, 0x0000,
  0x0000, 0x0000, 0x0000, 0x0000, 0x0000, 0x0000, 0x0000, 0x0000,
  0x0000, 0x0000, 0x0000, 0x0000, 0x0000, 0x0000, 0x0000, 0x0000,
  0x0000, 0x0000, 0x0000, 0x0000, 0x0000, 0x0000, 0x0000, 0x0000,
  0x0000, 0x0000, 0x0000, 0x0000, 0x0000, 0x0000, 0x0000, 0x0000,
  0x0000, 0x0000, 0x0000, 0x0000, 0x0000, 0x0000, 0x0000, 0x0000,
  0x0000, 0x0000, 0x0000, 0x0000, 0x0000, 0x0000, 0x0000, 0x0000,
  0x0000, 0x0000, 0x0000, 0x0000, 0x0000, 0x0000, 0x0000, 0x0000,
  0x0000, 0xef5d, 0xffff, 0xffdf, 0xce59, 0x3186, 0x0000, 0x0000,
  0x0000, 0x0000, 0x0000, 0xef5d, 0xdedb, 0x0000, 0x0000, 0x0000,
  0x0000, 0x0000, 0x0000, 0x0000, 0x0000, 0x0000, 0x0000, 0x0000,
  0x0000, 0x0000, 0x0000, 0x0000, 0x0000, 0x0000, 0x0000, 0x0000,
  0x0000, 0x0000, 0x0000, 0x0000, 0x0000, 0x0000, 0x0000, 0x0000,
  0x0000, 0x0000, 0x0000, 0x0000, 0x0000, 0x0000, 0x0000, 0x0000,
  0x0000, 0x0000, 0x0000, 0x0000, 0x0000, 0x0000, 0x0000, 0x0000,
  0x0000, 0x0000, 0x0000, 0x0000, 0x0000, 0x0000, 0x0000, 0x0000,
  0x0000, 0x0000, 0x0040, 0x1120, 0x21c0, 0x4b80, 0x7d80, 0xe900,
  0xf0c0, 0xb7c0, 0xb7c0, 0xbfc0, 0xbfc0, 0xbfc0, 0xc7c0, 0xc7c0,
  0xc7c0, 0xcfc0, 0xcfc0, 0xcfc0, 0xd7c0, 0xd7c0, 0xd7c0, 0xdfc0,
  0xdfc0, 0xe7c0, 0xe7c0, 0xe7c0, 0xefc0, 0xefc0, 0xefc0, 0xf7c0,
  0xf7c0, 0xf7c0, 0xffc0, 0xffc0, 0xffa0, 0xffa0, 0x0820, 0x7360,
  0xf700, 0x41e0, 0x1080, 0xff20, 0xff00, 0xff00, 0xfee0, 0xfee0,
  0xfec0, 0xfea0, 0xfea0, 0xfe80, 0xfe80, 0xfe60, 0xfe40, 0xfe40,
  0xfe20, 0xfe00, 0xfe00, 0xfde0, 0xfde0, 0xfdc0, 0xfda0, 0xfda0,
  0xfd80, 0xfd60, 0xfd60, 0xfd40, 0xfd40, 0xfd20, 0xfd00, 0xfd00,
  0xfce0, 0xcbe0, 0x8aa0, 0x5180, 0x28c0, 0x1040, 0x0000, 0x0000,
  0x0000, 0x0000, 0x0000, 0x0000, 0x0000, 0x0000, 0x0000, 0x0000,
  0x0000, 0x0000, 0x0000, 0x0000, 0x0000, 0x0000, 0x0000, 0x0000,
  0x0000, 0x0000, 0x0000, 0x0000, 0x0000, 0x0000, 0x0000, 0x0000,
  0x0000, 0x0000, 0x0000, 0x0000, 0x0000, 0x0000, 0x0000, 0x0000,
  0x0000, 0x0000, 0x0000, 0x0000, 0x0000, 0x0000, 0x0000, 0x0000,
  0x0000, 0x0000, 0x0000, 0x0000, 0x0000, 0x0000, 0x0000, 0x0000,
  0x0000, 0x0000, 0x0000, 0x0000, 0x0000, 0x0000, 0x0000, 0x0000,
  0x0000, 0x0000, 0x0000, 0x0000, 0x0000, 0x0000, 0x0000, 0x0000,
  0x0000, 0x0000, 0x0000, 0x0000, 0x0000, 0x0000, 0x0000, 0x0000,
  0x0000, 0x0000, 0x0000, 0x0000, 0x0000, 0x0000, 0x0000, 0x0000,
  0x0000, 0x0000, 0x0000, 0x0000, 0x0000, 0x0000, 0x0000, 0x0000,
  0x0000, 0x0000, 0x0000, 0x0000, 0x0000, 0x0000, 0x0000, 0x0000,
  0x0000, 0x8410, 0xffff, 0x8410, 0x0000, 0x0000, 0x0000, 0x0000,
  0x0000, 0x0000, 0x0000, 0x8430, 0xffff, 0x0020, 0x0000, 0x0000,
  0x0000, 0x0000, 0x0000, 0x0000, 0x0000, 0x0000, 0x0000, 0x0000,
  0x0000, 0x0000, 0x0000, 0x0000, 0x0000, 0x0000, 0x0000, 0x0000,
  0x0000, 0x0000, 0x0000, 0x0000, 0x0000, 0x0000, 0x0000, 0x0000,
  0x0000, 0x0000, 0x0000, 0x0000, 0x0000, 0x0000, 0x0000, 0x0000,
  0x0000, 0x0000, 0x0000, 0x0000, 0x0000, 0x0000, 0x0000, 0x0000,
  0x0000, 0x0000, 0x0000, 0x0000, 0x0000, 0x08c0, 0x32a0, 0x5ca0,
  0x75c0, 0x8f00, 0x9fc0, 0xa7c0, 0xa7c0, 0xa7c0, 0xafc0, 0xe220,
  0xf820, 0xb7c0, 0xb7c0, 0xbfc0, 0xbfc0, 0xbfc0, 0xc7c0, 0xc7c0,
  0xc7c0, 0xcfc0, 0xcfc0, 0xcfc0, 0xd7c0, 0xd7c0, 0xd7c0, 0xdfc0,
  0xdfc0, 0xe7c0, 0xe7c0, 0xe7c0, 0xefc0, 0xefc0, 0xefc0, 0xf7c0,
  0xf7c0, 0xf7c0, 0xffc0, 0xffc0, 0xffa0, 0xef00, 0x39c0, 0xff60,
  0xff60, 0xbd60, 0x0000, 0xff20, 0xff00, 0xff00, 0xfee0, 0xfee0,
  0xfec0, 0xfea0, 0xfea0, 0xfe80, 0xfe80, 0xfe60, 0xfe40, 0xfe40,
  0xfe20, 0xfe00, 0xfe00, 0xfde0, 0xfde0, 0xfdc0, 0xfda0, 0xfda0,
  0xfd80, 0xfd60, 0xfd60, 0xfd40, 0xfd40, 0xfd20, 0xfd00, 0xfd00,
  0xfce0, 0xfce0, 0xfcc0, 0xfca0, 0xfca0, 0xfc80, 0xf460, 0xd3a0,
  0xab00, 0x71e0, 0x28c0, 0x0000, 0x0000, 0x0000, 0x0000, 0x0000,
  0x0000, 0x0000, 0x0000, 0x0000, 0x0000, 0x0000, 0x0000, 0x0000,
  0x0000, 0x0000, 0x0000, 0x0000, 0x0000, 0x0000, 0x0000, 0x0000,
  0x0000, 0x0000, 0x0000, 0x0000, 0x0000, 0x0000, 0x0000, 0x0000,
  0x0000, 0x0000, 0x0000, 0x0000, 0x0000, 0x0000, 0x0000, 0x0000,
  0x0000, 0x0000, 0x0000, 0x0000, 0x0000, 0x0000, 0x0000, 0x0000,
  0x0000, 0x0000, 0x0000, 0x0000, 0x0000, 0x0000, 0x0000, 0x0000,
  0x0000, 0x0000, 0x0000, 0x0000, 0x0000, 0x0000, 0x0000, 0x0000,
  0x0000, 0x0000, 0x0000, 0x0000, 0x0000, 0x0000, 0x0000, 0x0000,
  0x0000, 0x0000, 0x0000, 0x0000, 0x0000, 0x0000, 0x0000, 0x0000,
  0x0000, 0x0000, 0x0000, 0x0000, 0x0000, 0x0000, 0x0000, 0x0000,
  0x0000, 0x0000, 0x0000, 0x0000, 0x0000, 0x0000, 0x0000, 0x0000,
  0x0000, 0x0020, 0xffdf, 0xe73c, 0x0000, 0x0000, 0x0000, 0x0000,
  0x0000, 0x0000, 0x0000, 0x0861, 0xffff, 0x8430, 0x2945, 0x2965,
  0x0000, 0x0000, 0x0000, 0x0000, 0x0000, 0x0000, 0x0000, 0x0000,
  0x0000, 0x0000, 0x0000, 0x0000, 0x0000, 0x0000, 0x0000, 0x0000,
  0x0000, 0x0000, 0x0000, 0x0000, 0x0000, 0x0000, 0x0000, 0x0000,
  0x0000, 0x0000, 0x0000, 0x0000, 0x0000, 0x0000, 0x0000, 0x0000,
  0x0000, 0x0000, 0x0000, 0x0000, 0x0000, 0x0000, 0x0000, 0x0020,
  0x0060, 0x2a80, 0x65e0, 0x8fc0, 0x8fc0, 0x8fc0, 0x97c0, 0x97c0,
  0x9fc0, 0x9fc0, 0x9fc0, 0xa7c0, 0xa7c0, 0xa7c0, 0xafc0, 0xcc60,
  0xf800, 0xbee0, 0xb7c0, 0xbfc0, 0xbfc0, 0xbfc0, 0xc7c0, 0xc7c0,
  0xc7c0, 0xcfc0, 0xcfc0, 0xcfc0, 0xd7c0, 0xd7c0, 0xd7c0, 0xdfc0,
  0xdfc0, 0xe7c0, 0xe7c0, 0xe7c0, 0xefc0, 0xefc0, 0xefc0, 0xf7c0,
  0xf7c0, 0xf7c0, 0xffc0, 0xffc0, 0xffa0, 0xffa0, 0xff80, 0xff80,
  0xf720, 0x5aa0, 0x39a0, 0xff20, 0xff00, 0xff00, 0xfee0, 0xfee0,
  0xfec0, 0xfea0, 0xfea0, 0xfe80, 0xfe80, 0xfe60, 0xfe40, 0xfe40,
  0xfe20, 0xfe00, 0xfe00, 0xfde0, 0xfde0, 0xfdc0, 0xfda0, 0xfda0,
  0xfd80, 0xfd60, 0xfd60, 0xfd40, 0xfd40, 0xfd20, 0xfd00, 0xfd00,
  0xfce0, 0xfce0, 0xfcc0, 0xfca0, 0xfca0, 0xfc80, 0xfc80, 0xfc60,
  0xfc40, 0xfc40, 0xfc20, 0xfc00, 0xfc00, 0xe3a0, 0x79e0, 0x1840,
  0x0000, 0x0000, 0x0000, 0x0000, 0x0000, 0x0000, 0x0000, 0x0000,
  0x0000, 0x0000, 0x0000, 0x0000, 0x0000, 0x0000, 0x0000, 0x0000,
  0x0000, 0x0000, 0x0000, 0x0000, 0x0000, 0x0000, 0x0000, 0x0000,
  0x0000, 0x0000, 0x0000, 0x0000, 0x0000, 0x0000, 0x0000, 0x0000,
  0x0000, 0x0000, 0x0000, 0x0000, 0x0000, 0x0000, 0x0000, 0x0000,
  0x0000, 0x0000, 0x0000, 0x0000, 0x0000, 0x0000, 0x0000, 0x0000,
  0x0000, 0x0000, 0x0000, 0x0000, 0x0000, 0x0000, 0x0000, 0x0000,
  0x0000, 0x0000, 0x0000, 0x0000, 0x0000, 0x0000, 0x0000, 0x0000,
  0x0000, 0x0000, 0x0000, 0x0000, 0x0000, 0x0000, 0x0000, 0x0000,
  0x0000, 0x0000, 0x0000, 0x0000, 0x0000, 0x0000, 0x0000, 0x0000,
  0x0000, 0x0000, 0x0000, 0x0000, 0x0000, 0x0000, 0x0000, 0x0000,
  0x0000, 0x0000, 0xd6ba, 0xffff, 0x2945, 0x0000, 0x0000, 0x0000,
  0x0000, 0x0000, 0x0000, 0x0000, 0xe73c, 0xffff, 0xf79e, 0x9492,
  0x0000, 0x0000, 0x0000, 0x0000, 0x0000, 0x0000, 0x0000, 0x0000,
  0x0000, 0x0000, 0x0000, 0x0000, 0x0000, 0x0000, 0x0000, 0x0000,
  0x0000, 0x0000, 0x0000, 0x0000, 0x0000, 0x0000, 0x0000, 0x0000,
  0x0000, 0x0000, 0x0000, 0x0000, 0x0000, 0x0000, 0x0000, 0x0000,
  0x0000, 0x0000, 0x0000, 0x08a0, 0x2260, 0x4460, 0x6ea0, 0x7fc0,
  0x87c0, 0x87c0, 0x65a0, 0x1960, 0x10e0, 0x43e0, 0x97c0, 0x97c0,
  0x9fc0, 0x9fc0, 0x9fc0, 0xa7c0, 0xa7c0, 0xa7c0, 0xafc0, 0xbe80,
  0xf800, 0xc5e0, 0xb7c0, 0xbfc0, 0xbfc0, 0xbfc0, 0xc7c0, 0xc7c0,
  0xc7c0, 0xcfc0, 0xcfc0, 0xcfc0, 0xd7c0, 0xd7c0, 0xd7c0, 0xdfc0,
  0xdfc0, 0xe7c0, 0xe7c0, 0xe7c0, 0xefc0, 0xefc0, 0xefc0, 0xf7c0,
  0xf7c0, 0xf7c0, 0xffc0, 0xffc0, 0xffa0, 0xffa0, 0xff80, 0xff80,
  0x0860, 0x0840, 0xcdc0, 0xff20, 0xff00, 0xff00, 0xfee0, 0xfee0,
  0xfec0, 0xfea0, 0xfea0, 0xfe80, 0xfe80, 0xfe60, 0xfe40, 0xfe40,
  0xfe20, 0xfe00, 0xfe00, 0xfde0, 0xfde0, 0xfdc0, 0xfda0, 0xfda0,
  0xfd80, 0xfd60, 0xfd60, 0xfd40, 0xfd40, 0xfd20, 0xfd00, 0xfd00,
  0xfce0, 0xfce0, 0xfcc0, 0xfca0, 0xfca0, 0xfc80, 0xfc80, 0xfc60,
  0xfc40, 0xfc40, 0xfc20, 0xfc00, 0xfc00, 0xfbe0, 0xfbe0, 0xfbc0,
  0xfba0, 0xf380, 0xb280, 0x6960, 0x30a0, 0x0000, 0x0000, 0x0000,
  0x0000, 0x0000, 0x0000, 0x0000, 0x0000, 0x0000, 0x0000, 0x0000,
  0x0000, 0x0000, 0x0000, 0x0000, 0x0000, 0x0000, 0x0000, 0x0000,
  0x0000, 0x0000, 0x0000, 0x0000, 0x0000, 0x0000, 0x0000, 0x0000,
  0x0000, 0x0000, 0x0000, 0x0000, 0x0000, 0x0000, 0x0000, 0x0000,
  0x0000, 0x0000, 0x0000, 0x0000, 0x0000, 0x0000, 0x0000, 0x0000,
  0x0000, 0x0000, 0x0000, 0x0000, 0x0000, 0x0000, 0x0000, 0x0000,
  0x0000, 0x0000, 0x0000, 0x0000, 0x0000, 0x0000, 0x0000, 0x0000,
  0x0000, 0x0000, 0x0000, 0x0000, 0x0000, 0x0000, 0x0000, 0x0000,
  0x0000, 0x0000, 0x0000, 0x0000, 0x0000, 0x0000, 0x0000, 0x0000,
  0x0000, 0x0000, 0x0000, 0x0000, 0x0000, 0x0000, 0x0000, 0x0000,
  0x0000, 0x0000, 0x2104, 0xffff, 0xb5b6, 0x0000, 0x0000, 0x0000,
  0x0000, 0x0000, 0x0000, 0x0000, 0x3186, 0x39c7, 0x0020, 0x0000,
  0x0000, 0x0000, 0x0000, 0x0000, 0x0000, 0x0000, 0x0000, 0x0000,
  0x0000, 0x0000, 0x0000, 0x0000, 0x0000, 0x0000, 0x0000, 0x0000,
  0x0000, 0x0000, 0x0000, 0x0000, 0x0000, 0x0000, 0x0000, 0x0000,
  0x0000, 0x0000, 0x0000, 0x0000, 0x0000, 0x0000, 0x0000, 0x0000,
  0x2b60, 0x66e0, 0x6f60, 0x77c0, 0x77c0, 0x7fc0, 0x7fc0, 0x7fc0,
  0x87c0, 0x6e80, 0x0020, 0x6e40, 0x7680, 0x0040, 0x4c00, 0x97c0,
  0x9fc0, 0x9fc0, 0x9fc0, 0xa7c0, 0xa7c0, 0xa7c0, 0xafc0, 0xafc0,
  0xf800, 0xcce0, 0xb7c0, 0xbfc0, 0xbfc0, 0xbfc0, 0xc7c0, 0xc7c0,
  0xc7c0, 0xcfc0, 0xcfc0, 0xcfc0, 0xd7c0, 0xd7c0, 0xd7c0, 0xdfc0,
  0xdfc0, 0xe7c0, 0xe7c0, 0xe7c0, 0xefc0, 0xefc0, 0xefc0, 0xf7c0,
  0xf7c0, 0xf7c0, 0xffc0, 0xffc0, 0xffa0, 0xffa0, 0xff80, 0xff80,
  0xff60, 0xbd60, 0x0000, 0xff20, 0xff00, 0xff00, 0xfee0, 0xfee0,
  0xfec0, 0xfea0, 0xfea0, 0xfe80, 0xfe80, 0xfe60, 0xfe40, 0xfe40,
  0xfe20, 0xfe00, 0xfe00, 0xfde0, 0xfde0, 0xfdc0, 0xfda0, 0xfda0,
  0xfd80, 0xfd60, 0xfd60, 0xfd40, 0xfd40, 0xfd20, 0xfd00, 0xfd00,
  0xfce0, 0xfce0, 0xfcc0, 0xfca0, 0xfca0, 0xfc80, 0xfc80, 0xfc60,
  0xfc40, 0xfc40, 0xfc20, 0xfc00, 0xfc00, 0x0820, 0x1040, 0x30c0,
  0x6180, 0xfba0, 0xfb80, 0xfb80, 0xfb60, 0xfb40, 0xeb00, 0xaa20,
  0x2060, 0x0000, 0x0000, 0x0000, 0x0000, 0x0000, 0x0000, 0x0000,
  0x0000, 0x0000, 0x0000, 0x0000, 0x0000, 0x0000, 0x0000, 0x0000,
  0x0000, 0x0000, 0x0000, 0x0000, 0x0000, 0x0000, 0x0000, 0x0000,
  0x0000, 0x0000, 0x0000, 0x0000, 0x0000, 0x0000, 0x0000, 0x0000,
  0x0000, 0x0000, 0x0000, 0x0000, 0x0000, 0x0000, 0x0000, 0x0000,
  0x0000, 0x0000, 0x0000, 0x0000, 0x0000, 0x0000, 0x0000, 0x0000,
  0x0000, 0x0000, 0x0000, 0x0000, 0x0000, 0x0000, 0x0000, 0x0000,
  0x0000, 0x0000, 0x0000, 0x0000, 0x0000, 0x0000, 0x0000, 0x0000,
  0x0000, 0x0000, 0x0000, 0x0000, 0x0000, 0x0000, 0x0000, 0x0000,
  0x0000, 0x0000, 0x0000, 0x0000, 0x0000, 0x0000, 0x0000, 0x0000,
  0x0000, 0x0000, 0x0000, 0xbdf7, 0x3186, 0x0000, 0x0000, 0x0000,
  0x0000, 0x0000, 0x0000, 0x0000, 0x0000, 0x0000, 0x0000, 0x0000,
  0x0000, 0x0000, 0x0000, 0x0000, 0x0000, 0x0000, 0x0000, 0x0000,
  0x0000, 0x0000, 0x0000, 0x0000, 0x0000, 0x0000, 0x0000, 0x0000,
  0x0000, 0x0000, 0x0000, 0x0000, 0x0000, 0x0000, 0x0000, 0x0000,
  0x0000, 0x0000, 0x0000, 0x0900, 0x22e0, 0x4e40, 0x67c0, 0x6fc0,
  0x6fc0, 0x6fc0, 0x77c0, 0x77c0, 0x77c0, 0x7fc0, 0x7fc0, 0x7fc0,
  0x87c0, 0x2a60, 0x32e0, 0x8fc0, 0x8fc0, 0x2a80, 0x1960, 0x97c0,
  0x9fc0, 0x9fc0, 0x9fc0, 0xa7c0, 0xa7c0, 0xa7c0, 0xafc0, 0xafc0,
  0xf800, 0xdb40, 0xb7c0, 0xbfc0, 0xbfc0, 0xbfc0, 0xc7c0, 0xc7c0,
  0xc7c0, 0xcfc0, 0xcfc0, 0xcfc0, 0xd7c0, 0xd7c0, 0xd7c0, 0xdfc0,
  0xdfc0, 0xe7c0, 0xe7c0, 0xe7c0, 0xefc0, 0xefc0, 0xefc0, 0xf7c0,
  0xf7c0, 0xf7c0, 0xffc0, 0xffc0, 0xffa0, 0xde60, 0x8c20, 0xff80,
  0xff60, 0xff40, 0x0000, 0xee80, 0xff00, 0xff00, 0xfee0, 0xfee0,
  0xfec0, 0xfea0, 0xfea0, 0xfe80, 0xfe80, 0xfe60, 0xfe40, 0xfe40,
  0xfe20, 0xfe00, 0xfe00, 0xfde0, 0xfde0, 0xfdc0, 0xfda0, 0xfda0,
  0xfd80, 0xfd60, 0xfd60, 0xfd40, 0xfd40, 0xfd20, 0xfd00, 0xfd00,
  0xfce0, 0xfce0, 0xfcc0, 0xfca0, 0xfca0, 0xfc80, 0xfc80, 0xfc60,
  0xfc40, 0xfc40, 0xfc20, 0xfc00, 0xc300, 0x28a0, 0x9a60, 0x71a0,
  0x5140, 0xfba0, 0xfb80, 0xfb80, 0xfb60, 0xfb40, 0xfb40, 0xfb20,
  0xfb20, 0xfb00, 0xf2c0, 0x8980, 0x2880, 0x0000, 0x0000, 0x0000,
  0x0000, 0x0000, 0x0000, 0x0000, 0x0000, 0x0000, 0x0000, 0x0000,
  0x0000, 0x0000, 0x0000, 0x0000, 0x0000, 0x0000, 0x0000, 0x0000,
  0x0000, 0x0000, 0x0000, 0x0000, 0x0000, 0x0000, 0x0000, 0x0000,
  0x0000, 0x0000, 0x0000, 0x0000, 0x0000, 0x0000, 0x0000, 0x0000,
  0x0000, 0x0000, 0x0000, 0x0000, 0x0000, 0x0000, 0x0000, 0x0000,
  0x0000, 0x0000, 0x0000, 0x0000, 0x0000, 0x0000, 0x0000, 0x0000,
  0x0000, 0x0000, 0x0000, 0x0000, 0x0000, 0x0000, 0x0000, 0x0000,
  0x0000, 0x0000, 0x0000, 0x0000, 0x0000, 0x0000, 0x0000, 0x0000,
  0x0000, 0x0000, 0x0000, 0x0000, 0x0000, 0x0000, 0x0000, 0x0000,
  0x0000, 0x0000, 0x0000, 0x0000, 0x0000, 0x0000, 0x0000, 0x0000,
  0x0000, 0x0000, 0x0000, 0x0000, 0x0000, 0x0000, 0x0000, 0x0000,
  0x0000, 0x0000, 0x0000, 0x0000, 0x0000, 0x0000, 0x0000, 0x0000,
  0x0000, 0x0000, 0x0000, 0x0000, 0x0000, 0x0000, 0x0000, 0x0000,
  0x0000, 0x0000, 0x0000, 0x0000, 0x0000, 0x0000, 0x0000, 0x0000,
  0x1ae0, 0x45c0, 0x5740, 0x5fc0, 0x5fc0, 0x67c0, 0x67c0, 0x6fc0,
  0x6fc0, 0x6fc0, 0x77c0, 0x77c0, 0x77c0, 0x7fc0, 0x7fc0, 0x7fc0,
  0x87c0, 0x7680, 0x8740, 0x8fc0, 0x8fc0, 0x21c0, 0x32c0, 0x97c0,
  0x9fc0, 0x9fc0, 0x9fc0, 0xa7c0, 0xa7c0, 0xa7c0, 0xafc0, 0xafc0,
  0xf800, 0xe9a0, 0xb7c0, 0xbfc0, 0xbfc0, 0xbfc0, 0xc7c0, 0xc7c0,
  0xc7c0, 0xcfc0, 0xcfc0, 0xcfc0, 0xd7c0, 0xd7c0, 0xd7c0, 0xdfc0,
  0xdfc0, 0xe7c0, 0xe7c0, 0xe7c0, 0xefc0, 0xefc0, 0xefc0, 0xf7c0,
  0xf7c0, 0xf7c0, 0xffc0, 0xffc0, 0xffa0, 0xef20, 0x0020, 0xad00,
  0xff40, 0x62c0, 0x0000, 0xff20, 0xff00, 0xff00, 0xfee0, 0xfee0,
  0xfec0, 0xfea0, 0xfea0, 0xfe80, 0xfe80, 0xfe60, 0xfe40, 0xfe40,
  0xfe20, 0xfe00, 0xfe00, 0xfde0, 0xfde0, 0xfdc0, 0xfda0, 0xfda0,
  0xfd80, 0xfd60, 0xfd60, 0xfd40, 0xfd40, 0xfd20, 0xfd00, 0xfd00,
  0xfce0, 0xfce0, 0xfcc0, 0xfca0, 0xfca0, 0xfc80, 0xfc80, 0xfc60,
  0xfc40, 0xfc40, 0xfc20, 0xfc00, 0x30c0, 0x8a20, 0xfbe0, 0xfbc0,
  0xfba0, 0xfba0, 0xfb80, 0xfb80, 0xfb60, 0xfb40, 0xfb40, 0xfb20,
  0xfb20, 0xfb00, 0xfae0, 0xfae0, 0xfac0, 0xfaa0, 0xd220, 0x8960,
  0x2040, 0x0000, 0x0000, 0x0000, 0x0000, 0x0000, 0x0000, 0x0000,
  0x0000, 0x0000, 0x0000, 0x0000, 0x0000, 0x0000, 0x0000, 0x0000,
  0x0000, 0x0000, 0x0000, 0x0000, 0x0000, 0x0000, 0x0000, 0x0000,
  0x0000, 0x0000, 0x0000, 0x0000, 0x0000, 0x0000, 0x0000, 0x0000,
  0x0000, 0x0000, 0x0000, 0x0000, 0x0000, 0x0000, 0x0000, 0x0000,
  0x0000, 0x0000, 0x0000, 0x0000, 0x0000, 0x0000, 0x0000, 0x0000,
  0x0000, 0x0000, 0x0000, 0x0000, 0x0000, 0x0000, 0x0000, 0x0000,
  0x0000, 0x0000, 0x0000, 0x0000, 0x0000, 0x0000, 0x0000, 0x0000,
  0x0000, 0x0000, 0x0000, 0x0000, 0x0000, 0x0000, 0x0000, 0x0000,
  0x0000, 0x0000, 0x0000, 0x0000, 0x0000, 0x0000, 0x0000, 0x0000,
  0x0000, 0x0000, 0x0000, 0x0000, 0x0000, 0x0000, 0x0000, 0x0000,
  0x0000, 0x0000, 0x0000, 0x0000, 0x0000, 0x0000, 0x0000, 0x0000,
  0x0000, 0x0000, 0x0000, 0x0000, 0x0000, 0x0000, 0x0000, 0x0000,
  0x0000, 0x0000, 0x0000, 0x0000, 0x0060, 0x2c60, 0x4fc0, 0x57c0,
  0x57c0, 0x57c0, 0x5fc0, 0x5fc0, 0x5fc0, 0x67c0, 0x67c0, 0x6fc0,
  0x6fc0, 0x6fc0, 0x77c0, 0x77c0, 0x77c0, 0x7fc0, 0x7fc0, 0x7fc0,
  0x87c0, 0x87c0, 0x87c0, 0x8fc0, 0x8760, 0x0020, 0x9780, 0x97c0,
  0x9fc0, 0x9fc0, 0x9fc0, 0xa7c0, 0xa7c0, 0xa7c0, 0xafc0, 0xafc0,
  0xf100, 0xf800, 0xb7c0, 0xbfc0, 0xbfc0, 0xbfc0, 0xc7c0, 0xc7c0,
  0xc7c0, 0xcfc0, 0xcfc0, 0xcfc0, 0xd7c0, 0xd7c0, 0xd7c0, 0xdfc0,
  0xdfc0, 0xe7c0, 0xe7c0, 0xe7c0, 0xefc0, 0xefc0, 0xefc0, 0xf7c0,
  0xf7c0, 0xf7c0, 0xffc0, 0xffc0, 0xffa0, 0xffa0, 0x9ca0, 0x0840,
  0x0020, 0x18c0, 0xff20, 0xff20, 0xff00, 0xff00, 0xfee0, 0xfee0,
  0xfec0, 0xfea0, 0xfea0, 0xfe80, 0xfe80, 0xfe60, 0xfe40, 0xfe40,
  0xfe20, 0xfe00, 0xfe00, 0xfde0, 0xfde0, 0xfdc0, 0xfda0, 0xfda0,
  0xfd80, 0xfd60, 0xfd60, 0xfd40, 0xfd40, 0xfd20, 0xfd00, 0xfd00,
  0xfce0, 0xfce0, 0xfcc0, 0xfca0, 0xfca0, 0xfc80, 0xfc80, 0xfc60,
  0xfc40, 0xfc40, 0xfc20, 0xfc00, 0x0000, 0x1040, 0x30c0, 0xdb40,
  0xfba0, 0xfba0, 0xfb80, 0xfb80, 0xfb60, 0xfb40, 0xfb40, 0xfb20,
  0xfb20, 0xfb00, 0xfae0, 0xfae0, 0xfac0, 0xfaa0, 0xfaa0, 0xfa80,
  0xfa60, 0xfa60, 0xc1c0, 0x2040, 0x0000, 0x0000, 0x0000, 0x0000,
  0x0000, 0x0000, 0x0000, 0x0000, 0x0000, 0x0000, 0x0000, 0x0000,
  0x0000, 0x0000, 0x0000, 0x0000, 0x0000, 0x0000, 0x0000, 0x0000,
  0x0000, 0x0000, 0x0000, 0x0000, 0x0000, 0x0000, 0x0000, 0x0000,
  0x0000, 0x0000, 0x0000, 0x0000, 0x0000, 0x0000, 0x0000, 0x0000,
  0x0000, 0x0000, 0x0000, 0x0000, 0x0000, 0x0000, 0x0000, 0x0000,
  0x0000, 0x0000, 0x0000, 0x0000, 0x0000, 0x0000, 0x0000, 0x0000,
  0x0000, 0x0000, 0x0000, 0x0000, 0x0000, 0x0000, 0x0000, 0x0000,
  0x0000, 0x0000, 0x0000, 0x0000, 0x0000, 0x0000, 0x0000, 0x0000,
  0x0000, 0x0000, 0x0000, 0x0000, 0x0000, 0x0000, 0x0000, 0x0000,
  0x0000, 0x0000, 0x0000, 0x0000, 0x0000, 0x0000, 0x0000, 0x0000,
  0x0000, 0x0000, 0x0000, 0x0000, 0x0000, 0x0000, 0x0000, 0x0000,
  0x0000, 0x0000, 0x0000, 0x0000, 0x0000, 0x0000, 0x0000, 0x0000,
  0x0000, 0x1220, 0x2cc0, 0x47a0, 0x4fc0, 0x4fc0, 0x4fc0, 0x57c0,
  0x57c0, 0x57c0, 0x5fc0, 0x5fc0, 0x5fc0, 0x67c0, 0x67c0, 0x6fc0,
  0x6fc0, 0x6fc0, 0x77c0, 0x77c0, 0x77c0, 0x7fc0, 0x7fc0, 0x7fc0,
  0x87c0, 0x87c0, 0x87c0, 0x8fc0, 0x2a80, 0x3b20, 0x97c0, 0x97c0,
  0x9fc0, 0x9fc0, 0x9fc0, 0xa7c0, 0xa7c0, 0xa7c0, 0xafc0, 0xafc0,
  0xdb00, 0xf800, 0xb7c0, 0xbfc0, 0xbfc0, 0xbfc0, 0xc7c0, 0xc7c0,
  0xc7c0, 0xcfc0, 0xcfc0, 0xcfc0, 0xd7c0, 0xd7c0, 0xd7c0, 0xdfc0,
  0xdfc0, 0xe7c0, 0xe7c0, 0xe7c0, 0xefc0, 0xefc0, 0xefc0, 0xf7c0,
  0xf7c0, 0xf7c0, 0xffc0, 0xffc0, 0xffa0, 0xffa0, 0xff80, 0xff80,
  0xff60, 0xff40, 0xff40, 0xff20, 0xff00, 0xff00, 0xfee0, 0xfee0,
  0xfec0, 0xfea0, 0xfea0, 0xfe80, 0xfe80, 0xfe60, 0xfe40, 0xfe40,
  0xfe20, 0xfe00, 0xfe00, 0xfde0, 0xfde0, 0xfdc0, 0xfda0, 0xfda0,
  0xfd80, 0xfd60, 0xfd60, 0xfd40, 0xfd40, 0xfd20, 0xfd00, 0xfd00,
  0xfce0, 0xfce0, 0xfcc0, 0xfca0, 0xfca0, 0xfc80, 0xfc80, 0xfc60,
  0xfc40, 0xfc40, 0xfc20, 0xfc00, 0xb2e0, 0xb2c0, 0x8a20, 0x0000,
  0xbac0, 0xfba0, 0xfb80, 0xfb80, 0xfb60, 0xfb40, 0xfb40, 0xfb20,
  0xfb20, 0xfb00, 0xfae0, 0xfae0, 0xfac0, 0xfaa0, 0xfaa0, 0xfa80,
  0xfa60, 0xfa60, 0xfa40, 0xfa40, 0xfa20, 0xd1a0, 0x68c0, 0x1020,
  0x0000, 0x0000, 0x0000, 0x0000, 0x0000, 0x0000, 0x0000, 0x0000,
  0x0000, 0x0000, 0x0000, 0x0000, 0x0000, 0x0000, 0x0000, 0x0000,
  0x0000, 0x0000, 0x0000, 0x0000, 0x0000, 0x0000, 0x0000, 0x0000,
  0x0000, 0x0000, 0x0000, 0x0000, 0x0000, 0x0000, 0x0000, 0x0000,
  0x0000, 0x0000, 0x0000, 0x0000, 0x0000, 0x0000, 0x0000, 0x0000,
  0x0000, 0x0000, 0x0000, 0x0000, 0x0000, 0x0000, 0x0000, 0x0000,
  0x0000, 0x0000, 0x0000, 0x0000, 0x0000, 0x0000, 0x0000, 0x0000,
  0x0000, 0x0000, 0x0000, 0x0000, 0x0000, 0x0000, 0x0000, 0x0000,
  0x0000, 0x0000, 0x0000, 0x0000, 0x0000, 0x0000, 0x0000, 0x0000,
  0x0000, 0x0000, 0x0000, 0x0000, 0x0000, 0x0000, 0x0000, 0x0000,
  0x0000, 0x0000, 0x0000, 0x0000, 0x0000, 0x0000, 0x0000, 0x0000,
  0x0000, 0x0000, 0x0000, 0x0000, 0x0000, 0x0000, 0x1240, 0x36c0,
  0x3fa0, 0x3fc0, 0x47c0, 0x47c0, 0x4fc0, 0x4fc0, 0x4fc0, 0x57c0,
  0x57c0, 0x57c0, 0x5fc0, 0x5fc0, 0x5fc0, 0x67c0, 0x67c0, 0x6fc0,
  0x6fc0, 0x6fc0, 0x77c0, 0x77c0, 0x77c0, 0x7fc0, 0x7fc0, 0x7fc0,
  0x87c0, 0x87c0, 0x87c0, 0x6e40, 0x0880, 0x8fa0, 0x97c0, 0x97c0,
  0x9fc0, 0x9fc0, 0x9fc0, 0xa7c0, 0xa7c0, 0xa7c0, 0xafc0, 0xafc0,
  0xcd00, 0xf800, 0xb7c0, 0xbfc0, 0xbfc0, 0xbfc0, 0xc7c0, 0xc7c0,
  0xc7c0, 0xcfc0, 0xcfc0, 0xcfc0, 0xd7c0, 0xd7c0, 0xd7c0, 0xdfc0,
  0xcf00, 0xade0, 0x8ce0, 0x73c0, 0x5ae0, 0x4240, 0x3180, 0x18e0,
  0x18c0, 0x18c0, 0x10a0, 0x10a0, 0x10a0, 0x1080, 0x1080, 0x1080,
  0x1080, 0x1080, 0x1080, 0x1080, 0x1080, 0x10a0, 0x18a0, 0x18a0,
  0x18c0, 0x2920, 0x3980, 0x5220, 0x7b00, 0x9bc0, 0xbc80, 0xdd40,
  0xfe00, 0xfe00, 0xfe00, 0xfde0, 0xfde0, 0xfdc0, 0xfda0, 0xfda0,
  0xfd80, 0xfd60, 0xfd60, 0xfd40, 0xfd40, 0xfd20, 0xfd00, 0xfd00,
  0xfce0, 0xfce0, 0xfcc0, 0xfca0, 0xfca0, 0xfc80, 0xfc80, 0xfc60,
  0xfc40, 0xfc40, 0xfc20, 0xfc00, 0xfc00, 0xfbe0, 0xfbe0, 0x4900,
  0x4100, 0xfba0, 0xfb80, 0xfb80, 0xfb60, 0xfb40, 0xfb40, 0xfb20,
  0xfb20, 0xfb00, 0xfae0, 0xfae0, 0xfac0, 0xfaa0, 0xfaa0, 0xfa80,
  0xfa60, 0xfa60, 0xfa40, 0xfa40, 0xfa20, 0xfa00, 0xfa00, 0xf9e0,
  0xe9c0, 0x88e0, 0x0000, 0x0000, 0x0000, 0x0000, 0x0000, 0x0000,
  0x0000, 0x0000, 0x0000, 0x0000, 0x0000, 0x0000, 0x0000, 0x0000,
  0x0000, 0x0000, 0x0000, 0x0000, 0x0000, 0x0000, 0x0000, 0x0000,
  0x0000, 0x0000, 0x0000, 0x0000, 0x0000, 0x0000, 0x0000, 0x0000,
  0x0000, 0x0000, 0x0000, 0x0000, 0x0000, 0x0000, 0x0000, 0x0000,
  0x0000, 0x0000, 0x0000, 0x0000, 0x0000, 0x0000, 0x0000, 0x0000,
  0x0000, 0x0000, 0x0000, 0x0000, 0x0000, 0x0000, 0x0000, 0x0000,
  0x0000, 0x0000, 0x0000, 0x0000, 0x0000, 0x0000, 0x0000, 0x0000,
  0x0000, 0x0000, 0x0000, 0x0000, 0x0000, 0x0000, 0x0000, 0x0000,
  0x0000, 0x0000, 0x0000, 0x0000, 0x0000, 0x0000, 0x0000, 0x0000,
  0x0000, 0x0000, 0x0000, 0x0000, 0x0000, 0x0000, 0x0000, 0x0000,
  0x0000, 0x0000, 0x0040, 0x0a00, 0x2e40, 0x37c0, 0x37c0, 0x3fc0,
  0x3fc0, 0x3fc0, 0x47c0, 0x47c0, 0x4fc0, 0x4fc0, 0x4fc0, 0x57c0,
  0x57c0, 0x57c0, 0x5fc0, 0x5fc0, 0x5fc0, 0x67c0, 0x67c0, 0x6fc0,
  0x6fc0, 0x6fc0, 0x77c0, 0x77c0, 0x77c0, 0x7fc0, 0x7fc0, 0x7fc0,
  0x87c0, 0x87c0, 0x8780, 0x0000, 0x4c40, 0x6da0, 0x3280, 0x1980,
  0x9fc0, 0x9fc0, 0x9fc0, 0xa7c0, 0xa7c0, 0xa7c0, 0xafc0, 0xafc0,
  0xbe40, 0xf800, 0xbf60, 0xb7a0, 0xaf00, 0xa680, 0x9600, 0x7cc0,
  0x5320, 0x31c0, 0x0880, 0x0000, 0x0000, 0x0000, 0x0000, 0x0000,
  0x0000, 0x0000, 0x0000, 0x0000, 0x0000, 0x0000, 0x0000, 0x0000,
  0x0000, 0x0000, 0x0000, 0x0000, 0x0000, 0x0000, 0x0000, 0x0000,
  0x0000, 0x0000, 0x0000, 0x0000, 0x0000, 0x0000, 0x0000, 0x0000,
  0x0000, 0x0000, 0x0000, 0x0000, 0x0000, 0x0000, 0x0000, 0x0000,
  0x0000, 0x0000, 0x0000, 0x0000, 0x0000, 0x0000, 0x28e0, 0x59e0,
  0x8b00, 0xbc00, 0xd460, 0xe4a0, 0xf500, 0xfd20, 0xfd00, 0xfd00,
  0xfce0, 0xfce0, 0xfcc0, 0xfca0, 0xfca0, 0xfc80, 0xfc80, 0xfc60,
  0xfc40, 0xfc40, 0xfc20, 0xfc00, 0xfc00, 0xfbe0, 0xfbe0, 0x38c0,
  0x5940, 0xfba0, 0xfb80, 0xfb80, 0xfb60, 0xfb40, 0xfb40, 0xfb20,
  0xfb20, 0xfb00, 0xfae0, 0xfae0, 0xfac0, 0xfaa0, 0xfaa0, 0xfa80,
  0xfa60, 0xfa60, 0xfa40, 0xfa40, 0xfa20, 0xfa00, 0xfa00, 0xf9e0,
  0xf9e0, 0xf9c0, 0xf9a0, 0xf180, 0x70c0, 0x1820, 0x0000, 0x0000,
  0x0000, 0x0000, 0x0000, 0x0000, 0x0000, 0x0000, 0x0000, 0x0000,
  0x0000, 0x0000, 0x0000, 0x0000, 0x0000, 0x0000, 0x0000, 0x0000,
  0x0000, 0x0000, 0x0000, 0x0000, 0x0000, 0x0000, 0x0000, 0x0000,
  0x0000, 0x0000, 0x0000, 0x0000, 0x0000, 0x0000, 0x0000, 0x0000,
  0x0000, 0x0000, 0x0000, 0x0000, 0x0000, 0x0000, 0x0000, 0x0000,
  0x0000, 0x0000, 0x0000, 0x0000, 0x0000, 0x0000, 0x0000, 0x0000,
  0x0000, 0x0000, 0x0000, 0x0000, 0x0000, 0x0000, 0x0000, 0x0000,
  0x0000, 0x0000, 0x0000, 0x0000, 0x0000, 0x0000, 0x0000, 0x0000,
  0x0000, 0x0000, 0x0000, 0x0000, 0x0000, 0x0000, 0x0000, 0x0000,
  0x0000, 0x0000, 0x0000, 0x0000, 0x0000, 0x0000, 0x0000, 0x0000,
  0x0a60, 0x2620, 0x2fc0, 0x2fc0, 0x37c0, 0x37c0, 0x37c0, 0x3fc0,
  0x3fc0, 0x3fc0, 0x47c0, 0x47c0, 0x4fc0, 0x4fc0, 0x4fc0, 0x57c0,
  0x57c0, 0x57c0, 0x5fc0, 0x5fc0, 0x5fc0, 0x67c0, 0x67c0, 0x6fc0,
  0x6fc0, 0x6fc0, 0x77c0, 0x77c0, 0x77c0, 0x7fc0, 0x7fc0, 0x7fc0,
  0x87c0, 0x87c0, 0x3b20, 0x0000, 0x0000, 0x1120, 0x32e0, 0x6da0,
  0x9fc0, 0x9fc0, 0x9fc0, 0xa7c0, 0xa7c0, 0xa780, 0x7dc0, 0x5be0,
  0x4a00, 0xf800, 0x6060, 0x0000, 0x0000, 0x0000, 0x0000, 0x0000,
  0x0000, 0x0000, 0x0000, 0x0000, 0x0000, 0x0000, 0x0000, 0x0000,
  0x0000, 0x0000, 0x0000, 0x0000, 0x0000, 0x0000, 0x0000, 0x0000,
  0x0000, 0x0000, 0x0000, 0x0000, 0x0000, 0x0000, 0x0000, 0x0000,
  0x0000, 0x0000, 0x0000, 0x0000, 0x0000, 0x0000, 0x0000, 0x0000,
  0x0000, 0x0000, 0x0000, 0x0000, 0x0000, 0x0000, 0x0000, 0x0000,
  0x0000, 0x0000, 0x0000, 0x0000, 0x0000, 0x0000, 0x0000, 0x0000,
  0x0000, 0x0000, 0x0000, 0x0000, 0x0000, 0x0840, 0x20c0, 0x4140,
  0x6a00, 0xa320, 0xe440, 0xfca0, 0xfca0, 0xfc80, 0xfc80, 0xfc60,
  0xfc40, 0xfc40, 0xfc00, 0x1860, 0x71c0, 0xeba0, 0x9a40, 0x0000,
  0xd300, 0xfba0, 0xfb80, 0xfb80, 0xfb60, 0xfb40, 0xfb40, 0xfb20,
  0xfb20, 0xfb00, 0xfae0, 0xfae0, 0xfac0, 0xfaa0, 0xfaa0, 0xfa80,
  0xfa60, 0xfa60, 0xfa40, 0xfa40, 0xfa20, 0xfa00, 0xfa00, 0xf9e0,
  0xf9e0, 0xf9c0, 0xf9a0, 0xf9a0, 0x3840, 0xd940, 0xd940, 0x80a0,
  0x0800, 0x0000, 0x0000, 0x0000, 0x0000, 0x0000, 0x0000, 0x0000,
  0x0000, 0x0000, 0x0000, 0x0000, 0x0000, 0x0000, 0x0000, 0x0000,
  0x0000, 0x0000, 0x0000, 0x0000, 0x0000, 0x0000, 0x0000, 0x0000,
  0x0000, 0x0000, 0x0000, 0x0000, 0x0000, 0x0000, 0x0000, 0x0000,
  0x0000, 0x0000, 0x0000, 0x0000, 0x0000, 0x0000, 0x0000, 0x0000,
  0x0000, 0x0000, 0x0000, 0x0000, 0x0000, 0x0000, 0x0000, 0x0000,
  0x0000, 0x0000, 0x0000, 0x0000, 0x0000, 0x0000, 0x0000, 0x0000,
  0x0000, 0x0000, 0x0000, 0x0000, 0x0000, 0x0000, 0x0000, 0x0000,
  0x0000, 0x0000, 0x0000, 0x0000, 0x0000, 0x0000, 0x0000, 0x0000,
  0x0000, 0x0000, 0x0000, 0x0000, 0x0000, 0x00a0, 0x15c0, 0x27c0,
  0x27c0, 0x2fc0, 0x2fc0, 0x2fc0, 0x37c0, 0x37c0, 0x37c0, 0x3fc0,
  0x3fc0, 0x3fc0, 0x47c0, 0x47c0, 0x4fc0, 0x4fc0, 0x4fc0, 0x57c0,
  0x57c0, 0x57c0, 0x5fc0, 0x5fc0, 0x5fc0, 0x67c0, 0x67c0, 0x6fc0,
  0x6fc0, 0x6fc0, 0x77c0, 0x77c0, 0x77c0, 0x7fc0, 0x7fc0, 0x7fc0,
  0x87c0, 0x87c0, 0x7680, 0x8fc0, 0x8fc0, 0x8fc0, 0x97a0, 0x8f60,
  0x8f00, 0x5420, 0x1920, 0x0000, 0x0000, 0x0000, 0x0000, 0x0000,
  0x0000, 0xf800, 0xa800, 0x0000, 0x0000, 0x0000, 0x0000, 0x0000,
  0x0000, 0x0000, 0x0000, 0x0000, 0x0000, 0x0000, 0x0000, 0x0000,
  0x0000, 0x0000, 0x0000, 0x0000, 0x0000, 0x0000, 0x0000, 0x0000,
  0x0000, 0x0000, 0x0000, 0x0000, 0x0000, 0x0000, 0x0000, 0x0000,
  0x0000, 0x0000, 0x0000, 0x0000, 0x0000, 0x0000, 0x0000, 0x0000,
  0x0000, 0x0000, 0x0000, 0x0000, 0x0000, 0x0000, 0x0000, 0x0000,
  0x0000, 0x0000, 0x0000, 0x0000, 0x0000, 0x0000, 0x0000, 0x0000,
  0x0000, 0x0000, 0x0000, 0x0000, 0x0000, 0x0000, 0x0000, 0x0000,
  0x0000, 0x0000, 0x0000, 0x0000, 0x0000, 0x0820, 0x61a0, 0xc340,
  0xf420, 0xfc20, 0xfc20, 0xe3a0, 0x2080, 0x0820, 0x1020, 0xc2e0,
  0xfba0, 0xfba0, 0xfb80, 0xfb80, 0xfb60, 0xfb40, 0xfb40, 0xfb20,
  0xfb20, 0xfb00, 0xfae0, 0xfae0, 0xfac0, 0xfaa0, 0xfaa0, 0xfa80,
  0xfa60, 0xfa60, 0xfa40, 0xfa40, 0xfa20, 0xfa00, 0xfa00, 0xf9e0,
  0xf9e0, 0xf9c0, 0xf9a0, 0x9900, 0x0000, 0xf980, 0xf960, 0x7080,
  0xf940, 0xf120, 0x4840, 0x0000, 0x0000, 0x0000, 0x0000, 0x0000,
  0x0000, 0x0000, 0x0000, 0x0000, 0x0000, 0x0000, 0x0000, 0x0000,
  0x0000, 0x0000, 0x0000, 0x0000, 0x0000, 0x0000, 0x0000, 0x0000,
  0x0000, 0x0000, 0x0000, 0x0000, 0x0000, 0x0000, 0x0000, 0x0000,
  0x0000, 0x0000, 0x0000, 0x0000, 0x0000, 0x0000, 0x0000, 0x0000,
  0x0000, 0x0000, 0x0000, 0x0000, 0x0000, 0x0000, 0x0000, 0x0000,
  0x0000, 0x0000, 0x0000, 0x0000, 0x0000, 0x0000, 0x0000, 0x0000,
  0x0000, 0x0000, 0x0000, 0x0000, 0x0000, 0x0000, 0x0000, 0x0000,
  0x0000, 0x0000, 0x0000, 0x0000, 0x0000, 0x0000, 0x0000, 0x0000,
  0x0000, 0x0000, 0x00c0, 0x0c20, 0x1f80, 0x1fc0, 0x27c0, 0x27c0,
  0x27c0, 0x2fc0, 0x2fc0, 0x2fc0, 0x37c0, 0x37c0, 0x37c0, 0x3fc0,
  0x3fc0, 0x3fc0, 0x47c0, 0x47c0, 0x4fc0, 0x4fc0, 0x4fc0, 0x57c0,
  0x57c0, 0x57c0, 0x5fc0, 0x5fc0, 0x5fc0, 0x67c0, 0x67c0, 0x6fc0,
  0x6fc0, 0x6fc0, 0x77c0, 0x77c0, 0x77c0, 0x7fc0, 0x7fc0, 0x7fc0,
  0x87c0, 0x87c0, 0x76c0, 0x5ce0, 0x3b00, 0x1940, 0x0000, 0x0000,
  0x0000, 0x0000, 0x0000, 0x0000, 0x0000, 0x0000, 0x0000, 0x0000,
  0x0000, 0xe000, 0xe800, 0x0000, 0x0000, 0x0000, 0x0000, 0x0000,
  0x0000, 0x0000, 0x0000, 0x0000, 0x0000, 0x0000, 0x0000, 0x0000,
  0x0000, 0x0000, 0x0000, 0x0000, 0x0000, 0x0000, 0x0000, 0x0000,
  0x0000, 0x0000, 0x0000, 0x0000, 0x0000, 0x0000, 0x0000, 0x0000,
  0x0000, 0x0000, 0x0000, 0x0000, 0x0000, 0x0000, 0x0000, 0x0000,
  0x0000, 0x0000, 0x0000, 0x0000, 0x0000, 0x0000, 0x0000, 0x0000,
  0x0000, 0x0000, 0x0000, 0x0000, 0x0000, 0x0000, 0x0000, 0x0000,
  0x0000, 0x0000, 0x0000, 0x0000, 0x0000, 0x0000, 0x0000, 0x0000,
  0x0000, 0x0000, 0x0000, 0x0000, 0x0000, 0x0000, 0x0000, 0x0000,
  0x0000, 0x0000, 0x1040, 0x5140, 0x8a20, 0xc300, 0xfbc0, 0xfbc0,
  0xfba0, 0xfba0, 0xfb80, 0xfb80, 0xfb60, 0xfb40, 0xfb40, 0xfb20,
  0xfb20, 0xfb00, 0xfae0, 0xfae0, 0xfac0, 0xfaa0, 0xfaa0, 0xfa80,
  0xfa60, 0xfa60, 0xfa40, 0xfa40, 0xfa20, 0xfa00, 0xfa00, 0xf9e0,
  0xf9e0, 0xf9c0, 0xf9a0, 0x2020, 0x4860, 0xf980, 0xa8e0, 0x0000,
  0xc0e0, 0xf920, 0xf900, 0xf900, 0xb0a0, 0x3820, 0x0000, 0x0000,
  0x0000, 0x0000, 0x0000, 0x0000, 0x0000, 0x0000, 0x0000, 0x0000,
  0x0000, 0x0000, 0x0000, 0x0000, 0x0000, 0x0000, 0x0000, 0x0000,
  0x0000, 0x0000, 0x0000, 0x0000, 0x0000, 0x0000, 0x0000, 0x0000,
  0x0000, 0x0000, 0x0000, 0x0000, 0x0000, 0x0000, 0x0000, 0x0000,
  0x0000, 0x0000, 0x0000, 0x0000, 0x0000, 0x0000, 0x0000, 0x0000,
  0x0000, 0x0000, 0x0000, 0x0000, 0x0000, 0x0000, 0x0000, 0x0000,
  0x0000, 0x0000, 0x0000, 0x0000, 0x0000, 0x0000, 0x0000, 0x0000,
  0x0000, 0x0000, 0x0000, 0x0000, 0x0000, 0x0000, 0x0000, 0x0000,
  0x01e0, 0x1700, 0x17c0, 0x17c0, 0x1fc0, 0x1fc0, 0x27c0, 0x27c0,
  0x27c0, 0x2fc0, 0x2fc0, 0x2fc0, 0x37c0, 0x37c0, 0x37c0, 0x3fc0,
  0x3fc0, 0x3fc0, 0x47c0, 0x47c0, 0x4fc0, 0x4fc0, 0x4fc0, 0x57c0,
  0x57c0, 0x57c0, 0x5fc0, 0x5fc0, 0x5fc0, 0x67c0, 0x67c0, 0x6fc0,
  0x6fc0, 0x6fc0, 0x77c0, 0x77c0, 0x77c0, 0x7fc0, 0x6ea0, 0x3300,
  0x08c0, 0x0020, 0x0000, 0x0000, 0x0000, 0x0000, 0x0000, 0x0000,
  0x0000, 0x0000, 0x0000, 0x0000, 0x0000, 0x0000, 0x0000, 0x0000,
  0x0000, 0xc000, 0xf000, 0x0000, 0x0000, 0x0000, 0x0000, 0x0000,
  0x0000, 0x0000, 0x0000, 0x0000, 0x0000, 0x0000, 0x0000, 0x0000,
  0x0000, 0x0000, 0x0000, 0x0000, 0x0000, 0x0000, 0x0000, 0x0000,
  0x0000, 0x0000, 0x0000, 0x0000, 0x0000, 0x0000, 0x0000, 0x0000,
  0x0000, 0x0000, 0x0000, 0x0000, 0x0000, 0x0000, 0x0000, 0x0000,
  0x0000, 0x0000, 0x0000, 0x0000, 0x0000, 0x0000, 0x0000, 0x0000,
  0x0000, 0x0000, 0x0000, 0x0000, 0x0000, 0x0000, 0x0000, 0x0000,
  0x0000, 0x0000, 0x0000, 0x0000, 0x0000, 0x0000, 0x0000, 0x0000,
  0x0000, 0x0000, 0x0000, 0x0000, 0x0000, 0x0000, 0x0000, 0x0000,
  0x0000, 0x0000, 0x0000, 0x0000, 0x0000, 0x0000, 0x0000, 0x1040,
  0x30c0, 0x9a40, 0xfb80, 0xfb80, 0xfb60, 0xfb40, 0xfb40, 0xfb20,
  0xfb20, 0xfb00, 0xfae0, 0xfae0, 0xfac0, 0xfaa0, 0xfaa0, 0xfa80,
  0xfa60, 0xfa60, 0xfa40, 0xfa40, 0xfa20, 0xfa00, 0xfa00, 0xf9e0,
  0xf9e0, 0xf9c0, 0xf1a0, 0x0000, 0xe160, 0xf980, 0x3040, 0x0000,
  0x80a0, 0xf920, 0xf900, 0xf900, 0x6860, 0xf0c0, 0xe8c0, 0x9860,
  0x0000, 0x0000, 0x0000, 0x0000, 0x0000, 0x0000, 0x0000, 0x0000,
  0x0000, 0x0000, 0x0000, 0x0000, 0x0000, 0x0000, 0x0000, 0x0000,
  0x0000, 0x0000, 0x0000, 0x0000, 0x0000, 0x0000, 0x0000, 0x0000,
  0x0000, 0x0000, 0x0000, 0x0000, 0x0000, 0x0000, 0x0000, 0x0000,
  0x0000, 0x0000, 0x0000, 0x0000, 0x0000, 0x0000, 0x0000, 0x0000,
  0x0000, 0x0000, 0x0000, 0x0000, 0x0000, 0x0000, 0x0000, 0x0000,
  0x0000, 0x0000, 0x0000, 0x0000, 0x0000, 0x0000, 0x0000, 0x0000,
  0x0000, 0x0000, 0x0000, 0x0000, 0x0000, 0x00e0, 0x04a0, 0x0fc0,
  0x0fc0, 0x17a0, 0x17c0, 0x17c0, 0x1fc0, 0x1fc0, 0x27c0, 0x27c0,
  0x27c0, 0x2fc0, 0x2fc0, 0x2fc0, 0x37c0, 0x37c0, 0x37c0, 0x3fc0,
  0x3fc0, 0x3fc0, 0x47c0, 0x47c0, 0x4fc0, 0x4fc0, 0x4fc0, 0x57c0,
  0x57c0, 0x57c0, 0x5fc0, 0x5fc0, 0x5fc0, 0x67c0, 0x67c0, 0x6fc0,
  0x6fc0, 0x6700, 0x4d60, 0x2260, 0x0000, 0x0000, 0x0000, 0x0000,
  0x0000, 0x0000, 0x0000, 0x0000, 0x0000, 0x0000, 0x0000, 0x0000,
  0x0000, 0x0000, 0x0000, 0x0000, 0x0000, 0x0000, 0x0000, 0x0000,
  0x0000, 0x2800, 0x1000, 0x0000, 0x0000, 0x0000, 0x0000, 0x0000,
  0x0000, 0x0000, 0x0000, 0x0000, 0x0000, 0x0000, 0x0000, 0x0000,
  0x0000, 0x0000, 0x0000, 0x0000, 0x0000, 0x0000, 0x0000, 0x0000,
  0x0000, 0x0000, 0x0000, 0x0000, 0x0000, 0x0000, 0x0000, 0x0000,
  0x0000, 0x0000, 0x0000, 0x0000, 0x0000, 0x0000, 0x0000, 0x0000,
  0x0000, 0x0000, 0x0000, 0x0000, 0x0000, 0x0000, 0x0000, 0x0000,
  0x0000, 0x0000, 0x0000, 0x0000, 0x0000, 0x0000, 0x0000, 0x0000,
  0x0000, 0x0000, 0x0000, 0x0000, 0x0000, 0x0000, 0x0000, 0x0000,
  0x0000, 0x0000, 0x0000, 0x0000, 0x0000, 0x0000, 0x0000, 0x0000,
  0x0000, 0x0000, 0x0000, 0x0000, 0x0000, 0x0000, 0x0000, 0x0000,
  0x0000, 0x0000, 0x0000, 0x0000, 0x30a0, 0x91e0, 0xcaa0, 0xfb20,
  0xfb20, 0xfb00, 0xfae0, 0xfae0, 0xfac0, 0xfaa0, 0xfaa0, 0xfa80,
  0xfa60, 0xfa60, 0xfa40, 0xfa40, 0xfa20, 0xfa00, 0xfa00, 0xf9e0,
  0xf9e0, 0xf9c0, 0x4880, 0x2020, 0xf980, 0xe140, 0x0000, 0x88c0,
  0x2820, 0xf920, 0xf900, 0xf900, 0x0000, 0xc8a0, 0xf8c0, 0xb080,
  0xf0a0, 0xd060, 0x3820, 0x0000, 0x0000, 0x0000, 0x0000, 0x0000,
  0x0000, 0x0000, 0x0000, 0x0000, 0x0000, 0x0000, 0x0000, 0x0000,
  0x0000, 0x0000, 0x0000, 0x0000, 0x0000, 0x0000, 0x0000, 0x0000,
  0x0000, 0x0000, 0x0000, 0x0000, 0x0000, 0x0000, 0x0000, 0x0000,
  0x0000, 0x0000, 0x0000, 0x0000, 0x0000, 0x0000, 0x0000, 0x0000,
  0x0000, 0x0000, 0x0000, 0x0000, 0x0000, 0x0000, 0x0000, 0x0000,
  0x0000, 0x0000, 0x0000, 0x0000, 0x0000, 0x0000, 0x0000, 0x0000,
  0x0000, 0x0000, 0x0000, 0x0200, 0x0640, 0x07c0, 0x0fc0, 0x0fc0,
  0x0220, 0x02c0, 0x17c0, 0x17c0, 0x1fc0, 0x1fc0, 0x27c0, 0x27c0,
  0x27c0, 0x2fc0, 0x2fc0, 0x2fc0, 0x37c0, 0x37c0, 0x37c0, 0x3fc0,
  0x3fc0, 0x3fc0, 0x47c0, 0x47c0, 0x4fc0, 0x4fc0, 0x4fc0, 0x57c0,
  0x57c0, 0x57c0, 0x5fc0, 0x5fc0, 0x5fc0, 0x67a0, 0x3cc0, 0x1a00,
  0x0880, 0x0000, 0x0000, 0x0000, 0x0000, 0x0000, 0x0000, 0x0000,
  0x0000, 0x0000, 0x0000, 0x0000, 0x0000, 0x0000, 0x0000, 0x0000,
  0x0000, 0x0000, 0x0000, 0x0000, 0x0000, 0x0000, 0x0000, 0x0000,
  0x0000, 0x0000, 0x0000, 0x0000, 0x0000, 0x0000, 0x0000, 0x0000,
  0x0000, 0x0000, 0x0000, 0x0000, 0x0000, 0x0000, 0x0000, 0x0000,
  0x0000, 0x0000, 0x0000, 0x0000, 0x0000, 0x0000, 0x0000, 0x0000,
  0x0000, 0x0000, 0x0000, 0x0000, 0x0000, 0x0000, 0x0000, 0x0000,
  0x0000, 0x0000, 0x0000, 0x0000, 0x0000, 0x0000, 0x0000, 0x0000,
  0x0000, 0x0000, 0x0000, 0x0000, 0x0000, 0x0000, 0x0000, 0x0000,
  0x0000, 0x0000, 0x0000, 0x0000, 0x0000, 0x0000, 0x0000, 0x0000,
  0x0000, 0x0000, 0x0000, 0x0000, 0x0000, 0x0000, 0x0000, 0x0000,
  0x0000, 0x0000, 0x0000, 0x0000, 0x0000, 0x0000, 0x0000, 0x0000,
  0x0000, 0x0000, 0x0000, 0x0000, 0x0000, 0x0000, 0x0000, 0x0000,
  0x0000, 0x0000, 0x0000, 0x0000, 0x0000, 0x0000, 0x0000, 0x0000,
  0x3080, 0x7960, 0xeaa0, 0xfae0, 0xfac0, 0xfaa0, 0xfaa0, 0xfa80,
  0xfa60, 0xfa60, 0xfa40, 0xfa40, 0xfa20, 0xfa00, 0xfa00, 0xf9e0,
  0xf9e0, 0xf9c0, 0x0000, 0x90e0, 0xf980, 0x78a0, 0x2820, 0xe940,
  0x0000, 0xf920, 0xf900, 0x8080, 0x1000, 0xf8e0, 0xb880, 0x0000,
  0x0800, 0x5820, 0xe060, 0xe860, 0x8020, 0x0000, 0x0000, 0x0000,
  0x0000, 0x0000, 0x0000, 0x0000, 0x0000, 0x0000, 0x0000, 0x0000,
  0x0000, 0x0000, 0x0000, 0x0000, 0x0000, 0x0000, 0x0000, 0x0000,
  0x0000, 0x0000, 0x0000, 0x0000, 0x0000, 0x0000, 0x0000, 0x0000,
  0x0000, 0x0000, 0x0000, 0x0000, 0x0000, 0x0000, 0x0000, 0x0000,
  0x0000, 0x0000, 0x0000, 0x0000, 0x0000, 0x0000, 0x0000, 0x0000,
  0x0000, 0x0000, 0x0000, 0x0000, 0x0000, 0x0000, 0x0000, 0x0000,
  0x0000, 0x0360, 0x07c0, 0x07c0, 0x07c0, 0x07c0, 0x0fc0, 0x0ea0,
  0x0020, 0x0000, 0x17c0, 0x17c0, 0x1fc0, 0x1fc0, 0x27c0, 0x27c0,
  0x27c0, 0x2fc0, 0x2fc0, 0x2fc0, 0x37c0, 0x37c0, 0x37c0, 0x3fc0,
  0x3fc0, 0x3fc0, 0x47c0, 0x47c0, 0x4fc0, 0x4fc0, 0x4fc0, 0x57c0,
  0x57c0, 0x5780, 0x4ec0, 0x2320, 0x0000, 0x0000, 0x0000, 0x0000,
  0x0000, 0x0000, 0x0000, 0x0000, 0x0000, 0x0000, 0x0000, 0x0000,
  0x0000, 0x0000, 0x0000, 0x0000, 0x0000, 0x0000, 0x0000, 0x0000,
  0x0000, 0x0000, 0x0000, 0x0000, 0x0000, 0x0000, 0x0000, 0x0000,
  0x0000, 0x0000, 0x0000, 0x0000, 0x0000, 0x0000, 0x0000, 0x0000,
  0x0000, 0x0000, 0x0000, 0x0000, 0x0000, 0x0000, 0x0000, 0x0000,
  0x0000, 0x0000, 0x0000, 0x0000, 0x0000, 0x0000, 0x0000, 0x0000,
  0x0000, 0x0000, 0x0000, 0x0000, 0x0000, 0x0000, 0x0000, 0x0000,
  0x0000, 0x0000, 0x0000, 0x0000, 0x0000, 0x0000, 0x0000, 0x0000,
  0x0000, 0x0000, 0x0000, 0x0000, 0x0000, 0x0000, 0x0000, 0x0000,
  0x0000, 0x0000, 0x0000, 0x0000, 0x0000, 0x0000, 0x0000, 0x0000,
  0x0000, 0x0000, 0x0000, 0x0000, 0x0000, 0x0000, 0x0000, 0x0000,
  0x0000, 0x0000, 0x0000, 0x0000, 0x0000, 0x0000, 0x0000, 0x0000,
  0x0000, 0x0000, 0x0000, 0x0000, 0x0000, 0x0000, 0x0000, 0x0000,
  0x0000, 0x0000, 0x0000, 0x0000, 0x0000, 0x0000, 0x0000, 0x0000,
  0x0000, 0x0000, 0x0000, 0x0000, 0x2860, 0xb1e0, 0xea60, 0xfa80,
  0xfa60, 0xfa60, 0xfa40, 0xfa40, 0xfa20, 0xfa00, 0xfa00, 0xf9e0,
  0xf9e0, 0x9100, 0x0000, 0xf9a0, 0xf980, 0x0800, 0xb900, 0xf940,
  0x0800, 0xe900, 0xf900, 0x1800, 0x9080, 0xf8e0, 0x1800, 0x3020,
  0xf0a0, 0x4820, 0x0800, 0x4020, 0xf860, 0xf860, 0x0000, 0x0000,
  0x0000, 0x0000, 0x0000, 0x0000, 0x0000, 0x0000, 0x0000, 0x0000,
  0x0000, 0x0000, 0x0000, 0x0000, 0x0000, 0x0000, 0x0000, 0x0000,
  0x0000, 0x0000, 0x0000, 0x0000, 0x0000, 0x0000, 0x0000, 0x0000,
  0x0000, 0x0000, 0x0000, 0x0000, 0x0000, 0x0000, 0x0000, 0x0000,
  0x0000, 0x0000, 0x0000, 0x0000, 0x0000, 0x0000, 0x0000, 0x0000,
  0x0000, 0x0000, 0x0000, 0x0000, 0x0000, 0x0000, 0x0000, 0x0000,
  0x0000, 0x0620, 0x07c0, 0x07c0, 0x07c0, 0x07c0, 0x0fc0, 0x0160,
  0x0400, 0x0000, 0x0d60, 0x17c0, 0x1fc0, 0x1fc0, 0x27c0, 0x27c0,
  0x27c0, 0x2fc0, 0x2fc0, 0x2fc0, 0x37c0, 0x37c0, 0x37c0, 0x3fc0,
  0x3fc0, 0x3fc0, 0x47c0, 0x47c0, 0x4fc0, 0x4fc0, 0x4f60, 0x34c0,
  0x11c0, 0x0000, 0x0000, 0x0000, 0x0000, 0x0000, 0x0000, 0x0000,
  0x0000, 0x0000, 0x0000, 0x0000, 0x0000, 0x0000, 0x0000, 0x0000,
  0x0000, 0x0000, 0x0000, 0x0000, 0x0000, 0x0000, 0x0000, 0x0000,
  0x0000, 0x0000, 0x0000, 0x0000, 0x0000, 0x0000, 0x0000, 0x0000,
  0x0000, 0x0000, 0x0000, 0x0000, 0x0000, 0x0000, 0x0000, 0x0000,
  0x0000, 0x0000, 0x0000, 0x0000, 0x0000, 0x0000, 0x0000, 0x0000,
  0x0000, 0x0000, 0x0000, 0x0000, 0x0000, 0x0000, 0x0000, 0x0000,
  0x0000, 0x0000, 0x0000, 0x0000, 0x0000, 0x0000, 0x0000, 0x0000,
  0x0000, 0x0000, 0x0000, 0x0000, 0x0000, 0x0000, 0x0000, 0x0000,
  0x0000, 0x0000, 0x0000, 0x0000, 0x0000, 0x0000, 0x0000, 0x0000,
  0x0000, 0x0000, 0x0000, 0x0000, 0x0000, 0x0000, 0x0000, 0x0000,
  0x0000, 0x0000, 0x0000, 0x0000, 0x0000, 0x0000, 0x0000, 0x0000,
  0x0000, 0x0000, 0x0000, 0x0000, 0x0000, 0x0000, 0x0000, 0x0000,
  0x0000, 0x0000, 0x0000, 0x0000, 0x0000, 0x0000, 0x0000, 0x0000,
  0x0000, 0x0000, 0x0000, 0x0000, 0x0000, 0x0000, 0x0000, 0x0000,
  0x0000, 0x0000, 0x0000, 0x0000, 0x0000, 0x0000, 0x0000, 0x1840,
  0x7120, 0xc9e0, 0xfa40, 0xfa40, 0xfa20, 0xfa00, 0xfa00, 0xf9e0,
  0xf9e0, 0x2040, 0x3060, 0xf9a0, 0xc940, 0x0800, 0xf960, 0xf940,
  0x4040, 0x6060, 0xc8e0, 0x0000, 0xf8e0, 0xe0c0, 0x0000, 0xb880,
  0xf8a0, 0xf880, 0xf880, 0xf060, 0xf860, 0x5820, 0x0000, 0x0000,
  0x0000, 0x0000, 0x0000, 0x0000, 0x0000, 0x0000, 0x0000, 0x0000,
  0x0000, 0x0000, 0x0000, 0x0000, 0x0000, 0x0000, 0x0000, 0x0000,
  0x0000, 0x0000, 0x0000, 0x0000, 0x0000, 0x0000, 0x0000, 0x0000,
  0x0000, 0x0000, 0x0000, 0x0000, 0x0000, 0x0000, 0x0000, 0x0000,
  0x0000, 0x0000, 0x0000, 0x0000, 0x0000, 0x0000, 0x0000, 0x0000,
  0x0000, 0x0000, 0x0000, 0x0000, 0x0000, 0x0000, 0x0000, 0x0000,
  0x0000, 0x00e0, 0x07c0, 0x07c0, 0x07c0, 0x07c0, 0x0fc0, 0x01e0,
  0x0fa0, 0x0220, 0x01a0, 0x17c0, 0x1fc0, 0x1fc0, 0x27c0, 0x27c0,
  0x27c0, 0x2fc0, 0x2fc0, 0x2fc0, 0x37c0, 0x37c0, 0x37c0, 0x3fc0,
  0x3fc0, 0x3fc0, 0x47c0, 0x4780, 0x1b20, 0x0040, 0x0000, 0x0000,
  0x0000, 0x0000, 0x0000, 0x0000, 0x0000, 0x0000, 0x0000, 0x0000,
  0x0000, 0x0000, 0x0000, 0x0000, 0x0000, 0x0000, 0x0000, 0x0000,
  0x0000, 0x0000, 0x0000, 0x0000, 0x0000, 0x0000, 0x0000, 0x0000,
  0x0000, 0x0000, 0x0000, 0x0000, 0x0000, 0x0000, 0x0000, 0x0000,
  0x0000, 0x0000, 0x0000, 0x0000, 0x0000, 0x0000, 0x0000, 0x0000,
  0x0000, 0x0000, 0x0000, 0x0000, 0x0000, 0x0000, 0x0000, 0x0000,
  0x0000, 0x0000, 0x0000, 0x0000, 0x0000, 0x0000, 0x0000, 0x0000,
  0x0000, 0x0000, 0x0000, 0x0000, 0x0000, 0x0000, 0x0000, 0x0000,
  0x0000, 0x0000, 0x0000, 0x0000, 0x0000, 0x0000, 0x0000, 0x0000,
  0x0000, 0x0000, 0x0000, 0x0000, 0x0000, 0x0000, 0x0000, 0x0000,
  0x0000, 0x0000, 0x0000, 0x0000, 0x0000, 0x0000, 0x0000, 0x0000,
  0x0000, 0x0000, 0x0000, 0x0000, 0x0000, 0x0000, 0x0000, 0x0000,
  0x0000, 0x0000, 0x0000, 0x0000, 0x0000, 0x0000, 0x0000, 0x0000,
  0x0000, 0x0000, 0x0000, 0x0000, 0x0000, 0x0000, 0x0000, 0x0000,
  0x0000, 0x0000, 0x0000, 0x0000, 0x0000, 0x0000, 0x0000, 0x0000,
  0x0000, 0x0000, 0x0000, 0x0000, 0x0000, 0x0000, 0x0000, 0x0000,
  0x0000, 0x0000, 0x0000, 0x2840, 0xd1c0, 0xfa00, 0xfa00, 0xf9e0,
  0xf9e0, 0x9900, 0xf1a0, 0xf9a0, 0x2840, 0x6080, 0xf960, 0xf940,
  0x98c0, 0x0800, 0x4040, 0x4840, 0xf8e0, 0x7860, 0x0000, 0xf8a0,
  0xf8a0, 0xf880, 0xf880, 0xf860, 0xf860, 0x0000, 0x0000, 0x0000,
  0x0000, 0x0000, 0x0000, 0x0000, 0x0000, 0x0000, 0x0000, 0x0000,
  0x0000, 0x0000, 0x0000, 0x0000, 0x0000, 0x0000, 0x0000, 0x0000,
  0x0000, 0x0000, 0x0000, 0x0000, 0x0000, 0x0000, 0x0000, 0x0000,
  0x0000, 0x0000, 0x0000, 0x0000, 0x0000, 0x0000, 0x0000, 0x0000,
  0x0000, 0x0000, 0x0000, 0x0000, 0x0000, 0x0000, 0x0000, 0x0000,
  0x0000, 0x0000, 0x0000, 0x0000, 0x0000, 0x0000, 0x0000, 0x0000,
  0x0000, 0x0000, 0x0760, 0x07c0, 0x07c0, 0x07c0, 0x0fc0, 0x0fc0,
  0x0fc0, 0x17a0, 0x0000, 0x1720, 0x1fc0, 0x1fc0, 0x27c0, 0x27c0,
  0x27c0, 0x2fc0, 0x2fc0, 0x2fc0, 0x37c0, 0x37c0, 0x37c0, 0x3fc0,
  0x3680, 0x23c0, 0x0020, 0x0000, 0x0000, 0x0000, 0x0000, 0x0000,
  0x0000, 0x0000, 0x0000, 0x0000, 0x0000, 0x0000, 0x0000, 0x0000,
  0x0000, 0x0000, 0x0000, 0x0000, 0x0000, 0x0000, 0x0000, 0x0000,
  0x0000, 0x0000, 0x0000, 0x0000, 0x0000, 0x0000, 0x0000, 0x0000,
  0x0000, 0x0000, 0x0000, 0x0000, 0x0000, 0x0000, 0x0000, 0x0000,
  0x0000, 0x0000, 0x0000, 0x0000, 0x0000, 0x0000, 0x0000, 0x0000,
  0x0000, 0x0000, 0x0000, 0x0000, 0x0000, 0x0000, 0x0000, 0x0000,
  0x0000, 0x0000, 0x0000, 0x0000, 0x0000, 0x0000, 0x0000, 0x0000,
  0x0000, 0x0000, 0x0000, 0x0000, 0x0000, 0x0000, 0x0000, 0x0000,
  0x0000, 0x0000, 0x0000, 0x0000, 0x0000, 0x0000, 0x0000, 0x0000,
  0x0000, 0x0000, 0x0000, 0x0000, 0x0000, 0x0000, 0x0000, 0x0000,
  0x0000, 0x0000, 0x0000, 0x0000, 0x0000, 0x0000, 0x0000, 0x0000,
  0x0000, 0x0000, 0x0000, 0x0000, 0x0000, 0x0000, 0x0000, 0x0000,
  0x0000, 0x0000, 0x0000, 0x0000, 0x0000, 0x0000, 0x0000, 0x0000,
  0x0000, 0x0000, 0x0000, 0x0000, 0x0000, 0x0000, 0x0000, 0x0000,
  0x0000, 0x0000, 0x0000, 0x0000, 0x0000, 0x0000, 0x0000, 0x0000,
  0x0000, 0x0000, 0x0000, 0x0000, 0x0000, 0x0000, 0x0000, 0x0000,
  0x0000, 0x0000, 0x0000, 0x0000, 0x0000, 0x0000, 0x4080, 0xb960,
  0xf1c0, 0xf9c0, 0xf9a0, 0xf9a0, 0x5080, 0xe960, 0xf960, 0xf940,
  0xe120, 0x0000, 0x0000, 0xc8c0, 0xf8e0, 0x1000, 0x3020, 0x0800,
  0x2000, 0xb860, 0xf880, 0xf860, 0xa040, 0x0000, 0x0000, 0x0000,
  0x0000, 0x0000, 0x0000, 0x0000, 0x0000, 0x0000, 0x0000, 0x0000,
  0x0000, 0x0000, 0x0000, 0x0000, 0x0000, 0x0000, 0x0000, 0x0000,
  0x0000, 0x0000, 0x0000, 0x0000, 0x0000, 0x0000, 0x0000, 0x0000,
  0x0000, 0x0000, 0x0000, 0x0000, 0x0000, 0x0000, 0x0000, 0x0000,
  0x0000, 0x0000, 0x0000, 0x0000, 0x0000, 0x0000, 0x0000, 0x0000,
  0x0000, 0x0000, 0x0000, 0x0000, 0x0000, 0x0000, 0x0000, 0x0000,
  0x0000, 0x0000, 0x0220, 0x07c0, 0x07c0, 0x07c0, 0x0fc0, 0x0fc0,
  0x0fc0, 0x17c0, 0x00e0, 0x0bc0, 0x1fc0, 0x1fc0, 0x27c0, 0x27c0,
  0x27c0, 0x2fc0, 0x2fc0, 0x2fc0, 0x37c0, 0x2ee0, 0x1280, 0x0080,
  0x0000, 0x0000, 0x0000, 0x0000, 0x0000, 0x0000, 0x0000, 0x0000,
  0x0000, 0x0000, 0x0000, 0x0000, 0x0000, 0x0000, 0x0000, 0x0000,
  0x0000, 0x0000, 0x0000, 0x0000, 0x0000, 0x0000, 0x0000, 0x0000,
  0x0000, 0x0000, 0x0000, 0x0000, 0x0000, 0x0000, 0x0000, 0x0000,
  0x0000, 0x0000, 0x0000, 0x0000, 0x0000, 0x0000, 0x0000, 0x0000,
  0x0000, 0x0000, 0x0000, 0x0000, 0x0000, 0x0000, 0x0000, 0x0000,
  0x0000, 0x0000, 0x0000, 0x0000, 0x0000, 0x0000, 0x0000, 0x0000,
  0x0000, 0x0000, 0x0000, 0x0000, 0x0000, 0x0000, 0x0000, 0x0000,
  0x0000, 0x0000, 0x0000, 0x0000, 0x0000, 0x0000, 0x0000, 0x0000,
  0x0000, 0x0000, 0x0000, 0x0000, 0x0000, 0x0000, 0x0000, 0x0000,
  0x0000, 0x0000, 0x0000, 0x0000, 0x0000, 0x0000, 0x0000, 0x0000,
  0x0000, 0x0000, 0x0000, 0x0000, 0x0000, 0x0000, 0x0000, 0x0000,
  0x0000, 0x0000, 0x0000, 0x0000, 0x0000, 0x0000, 0x0000, 0x0000,
  0x0000, 0x0000, 0x0000, 0x0000, 0x0000, 0x0000, 0x0000, 0x0000,
  0x0000, 0x0000, 0x0000, 0x0000, 0x0000, 0x0000, 0x0000, 0x0000,
  0x0000, 0x0000, 0x0000, 0x0000, 0x0000, 0x0000, 0x0000, 0x0000,
  0x0000, 0x0000, 0x0000, 0x0000, 0x0000, 0x0000, 0x0000, 0x0000,
  0x0000, 0x0000, 0x0000, 0x0000, 0x0000, 0x0000, 0x0000, 0x0000,
  0x0000, 0x3040, 0xb120, 0xf9a0, 0xf980, 0xf980, 0xf960, 0xf940,
  0xf940, 0x0800, 0x1800, 0xf900, 0xd0c0, 0x0000, 0xf0c0, 0xf0a0,
  0xb060, 0x8840, 0xf880, 0xf860, 0x1000, 0x0000, 0x0000, 0x0000,
  0x0000, 0x0000, 0x0000, 0x0000, 0x0000, 0x0000, 0x0000, 0x0000,
  0x0000, 0x0000, 0x0000, 0x0000, 0x0000, 0x0000, 0x0000, 0x0000,
  0x0000, 0x0000, 0x0000, 0x0000, 0x0000, 0x0000, 0x0000, 0x0000,
  0x0000, 0x0000, 0x0000, 0x0000, 0x0000, 0x0000, 0x0000, 0x0000,
  0x0000, 0x0000, 0x0000, 0x0000, 0x0000, 0x0000, 0x0000, 0x0000,
  0x0000, 0x0000, 0x0000, 0x0000, 0x0000, 0x0000, 0x0000, 0x0000,
  0x0000, 0x0000, 0x0020, 0x0780, 0x07c0, 0x07c0, 0x0fc0, 0x0fc0,
  0x0fc0, 0x17c0, 0x0cc0, 0x0020, 0x1f80, 0x1660, 0x27c0, 0x27c0,
  0x27c0, 0x2fc0, 0x2f40, 0x1c60, 0x0000, 0x0000, 0x0000, 0x0000,
  0x0000, 0x0000, 0x0000, 0x0000, 0x0000, 0x0000, 0x0000, 0x0000,
  0x0000, 0x0000, 0x0000, 0x0000, 0x0000, 0x0000, 0x0000, 0x0000,
  0x0000, 0x0000, 0x0000, 0x0000, 0x0000, 0x0000, 0x0000, 0x0000,
  0x0000, 0x0000, 0x0000, 0x0000, 0x0000, 0x0000, 0x0000, 0x0000,
  0x0000, 0x0000, 0x0000, 0x0000, 0x0000, 0x0000, 0x0000, 0x0000,
  0x0000, 0x0000, 0x0000, 0x0000, 0x0000, 0x0000, 0x0000, 0x0000,
  0x0000, 0x0000, 0x0000, 0x0000, 0x0000, 0x0000, 0x0000, 0x0000,
  0x0000, 0x0000, 0x0000, 0x0000, 0x0000, 0x0000, 0x0000, 0x0000,
  0x0000, 0x0000, 0x0000, 0x0000, 0x0000, 0x0000, 0x0000, 0x0000,
  0x0000, 0x0000, 0x0000, 0x0000, 0x0000, 0x0000, 0x0000, 0x0000,
  0x0000, 0x0000, 0x0000, 0x0000, 0x0000, 0x0000, 0x0000, 0x0000,
  0x0000, 0x0000, 0x0000, 0x0000, 0x0000, 0x0000, 0x0000, 0x0000,
  0x0000, 0x0000, 0x0000, 0x0000, 0x0000, 0x0000, 0x0000, 0x0000,
  0x0000, 0x0000, 0x0000, 0x0000, 0x0000, 0x0000, 0x0000, 0x0000,
  0x0000, 0x0000, 0x0000, 0x0000, 0x0000, 0x0000, 0x0000, 0x0000,
  0x0000, 0x0000, 0x0000, 0x0000, 0x0000, 0x0000, 0x0000, 0x0000,
  0x0000, 0x0000, 0x0000, 0x0000, 0x0000, 0x0000, 0x0000, 0x0000,
  0x0000, 0x0000, 0x0000, 0x0000, 0x0000, 0x0000, 0x0000, 0x0000,
  0x0000, 0x0000, 0x0000, 0x0000, 0x3840, 0xd940, 0xf960, 0xf940,
  0xf940, 0x6060, 0x8880, 0xf900, 0x2820, 0x3020, 0xf8c0, 0xf8a0,
  0xf8a0, 0xf880, 0xf880, 0xe860, 0x0000, 0x0000, 0x0000, 0x0000,
  0x0000, 0x0000, 0x0000, 0x0000, 0x0000, 0x0000, 0x0000, 0x0000,
  0x0000, 0x0000, 0x0000, 0x0000, 0x0000, 0x0000, 0x0000, 0x0000,
  0x0000, 0x0000, 0x0000, 0x0000, 0x0000, 0x0000, 0x0000, 0x0000,
  0x0000, 0x0000, 0x0000, 0x0000, 0x0000, 0x0000, 0x0000, 0x0000,
  0x0000, 0x0000, 0x0000, 0x0000, 0x0000, 0x0000, 0x0000, 0x0000,
  0x0000, 0x0000, 0x0000, 0x0000, 0x0000, 0x0000, 0x0000, 0x0000,
  0x0000, 0x0000, 0x0000, 0x0440, 0x07c0, 0x07c0, 0x0fc0, 0x0fc0,
  0x0fc0, 0x17c0, 0x0da0, 0x0020, 0x0040, 0x0a80, 0x27c0, 0x27a0,
  0x14a0, 0x0140, 0x0000, 0x0000, 0x0000, 0x0000, 0x0000, 0x0000,
  0x0000, 0x0000, 0x0000, 0x0000, 0x0000, 0x0000, 0x0000, 0x0000,
  0x0000, 0x0000, 0x0000, 0x0000, 0x0000, 0x0000, 0x0000, 0x0000,
  0x0000, 0x0000, 0x0000, 0x0000, 0x0000, 0x0000, 0x0000, 0x0000,
  0x0000, 0x0000, 0x0000, 0x0000, 0x0000, 0x0000, 0x0000, 0x0000,
  0x0000, 0x0000, 0x0000, 0x0000, 0x0000, 0x0000, 0x0000, 0x0000,
  0x0000, 0x0000, 0x0000, 0x0000, 0x0000, 0x0000, 0x0000, 0x0000,
  0x0000, 0x0000, 0x0000, 0x0000, 0x0000, 0x0000, 0x0000, 0x0000,
  0x0000, 0x0000, 0x0000, 0x0000, 0x0000, 0x0000, 0x0000, 0x0000,
  0x0000, 0x0000, 0x0000, 0x0000, 0x0000, 0x0000, 0x0000, 0x0000,
  0x0000, 0x0000, 0x0000, 0x0000, 0x0000, 0x0000, 0x0000, 0x0000,
  0x0000, 0x0000, 0x0000, 0x0000, 0x0000, 0x0000, 0x0000, 0x0000,
  0x0000, 0x0000, 0x0000, 0x0000, 0x0000, 0x0000, 0x0000, 0x0000,
  0x0000, 0x0000, 0x0000, 0x0000, 0x0000, 0x0000, 0x0000, 0x0000,
  0x0000, 0x0000, 0x0000, 0x0000, 0x0000, 0x0000, 0x0000, 0x0000,
  0x0000, 0x0000, 0x0000, 0x0000, 0x0000, 0x0000, 0x0000, 0x0000,
  0x0000, 0x0000, 0x0000, 0x0000, 0x0000, 0x0000, 0x0000, 0x0000,
  0x0000, 0x0000, 0x0000, 0x0000, 0x0000, 0x0000, 0x0000, 0x0000,
  0x0000, 0x0000, 0x0000, 0x0000, 0x0000, 0x0000, 0x0000, 0x0000,
  0x0000, 0x0000, 0x0000, 0x0000, 0x0000, 0x0000, 0x0800, 0x7080,
  0xe120, 0xf920, 0xf900, 0xf900, 0x2820, 0xa880, 0xf8c0, 0xf8a0,
  0xf8a0, 0xf880, 0xf880, 0x2800, 0x0000, 0x0000, 0x0000, 0x0000,
  0x0000, 0x0000, 0x0000, 0x0000, 0x0000, 0x0000, 0x0000, 0x0000,
  0x0000, 0x0000, 0x0000, 0x0000, 0x0000, 0x0000, 0x0000, 0x0000,
  0x0000, 0x0000, 0x0000, 0x0000, 0x0000, 0x0000, 0x0000, 0x0000,
  0x0000, 0x0000, 0x0000, 0x0000, 0x0000, 0x0000, 0x0000, 0x0000,
  0x0000, 0x0000, 0x0000, 0x0000, 0x0000, 0x0000, 0x0000, 0x0000,
  0x0000, 0x0000, 0x0000, 0x0000, 0x0000, 0x0000, 0x0000, 0x0000,
  0x0000, 0x0000, 0x0000, 0x0020, 0x07c0, 0x07c0, 0x0fc0, 0x0fc0,
  0x0fc0, 0x02c0, 0x0080, 0x0d20, 0x1fa0, 0x1f00, 0x0120, 0x0000,
  0x0000, 0x0000, 0x0000, 0x0000, 0x0000, 0x0000, 0x0000, 0x0000,
  0x0000, 0x0000, 0x0000, 0x0000, 0x0000, 0x0000, 0x0000, 0x0000,
  0x0000, 0x0000, 0x0000, 0x0000, 0x0000, 0x0000, 0x0000, 0x0000,
  0x0000, 0x0000, 0x0000, 0x0000, 0x0000, 0x0000, 0x0000, 0x0000,
  0x0000, 0x0000, 0x0000, 0x0000, 0x0000, 0x0000, 0x0000, 0x0000,
  0x0000, 0x0000, 0x0000, 0x0000, 0x0000, 0x0000, 0x0000, 0x0000,
  0x0000, 0x0000, 0x0000, 0x0000, 0x0000, 0x0000, 0x0000, 0x0000,
  0x0000, 0x0000, 0x0000, 0x0000, 0x0000, 0x0000, 0x0000, 0x0000,
  0x0000, 0x0000, 0x0000, 0x0000, 0x0000, 0x0000, 0x0000, 0x0000,
  0x0000, 0x0000, 0x0000, 0x0000, 0x0000, 0x0000, 0x0000, 0x0000,
  0x0000, 0x0000, 0x0000, 0x0000, 0x0000, 0x0000, 0x0000, 0x0000,
  0x0000, 0x0000, 0x0000, 0x0000, 0x0000, 0x0000, 0x0000, 0x0000,
  0x0000, 0x0000, 0x0000, 0x0000, 0x0000, 0x0000, 0x0000, 0x0000,
  0x0000, 0x0000, 0x0000, 0x0000, 0x0000, 0x0000, 0x0000, 0x0000,
  0x0000, 0x0000, 0x0000, 0x0000, 0x0000, 0x0000, 0x0000, 0x0000,
  0x0000, 0x0000, 0x0000, 0x0000, 0x0000, 0x0000, 0x0000, 0x0000,
  0x0000, 0x0000, 0x0000, 0x0000, 0x0000, 0x0000, 0x0000, 0x0000,
  0x0000, 0x0000, 0x0000, 0x0000, 0x0000, 0x0000, 0x0000, 0x0000,
  0x0000, 0x0000, 0x0000, 0x0000, 0x0000, 0x0000, 0x0000, 0x0000,
  0x0000, 0x0000, 0x0000, 0x0000, 0x0000, 0x0000, 0x0000, 0x0000,
  0x0000, 0x0800, 0xa0a0, 0xf900, 0xf8e0, 0xf8e0, 0xf8c0, 0xf8a0,
  0xf8a0, 0xf880, 0xf060, 0x0000, 0x0000, 0x0000, 0x0000, 0x0000,
  0x0000, 0x0000, 0x0000, 0x0000, 0x0000, 0x0000, 0x0000, 0x0000,
  0x0000, 0x0000, 0x0000, 0x0000, 0x0000, 0x0000, 0x0000, 0x0000,
  0x0000, 0x0000, 0x0000, 0x0000, 0x0000, 0x0000, 0x0000, 0x0000,
  0x0000, 0x0000, 0x0000, 0x0000, 0x0000, 0x0000, 0x0000, 0x0000,
  0x0000, 0x0000, 0x0000, 0x0000, 0x0000, 0x0000, 0x0000, 0x0000,
  0x0000, 0x0000, 0x0000, 0x0000, 0x0000, 0x0000, 0x0000, 0x0000,
  0x0000, 0x0000, 0x0000, 0x0000, 0x06a0, 0x07c0, 0x0fc0, 0x0fc0,
  0x0fc0, 0x17c0, 0x1740, 0x0c60, 0x0020, 0x0000, 0x0000, 0x0000,
  0x0000, 0x0000, 0x0000, 0x0000, 0x0000, 0x0000, 0x0000, 0x0000,
  0x0000, 0x0000, 0x0000, 0x0000, 0x0000, 0x0000, 0x0000, 0x0000,
  0x0000, 0x0000, 0x0000, 0x0000, 0x0000, 0x0000, 0x0000, 0x0000,
  0x0000, 0x0000, 0x0000, 0x0000, 0x0000, 0x0000, 0x0000, 0x0000,
  0x0000, 0x0000, 0x0000, 0x0000, 0x0000, 0x0000, 0x0000, 0x0000,
  0x0000, 0x0000, 0x0000, 0x0000, 0x0000, 0x0000, 0x0000, 0x0000,
  0x0000, 0x0000, 0x0000, 0x0000, 0x0000, 0x0000, 0x0000, 0x0000,
  0x0000, 0x0000, 0x0000, 0x0000, 0x0000, 0x0000, 0x0000, 0x0000,
  0x0000, 0x0000, 0x0000, 0x0000, 0x0000, 0x0000, 0x0000, 0x0000,
  0x0000, 0x0000, 0x0000, 0x0000, 0x0000, 0x0000, 0x0000, 0x0000,
  0x0000, 0x0000, 0x0000, 0x0000, 0x0000, 0x0000, 0x0000, 0x0000,
  0x0000, 0x0000, 0x0000, 0x0000, 0x0000, 0x0000, 0x0000, 0x0000,
  0x0000, 0x0000, 0x0000, 0x0000, 0x0000, 0x0000, 0x0000, 0x0000,
  0x0000, 0x0000, 0x0000, 0x0000, 0x0000, 0x0000, 0x0000, 0x0000,
  0x0000, 0x0000, 0x0000, 0x0000, 0x0000, 0x0000, 0x0000, 0x0000,
  0x0000, 0x0000, 0x0000, 0x0000, 0x0000, 0x0000, 0x0000, 0x0000,
  0x0000, 0x0000, 0x0000, 0x0000, 0x0000, 0x0000, 0x0000, 0x0000,
  0x0000, 0x0000, 0x0000, 0x0000, 0x0000, 0x0000, 0x0000, 0x0000,
  0x0000, 0x0000, 0x0000, 0x0000, 0x0000, 0x0000, 0x0000, 0x0000,
  0x0000, 0x0000, 0x0000, 0x0000, 0x0000, 0x0000, 0x0000, 0x0000,
  0x0000, 0x0000, 0x0000, 0x0000, 0x5040, 0xd0a0, 0xf8c0, 0xf8a0,
  0xf8a0, 0xf880, 0x6820, 0x0000, 0x0000, 0x0000, 0x0000, 0x0000,
  0x0000, 0x0000, 0x0000, 0x0000, 0x0000, 0x0000, 0x0000, 0x0000,
  0x0000, 0x0000, 0x0000, 0x0000, 0x0000, 0x0000, 0x0000, 0x0000,
  0x0000, 0x0000, 0x0000, 0x0000, 0x0000, 0x0000, 0x0000, 0x0000,
  0x0000, 0x0000, 0x0000, 0x0000, 0x0000, 0x0000, 0x0000, 0x0000,
  0x0000, 0x0000, 0x0000, 0x0000, 0x0000, 0x0000, 0x0000, 0x0000,
  0x0000, 0x0000, 0x0000, 0x0000, 0x0000, 0x0000, 0x0000, 0x0000,
  0x0000, 0x0000, 0x0000, 0x0000, 0x0060, 0x07c0, 0x0fc0, 0x0fc0,
  0x0e80, 0x01a0, 0x0000, 0x0000, 0x0000, 0x0000, 0x0000, 0x0000,
  0x0000, 0x0000, 0x0000, 0x0000, 0x0000, 0x0000, 0x0000, 0x0000,
  0x0000, 0x0000, 0x0000, 0x0000, 0x0000, 0x0000, 0x0000, 0x0000,
  0x0000, 0x0000, 0x0000, 0x0000, 0x0000, 0x0000, 0x0000, 0x0000,
  0x0000, 0x0000, 0x0000, 0x0000, 0x0000, 0x0000, 0x0000, 0x0000,
  0x0000, 0x0000, 0x0000, 0x0000, 0x0000, 0x0000, 0x0000, 0x0000,
  0x0000, 0x0000, 0x0000, 0x0000, 0x0000, 0x0000, 0x0000, 0x0000,
  0x0000, 0x0000, 0x0000, 0x0000, 0x0000, 0x0000, 0x0000, 0x0000,
  0x0000, 0x0000, 0x0000, 0x0000, 0x0000, 0x0000, 0x0000, 0x0000,
  0x0000, 0x0000, 0x0000, 0x0000, 0x0000, 0x0000, 0x0000, 0x0000,
  0x0000, 0x0000, 0x0000, 0x0000, 0x0000, 0x0000, 0x0000, 0x0000,
  0x0000, 0x0000, 0x0000, 0x0000, 0x0000, 0x0000, 0x0000, 0x0000,
  0x0000, 0x0000, 0x0000, 0x0000, 0x0000, 0x0000, 0x0000, 0x0000,
  0x0000, 0x0000, 0x0000, 0x0000, 0x0000, 0x0000, 0x0000, 0x0000,
  0x0000, 0x0000, 0x0000, 0x0000, 0x0000, 0x0000, 0x0000, 0x0000,
  0x0000, 0x0000, 0x0000, 0x0000, 0x0000, 0x0000, 0x0000, 0x0000,
  0x0000, 0x0000, 0x0000, 0x0000, 0x0000, 0x0000, 0x0000, 0x0000,
  0x0000, 0x0000, 0x0000, 0x0000, 0x0000, 0x0000, 0x0000, 0x0000,
  0x0000, 0x0000, 0x0000, 0x0000, 0x0000, 0x0000, 0x0000, 0x0000,
  0x0000, 0x0000, 0x0000, 0x0000, 0x0000, 0x0000, 0x0000, 0x0000,
  0x0000, 0x0000, 0x0000, 0x0000, 0x0000, 0x0000, 0x0000, 0x0000,
  0x0000, 0x0000, 0x0000, 0x0000, 0x0000, 0x0000, 0x1800, 0x8860,
  0xf8a0, 0xf880, 0x0000, 0x0000, 0x0000, 0x0000, 0x0000, 0x0000,
  0x0000, 0x0000, 0x0000, 0x0000, 0x0000, 0x0000, 0x0000, 0x0000,
  0x0000, 0x0000, 0x0000, 0x0000, 0x0000, 0x0000, 0x0000, 0x0000,
  0x0000, 0x0000, 0x0000, 0x0000, 0x0000, 0x0000, 0x0000, 0x0000,
  0x0000, 0x0000, 0x0000, 0x0000, 0x0000, 0x0000, 0x0000, 0x0000,
  0x0000, 0x0000, 0x0000, 0x0000, 0x0000, 0x0000, 0x0000, 0x0000,
  0x0000, 0x0000, 0x0000, 0x0000, 0x0000, 0x0000, 0x0000, 0x0000,
  0x0000, 0x0000, 0x0000, 0x0000, 0x0000, 0x06c0, 0x0560, 0x0000,
  0x0000, 0x0000, 0x0000, 0x0000, 0x0000, 0x0000, 0x0000, 0x0000,
  0x0000, 0x0000, 0x0000, 0x0000, 0x0000, 0x0000, 0x0000, 0x0000,
  0x0000, 0x0000, 0x0000, 0x0000, 0x0000, 0x0000, 0x0000, 0x0000,
  0x0000, 0x0000, 0x0000, 0x0000, 0x0000, 0x0000, 0x0000, 0x0000,
  0x0000, 0x0000, 0x0000, 0x0000, 0x0000, 0x0000, 0x0000, 0x0000,
  0x0000, 0x0000, 0x0000, 0x0000, 0x0000, 0x0000, 0x0000, 0x0000,
  0x0000, 0x0000, 0x0000, 0x0000, 0x0000, 0x0000, 0x0000, 0x0000,
  0x0000, 0x0000, 0x0000, 0x0000, 0x0000, 0x0000, 0x0000, 0x0000,
  0x0000, 0x0000, 0x0000, 0x0000, 0x0000, 0x0000, 0x0000, 0x0000,
  0x0000, 0x0000, 0x0000, 0x0000, 0x0000, 0x0000, 0x0000, 0x0000,
  0x0000, 0x0000, 0x0000, 0x0000, 0x0000, 0x0000, 0x0000, 0x0000,
  0x0000, 0x0000, 0x0000, 0x0000, 0x0000, 0x0000, 0x0000, 0x0000,
  0x0000, 0x0000, 0x0000, 0x0000, 0x0000, 0x0000, 0x0000, 0x0000,
  0x0000, 0x0000, 0x0000, 0x0000, 0x0000, 0x0000, 0x0000, 0x0000,
  0x0000, 0x0000, 0x0000, 0x0000, 0x0000, 0x0000, 0x0000, 0x0000,
  0x0000, 0x0000, 0x0000, 0x0000, 0x0000, 0x0000, 0x0000, 0x0000,
  0x0000, 0x0000, 0x0000, 0x0000, 0x0000, 0x0000, 0x0000, 0x0000,
  0x0000, 0x0000, 0x0000, 0x0000, 0x0000, 0x0000, 0x0000, 0x0000,
  0x0000, 0x0000, 0x0000, 0x0000, 0x0000, 0x0000, 0x0000, 0x0000,
  0x0000, 0x0000, 0x0000, 0x0000, 0x0000, 0x0000, 0x0000, 0x0000,
  0x0000, 0x0000, 0x0000, 0x0000, 0x0000, 0x0000, 0x0000, 0x0000,
  0x0000, 0x0000, 0x0000, 0x0000, 0x0000, 0x0000, 0x0000, 0x0000,
  0x0000, 0x4020, 0x0000, 0x0000, 0x0000, 0x0000, 0x0000, 0x0000,
  0x0000, 0x0000, 0x0000, 0x0000, 0x0000, 0x0000, 0x0000, 0x0000,
  0x0000, 0x0000, 0x0000, 0x0000, 0x0000, 0x0000, 0x0000, 0x0000,
  0x0000, 0x0000, 0x0000, 0x0000, 0x0000, 0x0000, 0x0000, 0x0000,
  0x0000, 0x0000, 0x0000, 0x0000, 0x0000, 0x0000, 0x0000, 0x0000,
  0x0000, 0x0000, 0x0000, 0x0000, 0x0000, 0x0000, 0x0000, 0x0000,
  0x0000, 0x0000, 0x0000, 0x0000, 0x0000, 0x0000, 0x0000, 0x0000,
  0x0000, 0x0000, 0x0000, 0x0000, 0x0000, 0x0000, 0x0000, 0x0000,
  0x0000, 0x0000, 0x0000, 0x0000, 0x0000, 0x0000, 0x0000, 0x0000,
  0x0000, 0x0000, 0x0000, 0x0000, 0x0000, 0x0000, 0x0000, 0x0000,
  0x0000, 0x0000, 0x0000, 0x0000, 0x0000, 0x0000, 0x0000, 0x0000,
  0x0000, 0x0000, 0x0000, 0x0000, 0x0000, 0x0000, 0x0000, 0x0000,
  0x0000, 0x0000, 0x0000, 0x0000, 0x0000, 0x0000, 0x0000, 0x0000,
  0x0000, 0x0000, 0x0000, 0x0000, 0x0000, 0x0000, 0x0000, 0x0000,
  0x0000, 0x0000, 0x0000, 0x0000, 0x0000, 0x0000, 0x0000, 0x0000,
  0x0000, 0x0000, 0x0000, 0x0000, 0x0000, 0x0000, 0x0000, 0x0000,
  0x0000, 0x0000, 0x0000, 0x0000, 0x0000, 0x0000, 0x0000, 0x0000,
  0x0000, 0x0000, 0x0000, 0x0000, 0x0000, 0x0000, 0x0000, 0x0000,
  0x0000, 0x0000, 0x0000, 0x0000, 0x0000, 0x0000, 0x0000, 0x0000,
  0x0000, 0x0000, 0x0000, 0x0000, 0x0000, 0x0000, 0x0000, 0x0000,
  0x0000, 0x0000, 0x0000, 0x0000, 0x0000, 0x0000, 0x0000, 0x0000,
  0x0000, 0x0000, 0x0000, 0x0000, 0x0000, 0x0000, 0x0000, 0x0000,
  0x0000, 0x0000, 0x0000, 0x0000, 0x0000, 0x0000, 0x0000, 0x0000,
  0x0000, 0x0000, 0x0000, 0x0000, 0x0000, 0x0000, 0x0000, 0x0000,
  0x0000, 0x0000, 0x0000, 0x0000, 0x0000, 0x0000, 0x0000, 0x0000,
  0x0000, 0x0000, 0x0000, 0x0000, 0x0000, 0x0000, 0x0000, 0x0000,
  0x0000, 0x0000, 0x0000, 0x0000, 0x0000, 0x0000, 0x0000, 0x0000,
  0x0000, 0x0000, 0x0000, 0x0000, 0x0000, 0x0000, 0x0000, 0x0000,
  0x0000, 0x0000, 0x0000, 0x0000, 0x0000, 0x0000, 0x0000, 0x0000,
  0x0000, 0x0000, 0x0000, 0x0000, 0x0000, 0x0000, 0x0000, 0x0000,
  0x0000, 0x0000, 0x0000, 0x0000, 0x0000, 0x0000, 0x0000, 0x0000,
  0x0000, 0x0000, 0x0000, 0x0000, 0x0000, 0x0000, 0x0000, 0x0000,
  0x0000, 0x0000, 0x0000, 0x0000, 0x0000, 0x0000, 0x0000, 0x0000,
  0x0000, 0x0000, 0x0000, 0x0000, 0x0000, 0x0000, 0x0000, 0x0000,
  0x0000, 0x0000, 0x0000, 0x0000, 0x0000, 0x0000, 0x0000, 0x0000,
  0x0000, 0x0000, 0x0000, 0x0000, 0x0000, 0x0000, 0x0000, 0x0000,
  0x0000, 0x0000, 0x0000, 0x0000, 0x0000, 0x0000, 0x0000, 0x0000,
  0x0000, 0x0000, 0x0000, 0x0000, 0x0000, 0x0000, 0x0000, 0x0000,
  0x0000, 0x0000, 0x0000, 0x0000, 0x0000, 0x0000, 0x0000, 0x0000,
  0x0000, 0x0000, 0x0000, 0x0000, 0x0000, 0x0000, 0x0000, 0x0000,
  0x0000, 0x0000, 0x0000, 0x0000, 0x0000, 0x0000, 0x0000, 0x0000,
  0x0000, 0x0000, 0x0000, 0x0000, 0x0000, 0x0000, 0x0000, 0x0000,
  0x0000, 0x0000, 0x0000, 0x0000, 0x0000, 0x0000, 0x0000, 0x0000,
  0x0000, 0x0000, 0x0000, 0x0000, 0x0000, 0x0000, 0x0000, 0x0000,
  0x0000, 0x0000, 0x0000, 0x0000, 0x0000, 0x0000, 0x0000, 0x0000,
  0x0000, 0x0000, 0x0000, 0x0000, 0x0000, 0x0000, 0x0000, 0x0000,
  0x0000, 0x0000, 0x0000, 0x0000, 0x0000, 0x0000, 0x0000, 0x0000,
  0x0000, 0x0000, 0x0000, 0x0000, 0x0000, 0x0000, 0x0000, 0x0000,
  0x0000, 0x0000, 0x0000, 0x0000, 0x0000, 0x0000, 0x0000, 0x0000,
  0x0000, 0x0000, 0x0000, 0x0000, 0x0000, 0x0000, 0x0000, 0x0000,
  0x0000, 0x0000, 0x0000, 0x0000, 0x0000, 0x0000, 0x0000, 0x0000,
  0x0000, 0x0000, 0x0000, 0x0000, 0x0000, 0x0000, 0x0000, 0x0000,
  0x0000, 0x0000, 0x0000, 0x0000, 0x0000, 0x0000, 0x0000, 0x0000,
  0x0000, 0x0000, 0x0000, 0x0000, 0x0000, 0x0000, 0x0000, 0x0000,
  0x0000, 0x0000, 0x0000, 0x0000, 0x0000, 0x0000, 0x0000, 0x0000,
  0x0000, 0x0000, 0x0000, 0x0000, 0x0000, 0x0000, 0x0000, 0x0000,
  0x0000, 0x0000, 0x0000, 0x0000, 0x0000, 0x0000, 0x0000, 0x0000,
  0x0000, 0x0000, 0x0000, 0x0000, 0x0000, 0x0000, 0x0000, 0x0000,
  0x0000, 0x0000, 0x0000, 0x0000, 0x0000, 0x0000, 0x0000, 0x0000,
  0x0000, 0x0000, 0x0000, 0x0000, 0x0000, 0x0000, 0x0000, 0x0000,
  0x0000, 0x0000, 0x0000, 0x0000, 0x0000, 0x0000, 0x0000, 0x0000,
  0x0000, 0x0000, 0x0000, 0x0000, 0x0000, 0x0000, 0x0000, 0x0000,
  0x0000, 0x0000, 0x0000, 0x0000, 0x0000, 0x0000, 0x0000, 0x0000,
  0x0000, 0x0000, 0x0000, 0x0000, 0x0000, 0x0000, 0x0000, 0x0000,
  0x0000, 0x0000, 0x0000, 0x0000, 0x0000, 0x0000, 0x0000, 0x0000,
  0x0000, 0x0000, 0x0000, 0x0000, 0x0000, 0x0000, 0x0000, 0x0000,
  0x0000, 0x0000, 0x0000, 0x0000, 0x0000, 0x0000, 0x0000, 0x0000,
  0x0000, 0x0000, 0x0000, 0x0000, 0x0000, 0x0000, 0x0000, 0x0000,
  0x0000, 0x0000, 0x0000, 0x0000, 0x0000, 0x0000, 0x0000, 0x0000,
  0x0000, 0x0000, 0x0000, 0x0000, 0x0000, 0x0000, 0x0000, 0x0000,
  0x0000, 0x0000, 0x0000, 0x0000, 0x0000, 0x0000, 0x0000, 0x0000,
  0x0000, 0x0000, 0x0000, 0x0000, 0x0000, 0x0000, 0x0000, 0x0000,
  0x0000, 0x0000, 0x0000, 0x0000, 0x0000, 0x0000, 0x0000, 0x0000,
  0x0000, 0x0000, 0x0000, 0x0000, 0x0000, 0x0000, 0x0000, 0x0000,
  0x0000, 0x0000, 0x0000, 0x0000, 0x0000, 0x0000, 0x0000, 0x0000,
  0x0000, 0x0000, 0x0000, 0x0000, 0x0000, 0x0000, 0x0000, 0x0000,
  0x0000, 0x0000, 0x0000, 0x0000, 0x0000, 0x0000, 0x0000, 0x0000,
  0x0000, 0x0000, 0x0000, 0x0000, 0x0000, 0x0000, 0x0000, 0x0000,
  0x0000, 0x0000, 0x0000, 0x0000, 0x0000, 0x0000, 0x0000, 0x0000,
  0x0000, 0x0000, 0x0000, 0x0000, 0x0000, 0x0000, 0x0000, 0x0000,
  0x0000, 0x0000, 0x0000, 0x0000, 0x0000, 0x0000, 0x0000, 0x0000,
  0x0000, 0x0000, 0x0000, 0x0000, 0x0000, 0x0000, 0x0000, 0x0000,
  0x0000, 0x0000, 0x0000, 0x0000, 0x0000, 0x0000, 0x0000, 0x0000,
  0x0000, 0x0000, 0x0000, 0x0000, 0x0000, 0x0000, 0x0000, 0x0000,
  0x0000, 0x0000, 0x0000, 0x0000, 0x0000, 0x0000, 0x0000, 0x0000,
  0x0000, 0x0000, 0x0000, 0x0000, 0x0000, 0x0000, 0x0000, 0x0000,
  0x0000, 0x0000, 0x0000, 0x0000, 0x0000, 0x0000, 0x0000, 0x0000,
  0x0000, 0x0000, 0x0000, 0x0000, 0x0000, 0x0000, 0x0000, 0x0000,
  0x0000, 0x0000, 0x0000, 0x0000, 0x0000, 0x0000, 0x0000, 0x0000,
  0x0000, 0x0000, 0x0000, 0x0000, 0x0000, 0x0000, 0x0000, 0x0000,
  0x0000, 0x0000, 0x0000, 0x0000, 0x0000, 0x0000, 0x0000, 0x0000,
  0x0000, 0x0000, 0x0000, 0x0000, 0x0000, 0x0000, 0x0000, 0x0000,
  0x0000, 0x0000, 0x0000, 0x0000, 0x0000, 0x0000, 0x0000, 0x0000,
  0x0000, 0x0000, 0x0000, 0x0000, 0x0000, 0x0000, 0x0000, 0x0000,
  0x0000, 0x0000, 0x0000, 0x0000, 0x0000, 0x0000, 0x0000, 0x0000,
  0x0000, 0x0000, 0x0000, 0x0000, 0x0000, 0x0000, 0x0000, 0x0000,
  0x0000, 0x0000, 0x0000, 0x0000, 0x0000, 0x0000, 0x0000, 0x0000,
  0x0000, 0x0000, 0x0000, 0x0000, 0x0000, 0x0000, 0x0000, 0x0000,
  0x0000, 0x0000, 0x0000, 0x0000, 0x0000, 0x0000, 0x0000, 0x0000,
  0x0000, 0x0000, 0x0000, 0x0000, 0x0000, 0x0000, 0x0000, 0x0000,
  0x0000, 0x0000, 0x0000, 0x0000, 0x0000, 0x0000, 0x0000, 0x0000,
  0x0000, 0x0000, 0x0000, 0x0000, 0x0000, 0x0000, 0x0000, 0x0000,
  0x0000, 0x0000, 0x0000, 0x0000, 0x0000, 0x0000, 0x0000, 0x0000,
  0x0000, 0x0000, 0x0000, 0x0000, 0x0000, 0x0000, 0x0000, 0x0000,
  0x0000, 0x0000, 0x0000, 0x0000, 0x0000, 0x0000, 0x0000, 0x0000,
  0x0000, 0x0000, 0x0000, 0x0000, 0x0000, 0x0000, 0x0000, 0x0000,
  0x0000, 0x0000, 0x0000, 0x0000, 0x0000, 0x0000, 0x0000, 0x0000,
  0x0000, 0x0000, 0x0000, 0x0000, 0x0000, 0x0000, 0x0000, 0x0000,
  0x0000, 0x0000, 0x0000, 0x0000, 0x0000, 0x0000, 0x0000, 0x0000,
  0x0000, 0x0000, 0x0000, 0x0000, 0x0000, 0x0000, 0x0000, 0x0000,
  0x0000, 0x0000, 0x0000, 0x0000, 0x0000, 0x0000, 0x0000, 0x0000,
  0x0000, 0x0000, 0x0000, 0x0000, 0x0000, 0x0000, 0x0000, 0x0000,
  0x0000, 0x0000, 0x0000, 0x0000, 0x0000, 0x0000, 0x0000, 0x0000,
  0x0000, 0x0000, 0x0000, 0x0000, 0x0000, 0x0000, 0x0000, 0x0000,
  0x0000, 0x0000, 0x0000, 0x0000, 0x0000, 0x0000, 0x0000, 0x0000,
  0x0000, 0x0000, 0x0000, 0x0000, 0x0000, 0x0000, 0x0000, 0x0000,
  0x0000, 0x0000, 0x0000, 0x0000, 0x0000, 0x0000, 0x0000, 0x0000,
  0x0000, 0x0000, 0x0000, 0x0000, 0x0000, 0x0000, 0x0000, 0x0000,
  0x0000, 0x0000, 0x0000, 0x0000, 0x0000, 0x0000, 0x0000, 0x0000,
  0x0000, 0x0000, 0x0000, 0x0000, 0x0000, 0x0000, 0x0000, 0x0000,
  0x0000, 0x0000, 0x0000, 0x0000, 0x0000, 0x0000, 0x0000, 0x0000,
  0x0000, 0x0000, 0x0000, 0x0000, 0x0000, 0x0000, 0x0000, 0x0000,
  0x0000, 0x0000, 0x0000, 0x0000, 0x0000, 0x0000, 0x0000, 0x0000,
  0x0000, 0x0000, 0x0000, 0x0000, 0x0000, 0x0000, 0x0000, 0x0000,
  0x0000, 0x0000, 0x0000, 0x0000, 0x0000, 0x0000, 0x0000, 0x0000,
  0x0000, 0x0000, 0x0000, 0x0000, 0x0000, 0x0000, 0x0000, 0x0000,
  0x0000, 0x0000, 0x0000, 0x0000, 0x0000, 0x0000, 0x0000, 0x0000,
  0x0000, 0x0000, 0x0000, 0x0000, 0x0000, 0x0000, 0x0000, 0x0000,
  0x0000, 0x0000, 0x0000, 0x0000, 0x0000, 0x0000, 0x0000, 0x0000,
  0x0000, 0x0000, 0x0000, 0x0000, 0x0000, 0x0000, 0x0000, 0x0000,
  0x0000, 0x0000, 0x0000, 0x0000, 0x0000, 0x0000, 0x0000, 0x0000,
  0x0000, 0x0000, 0x0000, 0x0000, 0x0000, 0x0000, 0x0000, 0x0000,
  0x0000, 0x0000, 0x0000, 0x0000, 0x0000, 0x0000, 0x0000, 0x0000,
  0x0000, 0x0000, 0x0000, 0x0000, 0x0000, 0x0000, 0x0000, 0x0000,
  0x0000, 0x0000, 0x0000, 0x0000, 0x0000, 0x0000, 0x0000, 0x0000,
  0x0000, 0x0000, 0x0000, 0x0000, 0x0000, 0x0000, 0x0000, 0x0000,
  0x0000, 0x0000, 0x0000, 0x0000, 0x0000, 0x0000, 0x0000, 0x0000,
  0x0000, 0x0000, 0x0000, 0x0000, 0x0000, 0x0000, 0x0000, 0x0000,
  0x0000, 0x0000, 0x0000, 0x0000, 0x0000, 0x0000, 0x0000, 0x0000,
  0x0000, 0x0000, 0x0000, 0x0000, 0x0000, 0x0000, 0x0000, 0x0000,
  0x0000, 0x0000, 0x0000, 0x0000, 0x0000, 0x0000, 0x0000, 0x0000,
  0x0000, 0x0000, 0x0000, 0x0000, 0x0000, 0x0000, 0x0000, 0x0000,
  0x0000, 0x0000, 0x0000, 0x0000, 0x0000, 0x0000, 0x0000, 0x0000,
  0x0000, 0x0000, 0x0000, 0x0000, 0x0000, 0x0000, 0x0000, 0x0000,
  0x0000, 0x0000, 0x0000, 0x0000, 0x0000, 0x0000, 0x0000, 0x0000,
  0x0000, 0x0000, 0x0000, 0x0000, 0x0000, 0x0000, 0x0000, 0x0000,
  0x0000, 0x0000, 0x0000, 0x0000, 0x0000, 0x0000, 0x0000, 0x0000,
  0x0000, 0x0000, 0x0000, 0x0000, 0x0000, 0x0000, 0x0000, 0x0000,
  0x0000, 0x0000, 0x0000, 0x0000, 0x0000, 0x0000, 0x0000, 0x0000,
  0x0000, 0x0000, 0x0000, 0x0000, 0x0000, 0x0000, 0x0000, 0x0000,
  0x0000, 0x0000, 0x0000, 0x0000, 0x0000, 0x0000, 0x0000, 0x0000,
  0x0000, 0x0000, 0x0000, 0x0000, 0x0000, 0x0000, 0x0000, 0x0000,
  0x0000, 0x0000, 0x0000, 0x0000, 0x0000, 0x0000, 0x0000, 0x0000,
  0x0000, 0x0000, 0x0000, 0x0000, 0x0000, 0x0000, 0x0000, 0x0000,
  0x0000, 0x0000, 0x0000, 0x0000, 0x0000, 0x0000, 0x0000, 0x0000,
  0x0000, 0x0000, 0x0000, 0x0000, 0x0000, 0x0000, 0x0000, 0x0000,
  0x0000, 0x0000, 0x0000, 0x0000, 0x0000, 0x0000, 0x0000, 0x0000,
  0x0000, 0x0000, 0x0000, 0x0000, 0x0000, 0x0000, 0x0000, 0x0000,
  0x0000, 0x0000, 0x0000, 0x0000, 0x0000, 0x0000, 0x0000, 0x0000,
  0x0000, 0x0000, 0x0000, 0x0000, 0x0000, 0x0000, 0x0000, 0x0000,
  0x0000, 0x0000, 0x0000, 0x0000, 0x0000, 0x0000, 0x0000, 0x0000,
  0x0000, 0x0000, 0x0000, 0x0000, 0x0000, 0x0000, 0x0000, 0x0000,
  0x0000, 0x0000, 0x0000, 0x0000, 0x0000, 0x0000, 0x0000, 0x0000,
  0x0000, 0x0000, 0x0000, 0x0000, 0x0000, 0x0000, 0x0000, 0x0000,
  0x0000, 0x0000, 0x0000, 0x0000, 0x0000, 0x0000, 0x0000, 0x0000,
  0x0000, 0x0000, 0x0000, 0x0000, 0x0000, 0x0000, 0x0000, 0x0000,
  0x0000, 0x0000, 0x0000, 0x0000, 0x0000, 0x0000, 0x0000, 0x0000,
  0x0000, 0x0000, 0x0000, 0x0000, 0x0000, 0x0000, 0x0000, 0x0000,
  0x0000, 0x0000, 0x0000, 0x0000, 0x0000, 0x0000, 0x0000, 0x0000,
  0x0000, 0x0000, 0x0000, 0x0000, 0x0000, 0x0000, 0x0000, 0x0000,
  0x0000, 0x0000, 0x0000, 0x0000, 0x0000, 0x0000, 0x0000, 0x0000,
  0x0000, 0x0000, 0x0000, 0x0000, 0x0000, 0x0000, 0x0000, 0x0000,
  0x0000, 0x0000, 0x0000, 0x0000, 0x0000, 0x0000, 0x0000, 0x0000,
  0x0000, 0x0000, 0x0000, 0x0000, 0x0000, 0x0000, 0x0000, 0x0000,
  0x0000, 0x0000, 0x0000, 0x0000, 0x0000, 0x0000, 0x0000, 0x0000,
  0x0000, 0x0000, 0x0000, 0x0000, 0x0000, 0x0000, 0x0000, 0x0000,
  0x0000, 0x0000, 0x0000, 0x0000, 0x0000, 0x0000, 0x0000, 0x0000,
  0x0000, 0x0000, 0x0000, 0x0000, 0x0000, 0x0000, 0x0000, 0x0000,
  0x0000, 0x0000, 0x0000, 0x0000, 0x0000, 0x0000, 0x0000, 0x0000,
  0x0000, 0x0000, 0x0000, 0x0000, 0x0000, 0x0000, 0x0000, 0x0000,
  0x0000, 0x0000, 0x0000, 0x0000, 0x0000, 0x0000, 0x0000, 0x0000,
  0x0000, 0x0000, 0x0000, 0x0000, 0x0000, 0x0000, 0x0000, 0x0000,
  0x0000, 0x0000, 0x0000, 0x0000, 0x0000, 0x0000, 0x0000, 0x0000,
  0x0000, 0x0000, 0x0000, 0x0000, 0x0000, 0x0000, 0x0000, 0x0000,
  0x0000, 0x0000, 0x0000, 0x0000, 0x0000, 0x0000, 0x0000, 0x0000,
  0x0000, 0x0000, 0x0000, 0x0000, 0x0000, 0x0000, 0x0000, 0x0000,
  0x0000, 0x0000, 0x0000, 0x0000, 0x0000, 0x0000, 0x0000, 0x0000,
  0x0000, 0x0000, 0x0000, 0x0000, 0x0000, 0x0000, 0x0000, 0x0000,
  0x0000, 0x0000, 0x0000, 0x0000, 0x0000, 0x0000, 0x0000, 0x0000,
  0x0000, 0x0000, 0x0000, 0x0000, 0x0000, 0x0000, 0x0000, 0x0000,
  0x0000, 0x0000, 0x0000, 0x0000, 0x0000, 0x0000, 0x0000, 0x0000,
  0x0000, 0x0000, 0x0000, 0x0000, 0x0000, 0x0000, 0x0000, 0x0000,
  0x0000, 0x0000, 0x0000, 0x0000, 0x0000, 0x0000, 0x0000, 0x0000,
  0x0000, 0x0000, 0x0000, 0x0000, 0x0000, 0x0000, 0x0000, 0x0000,
  0x0000, 0x0000, 0x0000, 0x0000, 0x0000, 0x0000, 0x0000, 0x0000,
  0x0000, 0x0000, 0x0000, 0x0000, 0x0000, 0x0000, 0x0000, 0x0000,
  0x0000, 0x0000, 0x0000, 0x0000, 0x0000, 0x0000, 0x0000, 0x0000,
  0x0000, 0x0000, 0x0000, 0x0000, 0x0000, 0x0000, 0x0000, 0x0000,
  0x0000, 0x0000, 0x0000, 0x0000, 0x0000, 0x0000, 0x0000, 0x0000,
  0x0000, 0x0000, 0x0000, 0x0000, 0x0000, 0x0000, 0x0000, 0x0000,
  0x0000, 0x0000, 0x0000, 0x0000, 0x0000, 0x0000, 0x0000, 0x0000,
  0x0000, 0x0000, 0x0000, 0x0000, 0x0000, 0x0000, 0x0000, 0x0000,
  0x0000, 0x0000, 0x0000, 0x0000, 0x0000, 0x0000, 0x0000, 0x0000,
  0x0000, 0x0000, 0x0000, 0x0000, 0x0000, 0x0000, 0x0000, 0x0000,
  0x0000, 0x0000, 0x0000, 0x0000, 0x0000, 0x0000, 0x0000, 0x0000,
  0x0000, 0x0000, 0x0000, 0x0000, 0x0000, 0x0000, 0x0000, 0x0000,
  0x0000, 0x0000, 0x0000, 0x0000, 0x0000, 0x0000, 0x0000, 0x0000,
  0x0000, 0x0000, 0x0000, 0x0000, 0x0000, 0x0000, 0x0000, 0x0000,
  0x0000, 0x0000, 0x0000, 0x0000, 0x0000, 0x0000, 0x0000, 0x0000,
  0x0000, 0x0000, 0x0000, 0x0000, 0x0000, 0x0000, 0x0000, 0x0000,
  0x0000, 0x0000, 0x0000, 0x0000, 0x0000, 0x0000, 0x0000, 0x0000,
  0x0000, 0x0000, 0x0000, 0x0000, 0x0000, 0x0000, 0x0000, 0x0000,
  0x0000, 0x0000, 0x0000, 0x0000, 0x0000, 0x0000, 0x0000, 0x0000,
  0x0000, 0x0000, 0x0000, 0x0000, 0x0000, 0x0000, 0x0000, 0x0000,
  0x0000, 0x0000, 0x0000, 0x0000, 0x0000, 0x0000, 0x0000, 0x0000,
  0x0000, 0x0000, 0x0000, 0x0000, 0x0000, 0x0000, 0x0000, 0x0000,
  0x0000, 0x0000, 0x0000, 0x0000, 0x0000, 0x0000, 0x0000, 0x0000,
  0x0000, 0x0000, 0x0000, 0x0000, 0x0000, 0x0000, 0x0000, 0x0000,
  0x0000, 0x0000, 0x0000, 0x0000, 0x0000, 0x0000, 0x0000, 0x0000,
  0x0000, 0x0000, 0x0000, 0x0000, 0x0000, 0x0000, 0x0000, 0x0000,
  0x0000, 0x0000, 0x0000, 0x0000, 0x0000, 0x0000, 0x0000, 0x0000,
  0x0000, 0x0000, 0x0000, 0x0000, 0x0000, 0x0000, 0x0000, 0x0000,
  0x0000, 0x0000, 0x0000, 0x0000, 0x0000, 0x0000, 0x0000, 0x0000,
  0x0000, 0x0000, 0x0000, 0x0000, 0x0000, 0x0000, 0x0000, 0x0000,
  0x0000, 0x0000, 0x0000, 0x0000, 0x0000, 0x0000, 0x0000, 0x0000,
  0x0000, 0x0000, 0x0000, 0x0000, 0x0000, 0x0000, 0x0000, 0x0000,
  0x0000, 0x0000, 0x0000, 0x0000, 0x0000, 0x0000, 0x0000, 0x0000,
  0x0000, 0x0000, 0x0000, 0x0000, 0x0000, 0x0000, 0x0000, 0x0000,
  0x0000, 0x0000, 0x0000, 0x0000, 0x0000, 0x0000, 0x0000, 0x0000,
  0x0000, 0x0000, 0x0000, 0x0000, 0x0000, 0x0000, 0x0000, 0x0000,
  0x0000, 0x0000, 0x0000, 0x0000, 0x0000, 0x0000, 0x0000, 0x0000,
  0x0000, 0x0000, 0x0000, 0x0000, 0x0000, 0x0000, 0x0000, 0x0000,
  0x0000, 0x0000, 0x0000, 0x0000, 0x0000, 0x0000, 0x0000, 0x0000,
  0x0000, 0x0000, 0x0000, 0x0000, 0x0000, 0x0000, 0x0000, 0x0000,
  0x0000, 0x0000, 0x0000, 0x0000, 0x0000, 0x0000, 0x0000, 0x0000,
  0x0000, 0x0000, 0x0000, 0x0000, 0x0000, 0x0000, 0x0000, 0x0000,
  0x0000, 0x0000, 0x0000, 0x0000, 0x0000, 0x0000, 0x0000, 0x0000,
  0x0000, 0x0000, 0x0000, 0x0000, 0x0000, 0x0000, 0x0000, 0x0000,
  0x0000, 0x0000, 0x0000, 0x0000, 0x0000, 0x0000, 0x0000, 0x0000,
  0x0000, 0x0000, 0x0000, 0x0000, 0x0000, 0x0000, 0x0000, 0x0000,
  0x0000, 0x0000, 0x0000, 0x0000, 0x0000, 0x0000, 0x0000, 0x0000,
  0x0000, 0x0000, 0x0000, 0x0000, 0x0000, 0x0000, 0x0000, 0x0000,
  0x0000, 0x0000, 0x0000, 0x0000, 0x0000, 0x0000, 0x0000, 0x0000,
  0x0000, 0x0000, 0x0000, 0x0000, 0x0000, 0x0000, 0x0000, 0x0000,
  0x0000, 0x0000, 0x0000, 0x0000, 0x0000, 0x0000, 0x0000, 0x0000,
  0x0000, 0x0000, 0x0000, 0x0000, 0x0000, 0x0000, 0x0000, 0x0000,
  0x0000, 0x0000, 0x0000, 0x0000, 0x0000, 0x0000, 0x0000, 0x0000,
  0x0000, 0x0000, 0x0000, 0x0000, 0x0000, 0x0000, 0x0000, 0x0000,
  0x0000, 0x0000, 0x0000, 0x0000, 0x0000, 0x0000, 0x0000, 0x0000,
  0x0000, 0x0000, 0x0000, 0x0000, 0x0000, 0x0000, 0x0000, 0x0000,
  0x0000, 0x0000, 0x0000, 0x0000, 0x0000, 0x0000, 0x0000, 0x0000,
  0x0000, 0x0000, 0x0000, 0x0000, 0x0000, 0x0000, 0x0000, 0x0000,
  0x0000, 0x0000, 0x0000, 0x0000, 0x0000, 0x0000, 0x0000, 0x0000,
  0x0000, 0x0000, 0x0000, 0x0000, 0x0000, 0x0000, 0x0000, 0x0000,
  0x0000, 0x0000, 0x0000, 0x0000, 0x0000, 0x0000, 0x0000, 0x0000,
  0x0000, 0x0000, 0x0000, 0x0000, 0x0000, 0x0000, 0x0000, 0x0000,
  0x0000, 0x0000, 0x0000, 0x0000, 0x0000, 0x0000, 0x0000, 0x0000,
  0x0000, 0x0000, 0x0000, 0x0000, 0x0000, 0x0000, 0x0000, 0x0000,
  0x0000, 0x0000, 0x0000, 0x0000, 0x0000, 0x0000, 0x0000, 0x0000,
  0x0000, 0x0000, 0x0000, 0x0000, 0x0000, 0x0000, 0x0000, 0x0000,
  0x0000, 0x0000, 0x0000, 0x0000, 0x0000, 0x0000, 0x0000, 0x0000,
  0x0000, 0x0000, 0x0000, 0x0000, 0x0000, 0x0000, 0x0000, 0x0000,
  0x0000, 0x0000, 0x0000, 0x0000, 0x0000, 0x0000, 0x0000, 0x0000,
  0x0000, 0x0000, 0x0000, 0x0000, 0x0000, 0x0000, 0x0000, 0x0000,
  0x0000, 0x0000, 0x0000, 0x0000, 0x0000, 0x0000, 0x0000, 0x0000,
  0x0000, 0x0000, 0x0000, 0x0000, 0x0000, 0x0000, 0x0000, 0x0000,
  0x0000, 0x0000, 0x0000, 0x0000, 0x0000, 0x0000, 0x0000, 0x0000,
  0x0000, 0x0000, 0x0000, 0x0000, 0x0000, 0x0000, 0x0000, 0x0000,
  0x0000, 0x0000, 0x0000, 0x0000, 0x0000, 0x0000, 0x0000, 0x0000,
  0x0000, 0x0000, 0x0000, 0x0000, 0x0000, 0x0000, 0x0000, 0x0000,
  0x0000, 0x0000, 0x0000, 0x0000, 0x0000, 0x0000, 0x0000, 0x0000,
  0x0000, 0x0000, 0x0000, 0x0000, 0x0000, 0x0000, 0x0000, 0x0000,
  0x0000, 0x0000, 0x0000, 0x0000, 0x0000, 0x0000, 0x0000, 0x0000,
  0x0000, 0x0000, 0x0000, 0x0000, 0x0000, 0x0000, 0x0000, 0x0000,
  0x0000, 0x0000, 0x0000, 0x0000, 0x0000, 0x0000, 0x0000, 0x0000,
  0x0000, 0x0000, 0x0000, 0x0000, 0x0000, 0x0000, 0x0000, 0x0000,
  0x0000, 0x0000, 0x0000, 0x0000, 0x0000, 0x0000, 0x0000, 0x0000,
  0x0000, 0x0000, 0x0000, 0x0000, 0x0000, 0x0000, 0x0000, 0x0000,
  0x0000, 0x0000, 0x0000, 0x0000, 0x0000, 0x0000, 0x0000, 0x0000,
  0x0000, 0x0000, 0x0000, 0x0000, 0x0000, 0x0000, 0x0000, 0x0000,
  0x0000, 0x0000, 0x0000, 0x0000, 0x0000, 0x0000, 0x0000, 0x0000,
  0x0000, 0x0000, 0x0000, 0x0000, 0x0000, 0x0000, 0x0000, 0x0000,
  0x0000, 0x0000, 0x0000, 0x0000, 0x0000, 0x0000, 0x0000, 0x0000,
  0x0000, 0x0000, 0x0000, 0x0000, 0x0000, 0x0000, 0x0000, 0x0000,
  0x0000, 0x0000, 0x0000, 0x0000, 0x0000, 0x0000, 0x0000, 0x0000,
  0x0000, 0x0000, 0x0000, 0x0000, 0x0000, 0x0000, 0x0000, 0x0000,
  0x0000, 0x0000, 0x0000, 0x0000, 0x0000, 0x0000, 0x0000, 0x0000,
  0x0000, 0x0000, 0x0000, 0x0000, 0x0000, 0x0000, 0x0000, 0x0000,
  0x0000, 0x0000, 0x0000, 0x0000, 0x0000, 0x0000, 0x0000, 0x0000,
  0x0000, 0x0000, 0x0000, 0x0000, 0x0000, 0x0000, 0x0000, 0x0000,
  0x0000, 0x0000, 0x0000, 0x0000, 0x0000, 0x0000, 0x0000, 0x0000,
  0x0000, 0x0000, 0x0000, 0x0000, 0x0000, 0x0000, 0x0000, 0x0000,
  0x0000, 0x0000, 0x0000, 0x0000, 0x0000, 0x0000, 0x0000, 0x0000,
  0x0000, 0x0000, 0x0000, 0x0000, 0x0000, 0x0000, 0x0000, 0x0000,
  0x0000, 0x0000, 0x0000, 0x0000, 0x0000, 0x0000, 0x0000, 0x0000,
  0x0000, 0x0000, 0x0000, 0x0000, 0x0000, 0x0000, 0x0000, 0x0000,
  0x0000, 0x0000, 0x0000, 0x0000, 0x0000, 0x0000, 0x0000, 0x0000,
  0x0000, 0x0000, 0x0000, 0x0000, 0x0000, 0x0000, 0x0000, 0x0000,
  0x0000, 0x0000, 0x0000, 0x0000, 0x0000, 0x0000, 0x0000, 0x0000,
  0x0000, 0x0000, 0x0000, 0x0000, 0x0000, 0x0000, 0x0000, 0x0000,
  0x0000, 0x0000, 0x0000, 0x0000, 0x0000, 0x0000, 0x0000, 0x0000,
  0x0000, 0x0000, 0x0000, 0x0000, 0x0000, 0x0000, 0x0000, 0x0000,
  0x0000, 0x0000, 0x0000, 0x0000, 0x0000, 0x0000, 0x0000, 0x0000,
  0x0000, 0x0000, 0x0000, 0x0000, 0x0000, 0x0000, 0x0000, 0x0000,
  0x0000, 0x0000, 0x0000, 0x0000, 0x0000, 0x0000, 0x0000, 0x0000,
  0x0000, 0x0000, 0x0000, 0x0000, 0x0000, 0x0000, 0x0000, 0x0000,
  0x0000, 0x0000, 0x0000, 0x0000, 0x0000, 0x0000, 0x0000, 0x0000,
  0x0000, 0x0000, 0x0000, 0x0000, 0x0000, 0x0000, 0x0000, 0x0000,
  0x0000, 0x0000, 0x0000, 0x0000, 0x0000, 0x0000, 0x0000, 0x0000,
  0x0000, 0x0000, 0x0000, 0x0000, 0x0000, 0x0000, 0x0000, 0x0000,
  0x0000, 0x0000, 0x0000, 0x0000, 0x0000, 0x0000, 0x0000, 0x0000,
  0x0000, 0x0000, 0x0000, 0x0000, 0x0000, 0x0000, 0x0000, 0x0000,
  0x0000, 0x0000, 0x0000, 0x0000, 0x0000, 0x0000, 0x0000, 0x0000,
  0x0000, 0x0000, 0x0000, 0x0000, 0x0000, 0x0000, 0x0000, 0x0000,
  0x0000, 0x0000, 0x0000, 0x0000, 0x0000, 0x0000, 0x0000, 0x0000,
  0x0000, 0x0000, 0x0000, 0x0000, 0x0000, 0x0000, 0x0000, 0x0000,
  0x0000, 0x0000, 0x0000, 0x0000, 0x0000, 0x0000, 0x0000, 0x0000,
  0x0000, 0x0000, 0x0000, 0x0000, 0x0000, 0x0000, 0x0000, 0x0000,
  0x0000, 0x0000, 0x0000, 0x0000, 0x0000, 0x0000, 0x0000, 0x0000,
  0x0000, 0x0000, 0x0000, 0x0000, 0x0000, 0x0000, 0x0000, 0x0000,
  0x0000, 0x0000, 0x0000, 0x0000, 0x0000, 0x0000, 0x0000, 0x0000,
  0x0000, 0x0000, 0x0000, 0x0000, 0x0000, 0x0000, 0x0000, 0x0000,
  0x0000, 0x0000, 0x0000, 0x0000, 0x0000, 0x0000, 0x0000, 0x0000,
  0x0000, 0x0000, 0x0000, 0x0000, 0x0000, 0x0000, 0x0000, 0x0000,
  0x0000, 0x0000, 0x0000, 0x0000, 0x0000, 0x0000, 0x0000, 0x0000,
  0x0000, 0x0000, 0x0000, 0x0000, 0x0000, 0x0000, 0x0000, 0x0000,
  0x0000, 0x0000, 0x0000, 0x0000, 0x0000, 0x0000, 0x0000, 0x0000,
  0x0000, 0x0000, 0x0000, 0x0000, 0x0000, 0x0000, 0x0000, 0x0000,
  0x0000, 0x0000, 0x0000, 0x0000, 0x0000, 0x0000, 0x0000, 0x0000,
  0x0000, 0x0000, 0x0000, 0x0000, 0x0000, 0x0000, 0x0000, 0x0000,
  0x0000, 0x0000, 0x0000, 0x0000, 0x0000, 0x0000, 0x0000, 0x0000,
  0x0000, 0x0000, 0x0000, 0x0000, 0x0000, 0x0000, 0x0000, 0x0000,
  0x0000, 0x0000, 0x0000, 0x0000, 0x0000, 0x0000, 0x0000, 0x0000,
  0x0000, 0x0000, 0x0000, 0x0000, 0x0000, 0x0000, 0x0000, 0x0000,
  0x0000, 0x0000, 0x0000, 0x0000, 0x0000, 0x0000, 0x0000, 0x0000,
  0x0000, 0x0000, 0x0000, 0x0000, 0x0000, 0x0000, 0x0000, 0x0000,
  0x0000, 0x0000, 0x0000, 0x0000, 0x0000, 0x0000, 0x0000, 0x0000,
  0x0000, 0x0000, 0x0000, 0x0000, 0x0000, 0x0000, 0x0000, 0x0000,
  0x0000, 0x0000, 0x0000, 0x0000, 0x0000, 0x0000, 0x0000, 0x0000,
  0x0000, 0x0000, 0x0000, 0x0000, 0x0000, 0x0000, 0x0000, 0x0000,
  0x0000, 0x0000, 0x0000, 0x0000, 0x0000, 0x0000, 0x0000, 0x0000,
  0x0000, 0x0000, 0x0000, 0x0000, 0x0000, 0x0000, 0x0000, 0x0000,
  0x0000, 0x0000, 0x0000, 0x0000, 0x0000, 0x0000, 0x0000, 0x0000,
  0x0000, 0x0000, 0x0000, 0x0000, 0x0000, 0x0000, 0x0000, 0x0000,
  0x0000, 0x0000, 0x0000, 0x0000, 0x0000, 0x0000, 0x0000, 0x0000,
  0x0000, 0x0000, 0x0000, 0x0000, 0x0000, 0x0000, 0x0000, 0x0000,
  0x0000, 0x0000, 0x0000, 0x0000, 0x0000, 0x0000, 0x0000, 0x0000,
  0x0000, 0x0000, 0x0000, 0x0000, 0x0000, 0x0000, 0x0000, 0x0000,
  0x0000, 0x0000, 0x0000, 0x0000, 0x0000, 0x0000, 0x0000, 0x0000,
  0x0000, 0x0000, 0x0000, 0x0000, 0x0000, 0x0000, 0x0000, 0x0000,
  0x0000, 0x0000, 0x0000, 0x0000, 0x0000, 0x0000, 0x0000, 0x0000,
  0x0000, 0x0000, 0x0000, 0x0000, 0x0000, 0x0000, 0x0000, 0x0000,
  0x0000, 0x0000, 0x0000, 0x0000, 0x0000, 0x0000, 0x0000, 0x0000,
  0x0000, 0x0000, 0x0000, 0x0000, 0x0000, 0x0000, 0x0000, 0x0000,
  0x0000, 0x0000, 0x0000, 0x0000, 0x0000, 0x0000, 0x0000, 0x0000,
  0x0000, 0x0000, 0x0000, 0x0000, 0x0000, 0x0000, 0x0000, 0x0000,
  0x0000, 0x0000, 0x0000, 0x0000, 0x0000, 0x0000, 0x0000, 0x0000,
  0x0000, 0x0000, 0x0000, 0x0000, 0x0000, 0x0000, 0x0000, 0x0000,
  0x0000, 0x0000, 0x0000, 0x0000, 0x0000, 0x0000, 0x0000, 0x0000,
  0x0000, 0x0000, 0x0000, 0x0000, 0x0000, 0x0000, 0x0000, 0x0000,
  0x0000, 0x0000, 0x0000, 0x0000, 0x0000, 0x0000, 0x0000, 0x0000,
  0x0000, 0x0000, 0x0000, 0x0000, 0x0000, 0x0000, 0x0000, 0x0000,
  0x0000, 0x0000, 0x0000, 0x0000, 0x0000, 0x0000, 0x0000, 0x0000,
  0x0000, 0x0000, 0x0000, 0x0000, 0x0000, 0x0000, 0x0000, 0x0000,
  0x0000, 0x0000, 0x0000, 0x0000, 0x0000, 0x0000, 0x0000, 0x0000,
  0x0000, 0x0000, 0x0000, 0x0000, 0x0000, 0x0000, 0x0000, 0x0000,
  0x0000, 0x0000, 0x0000, 0x0000, 0x0000, 0x0000, 0x0000, 0x0000,
  0x0000, 0x0000, 0x0000, 0x0000, 0x0000, 0x0000, 0x0000, 0x0000,
  0x0000, 0x0000, 0x0000, 0x0000, 0x0000, 0x0000, 0x0000, 0x0000,
  0x0000, 0x0000, 0x0000, 0x0000, 0x0000, 0x0000, 0x0000, 0x0000,
  0x0000, 0x0000, 0x0000, 0x0000, 0x0000, 0x0000, 0x0000, 0x0000,
  0x0000, 0x0000, 0x0000, 0x0000, 0x0000, 0x0000, 0x0000, 0x0000,
  0x0000, 0x0000, 0x0000, 0x0000, 0x0000, 0x0000, 0x0000, 0x0000,
  0x0000, 0x0000, 0x0000, 0x0000, 0x0000, 0x0000, 0x0000, 0x0000,
  0x0000, 0x0000, 0x0000, 0x0000, 0x0000, 0x0000, 0x0000, 0x0000,
  0x0000, 0x0000, 0x0000, 0x0000, 0x0000, 0x0000, 0x0000, 0x0000,
  0x0000, 0x0000, 0x0000, 0x0000, 0x0000, 0x0000, 0x0000, 0x0000,
  0x0000, 0x0000, 0x0000, 0x0000, 0x0000, 0x0000, 0x0000, 0x0000,
  0x0000, 0x0000, 0x0000, 0x0000, 0x0000, 0x0000, 0x0000, 0x0000,
  0x0000, 0x0000, 0x0000, 0x0000, 0x0000, 0x0000, 0x0000, 0x0000,
  0x0000, 0x0000, 0x0000, 0x0000, 0x0000, 0x0000, 0x0000, 0x0000,
  0x0000, 0x0000, 0x0000, 0x0000, 0x0000, 0x0000, 0x0000, 0x0000,
  0x0000, 0x0000, 0x0000, 0x0000, 0x0000, 0x0000, 0x0000, 0x0000,
  0x0000, 0x0000, 0x0000, 0x0000, 0x0000, 0x0000, 0x0000, 0x0000,
  0x0000, 0x0000, 0x0000, 0x0000, 0x0000, 0x0000, 0x0000, 0x0000,
  0x0000, 0x0000, 0x0000, 0x0000, 0x0000, 0x0000, 0x0000, 0x0000,
  0x0000, 0x0000, 0x0000, 0x0000, 0x0000, 0x0000, 0x0000, 0x0000,
  0x0000, 0x0000, 0x0000, 0x0000, 0x0000, 0x0000, 0x0000, 0x0000,
  0x0000, 0x0000, 0x0000, 0x0000, 0x0000, 0x0000, 0x0000, 0x0000,
  0x0000, 0x0000, 0x0000, 0x0000, 0x0000, 0x0000, 0x0000, 0x0000,
  0x0000, 0x0000, 0x0000, 0x0000, 0x0000, 0x0000, 0x0000, 0x0000,
  0x0000, 0x0000, 0x0000, 0x0000, 0x0000, 0x0000, 0x0000, 0x0000,
  0x0000, 0x0000, 0x0000, 0x0000, 0x0000, 0x0000, 0x0000, 0x0000,
  0x0000, 0x0000, 0x0000, 0x0000, 0x0000, 0x0000, 0x0000, 0x0000,
  0x0000, 0x0000, 0x0000, 0x0000, 0x0000, 0x0000, 0x0000, 0x0000,
  0x0000, 0x0000, 0x0000, 0x0000, 0x0000, 0x0000, 0x0000, 0x0000,
  0x0000, 0x0000, 0x0000, 0x0000, 0x0000, 0x0000, 0x0000, 0x0000,
  0x0000, 0x0000, 0x0000, 0x0000, 0x0000, 0x0000, 0x0000, 0x0000,
  0x0000, 0x0000, 0x0000, 0x0000, 0x0000, 0x0000, 0x0000, 0x0000,
  0x0000, 0x0000, 0x0000, 0x0000, 0x0000, 0x0000, 0x0000, 0x0000,
  0x0000, 0x0000, 0x0000, 0x0000, 0x0000, 0x0000, 0x0000, 0x0000,
  0x0000, 0x0000, 0x0000, 0x0000, 0x0000, 0x0000, 0x0000, 0x0000,
  0x0000, 0x0000, 0x0000, 0x0000, 0x0000, 0x0000, 0x0000, 0x0000,
  0x0000, 0x0000, 0x0000, 0x0000, 0x0000, 0x0000, 0x0000, 0x0000,
  0x0000, 0x0000, 0x0000, 0x0000, 0x0000, 0x0000, 0x0000, 0x0000,
  0x0000, 0x0000, 0x0000, 0x0000, 0x0000, 0x0000, 0x0000, 0x0000,
  0x0000, 0x0000, 0x0000, 0x0000, 0x0000, 0x0000, 0x0000, 0x0000,
  0x0000, 0x0000, 0x0000, 0x0000, 0x0000, 0x0000, 0x0000, 0x0000,
  0x0000, 0x0000, 0x0000, 0x0000, 0x0000, 0x0000, 0x0000, 0x0000,
  0x0000, 0x0000, 0x0000, 0x0000, 0x0000, 0x0000, 0x0000, 0x0000,
  0x0000, 0x0000, 0x0000, 0x0000, 0x0000, 0x0000, 0x0000, 0x0000,
  0x0000, 0x0000, 0x0000, 0x0000, 0x0000, 0x0000, 0x0000, 0x0000,
  0x0000, 0x0000, 0x0000, 0x0000, 0x0000, 0x0000, 0x0000, 0x0000,
  0x0000, 0x0000, 0x0000, 0x0000, 0x0000, 0x0000, 0x0000, 0x0000,
  0x0000, 0x0000, 0x0000, 0x0000, 0x0000, 0x0000, 0x0000, 0x0000,
  0x0000, 0x0000, 0x0000, 0x0000, 0x0000, 0x0000, 0x0000, 0x0000,
  0x0000, 0x0000, 0x0000, 0x0000, 0x0000, 0x0000, 0x0000, 0x0000,
  0x0000, 0x0000, 0x0000, 0x0000, 0x0000, 0x0000, 0x0000, 0x0000,
  0x0000, 0x0000, 0x0000, 0x0000, 0x0000, 0x0000, 0x0000, 0x0000,
  0x0000, 0x0000, 0x0000, 0x0000, 0x0000, 0x0000, 0x0000, 0x0000,
  0x0000, 0x0000, 0x0000, 0x0000, 0x0000, 0x0000, 0x0000, 0x0000,
  0x0000, 0x0000, 0x0000, 0x0000, 0x0000, 0x0000, 0x0000, 0x0000,
  0x0000, 0x0000, 0x0000, 0x0000, 0x0000, 0x0000, 0x0000, 0x0000,
  0x0000, 0x0000, 0x0000, 0x0000, 0x0000, 0x0000, 0x0000, 0x0000,
  0x0000, 0x0000, 0x0000, 0x0000, 0x0000, 0x0000, 0x0000, 0x0000,
  0x0000, 0x0000, 0x0000, 0x0000, 0x0000, 0x0000, 0x0000, 0x0000,
  0x0000, 0x0000, 0x0000, 0x0000, 0x0000, 0x0000, 0x0000, 0x0000,
  0x0000, 0x0000, 0x0000, 0x0000, 0x0000, 0x0000, 0x0000, 0x0000,
  0x0000, 0x0000, 0x0000, 0x0000, 0x0000, 0x0000, 0x0000, 0x0000,
  0x0000, 0x0000, 0x0000, 0x0000, 0x0000, 0x0000, 0x0000, 0x0000,
  0x0000, 0x0000, 0x0000, 0x0000, 0x0000, 0x0000, 0x0000, 0x0000,
  0x0000, 0x0000, 0x0000, 0x0000, 0x0000, 0x0000, 0x0000, 0x0000,
  0x0000, 0x0000, 0x0000, 0x0000, 0x0000, 0x0000, 0x0000, 0x0000,
  0x0000, 0x0000, 0x0000, 0x0000, 0x0000, 0x0000, 0x0000, 0x0000,
  0x0000, 0x0000, 0x0000, 0x0000, 0x0000, 0x0000, 0x0000, 0x0000,
  0x0000, 0x0000, 0x0000, 0x0000, 0x0000, 0x0000, 0x0000, 0x0000,
  0x0000, 0x0000, 0x0000, 0x0000, 0x0000, 0x0000, 0x0000, 0x0000,
  0x0000, 0x0000, 0x0000, 0x0000, 0x0000, 0x0000, 0x0000, 0x0000,
  0x0000, 0x0000, 0x0000, 0x0000, 0x0000, 0x0000, 0x0000, 0x0000,
  0x0000, 0x0000, 0x0000, 0x0000, 0x0000, 0x0000, 0x0000, 0x0000,
  0x0000, 0x0000, 0x0000, 0x0000, 0x0000, 0x0000, 0x0000, 0x0000,
  0x0000, 0x0000, 0x0000, 0x0000, 0x0000, 0x0000, 0x0000, 0x0000,
  0x0000, 0x0000, 0x0000, 0x0000, 0x0000, 0x0000, 0x0000, 0x0000,
  0x0000, 0x0000, 0x0000, 0x0000, 0x0000, 0x0000, 0x0000, 0x0000,
  0x0000, 0x0000, 0x0000, 0x0000, 0x0000, 0x0000, 0x0000, 0x0000,
  0x0000, 0x0000, 0x0000, 0x0000, 0x0000, 0x0000, 0x0000, 0x0000,
  0x0000, 0x0000, 0x0000, 0x0000, 0x0000, 0x0000, 0x0000, 0x0000,
  0x0000, 0x0000, 0x0000, 0x0000, 0x0000, 0x0000, 0x0000, 0x0000,
  0x0000, 0x0000, 0x0000, 0x0000, 0x0000, 0x0000, 0x0000, 0x0000,
  0x0000, 0x0000, 0x0000, 0x0000, 0x0000, 0x0000, 0x0000, 0x0000,
  0x0000, 0x0000, 0x0000, 0x0000, 0x0000, 0x0000, 0x0000, 0x0000,
  0x0000, 0x0000, 0x0000, 0x0000, 0x0000, 0x0000, 0x0000, 0x0000,
  0x0000, 0x0000, 0x0000, 0x0000, 0x0000, 0x0000, 0x0000, 0x0000,
  0x0000, 0x0000, 0x0000, 0x0000, 0x0000, 0x0000, 0x0000, 0x0000,
  0x0000, 0x0000, 0x0000, 0x0000, 0x0000, 0x0000, 0x0000, 0x0000,
  0x0000, 0x0000, 0x0000, 0x0000, 0x0000, 0x0000, 0x0000, 0x0000,
  0x0000, 0x0000, 0x0000, 0x0000, 0x0000, 0x0000, 0x0000, 0x0000,
  0x0000, 0x0000, 0x0000, 0x0000, 0x0000, 0x0000, 0x0000, 0x0000,
  0x0000, 0x0000, 0x0000, 0x0000, 0x0000, 0x0000, 0x0000, 0x0000,
  0x0000, 0x0000, 0x0000, 0x0000, 0x0000, 0x0000, 0x0000, 0x0000,
  0x0000, 0x0000, 0x0000, 0x0000, 0x0000, 0x0000, 0x0000, 0x0000,
  0x0000, 0x0000, 0x0000, 0x0000, 0x0000, 0x0000, 0x0000, 0x0000,
  0x0000, 0x0000, 0x0000, 0x0000, 0x0000, 0x0000, 0x0000, 0x0000,
  0x0000, 0x0000, 0x0000, 0x0000, 0x0000, 0x0000, 0x0000, 0x0000,
  0x0000, 0x0000, 0x0000, 0x0000, 0x0000, 0x0000, 0x0000, 0x0000,
  0x0000, 0x0000, 0x0000, 0x0000, 0x0000, 0x0000, 0x0000, 0x0000,
  0x0000, 0x0000, 0x0000, 0x0000, 0x0000, 0x0000, 0x0000, 0x0000,
  0x0000, 0x0000, 0x0000, 0x0000, 0x0000, 0x0000, 0x0000, 0x0000,
  0x0000, 0x0000, 0x0000, 0x0000, 0x0000, 0x0000, 0x0000, 0x0000,
  0x0000, 0x0000, 0x0000, 0x0000, 0x0000, 0x0000, 0x0000, 0x0000,
  0x0000, 0x0000, 0x0000, 0x0000, 0x0000, 0x0000, 0x0000, 0x0000,
  0x0000, 0x0000, 0x0000, 0x0000, 0x0000, 0x0000, 0x0000, 0x0000,
  0x0000, 0x0000, 0x0000, 0x0000, 0x0000, 0x0000, 0x0000, 0x0000,
  0x0000, 0x0000, 0x0000, 0x0000, 0x0000, 0x0000, 0x0000, 0x0000,
  0x0000, 0x0000, 0x0000, 0x0000, 0x0000, 0x0000, 0x0000, 0x0000,
  0x0000, 0x0000, 0x0000, 0x0000, 0x0000, 0x0000, 0x0000, 0x0000,
  0x0000, 0x0000, 0x0000, 0x0000, 0x0000, 0x0000, 0x0000, 0x0000,
  0x0000, 0x0000, 0x0000, 0x0000, 0x0000, 0x0000, 0x0000, 0x0000,
  0x0000, 0x0000, 0x0000, 0x0000, 0x0000, 0x0000, 0x0000, 0x0000,
  0x0000, 0x0000, 0x0000, 0x0000, 0x0000, 0x0000, 0x0000, 0x0000,
  0x0000, 0x0000, 0x0000, 0x0000, 0x0000, 0x0000, 0x0000, 0x0000,
  0x0000, 0x0000, 0x0000, 0x0000, 0x0000, 0x0000, 0x0000, 0x0000,
  0x0000, 0x0000, 0x0000, 0x0000, 0x0000, 0x0000, 0x0000, 0x0000,
  0x0000, 0x0000, 0x0000, 0x0000, 0x0000, 0x0000, 0x0000, 0x0000,
  0x0000, 0x0000, 0x0000, 0x0000, 0x0000, 0x0000, 0x0000, 0x0000,
  0x0000, 0x0000, 0x0000, 0x0000, 0x0000, 0x0000, 0x0000, 0x0000,
  0x0000, 0x0000, 0x0000, 0x0000, 0x0000, 0x0000, 0x0000, 0x0000,
  0x0000, 0x0000, 0x0000, 0x0000, 0x0000, 0x0000, 0x0000, 0x0000,
  0x0000, 0x0000, 0x0000, 0x0000, 0x0000, 0x0000, 0x0000, 0x0000,
  0x0000, 0x0000, 0x0000, 0x0000, 0x0000, 0x0000, 0x0000, 0x0000,
  0x0000, 0x0000, 0x0000, 0x0000, 0x0000, 0x0000, 0x0000, 0x0000,
  0x0000, 0x0000, 0x0000, 0x0000, 0x0000, 0x0000, 0x0000, 0x0000,
  0x0000, 0x0000, 0x0000, 0x0000, 0x0000, 0x0000, 0x0000, 0x0000,
  0x0000, 0x0000, 0x0000, 0x0000, 0x0000, 0x0000, 0x0000, 0x0000,
  0x0000, 0x0000, 0x0000, 0x0000, 0x0000, 0x0000, 0x0000, 0x0000,
  0x0000, 0x0000, 0x0000, 0x0000, 0x0000, 0x0000, 0x0000, 0x0000,
  0x0000, 0x0000, 0x0000, 0x0000, 0x0000, 0x0000, 0x0000, 0x0000,
  0x0000, 0x0000, 0x0000, 0x0000, 0x0000, 0x0000, 0x0000, 0x0000,
  0x0000, 0x0000, 0x0000, 0x0000, 0x0000, 0x0000, 0x0000, 0x0000,
  0x0000, 0x0000, 0x0000, 0x0000, 0x0000, 0x0000, 0x0000, 0x0000,
  0x0000, 0x0000, 0x0000, 0x0000, 0x0000, 0x0000, 0x0000, 0x0000,
  0x0000, 0x0000, 0x0000, 0x0000, 0x0000, 0x0000, 0x0000, 0x0000,
  0x0000, 0x0000, 0x0000, 0x0000, 0x0000, 0x0000, 0x0000, 0x0000,
  0x0000, 0x0000, 0x0000, 0x0000, 0x0000, 0x0000, 0x0000, 0x0000,
  0x0000, 0x0000, 0x0000, 0x0000, 0x0000, 0x0000, 0x0000, 0x0000,
  0x0000, 0x0000, 0x0000, 0x0000, 0x0000, 0x0000, 0x0000, 0x0000,
  0x0000, 0x0000, 0x0000, 0x0000, 0x0000, 0x0000, 0x0000, 0x0000,
  0x0000, 0x0000, 0x0000, 0x0000, 0x0000, 0x0000, 0x0000, 0x0000,
  0x0000, 0x0000, 0x0000, 0x0000, 0x0000, 0x0000, 0x0000, 0x0000,
  0x0000, 0x0000, 0x0000, 0x0000, 0x0000, 0x0000, 0x0000, 0x0000,
  0x0000, 0x0000, 0x0000, 0x0000, 0x0000, 0x0000, 0x0000, 0x0000,
  0x0000, 0x0000, 0x0000, 0x0000, 0x0000, 0x0000, 0x0000, 0x0000,
  0x0000, 0x0000, 0x0000, 0x0000, 0x0000, 0x0000, 0x0000, 0x0000,
  0x0000, 0x0000, 0x0000, 0x0000, 0x0000, 0x0000, 0x0000, 0x0000
  };
